Angle,V_bus,V_shunt,current,time,Angle.1,V_bus.1,V_shunt.1,current.1,time.1,Angle.2,V_bus.2,V_shunt.2,current.2,time.2,Angle.3,V_bus.3,V_shunt.3,current.3,time.3,Angle.4,V_bus.4,V_shunt.4,current.4,time.4,Angle.5,V_bus.5,V_shunt.5,current.5,time.5,Angle.6,V_bus.6,V_shunt.6,current.6,time.6,Angle.7,V_bus.7,V_shunt.7,current.7,time.7,Angle.8,V_bus.8,V_shunt.8,current.8,time.8,Angle.9,V_bus.9,V_shunt.9,current.9,time.9,Angle.10,V_bus.10,V_shunt.10,current.10,time.10,Angle.11,V_bus.11,V_shunt.11,current.11,time.11,Angle.12,V_bus.12,V_shunt.12,current.12,time.12,Angle.13,V_bus.13,V_shunt.13,current.13,time.13,Angle.14,V_bus.14,V_shunt.14,current.14,time.14,Angle.15,V_bus.15,V_shunt.15,current.15,time.15,Angle.16,V_bus.16,V_shunt.16,current.16,time.16,Angle.17,V_bus.17,V_shunt.17,current.17,time.17,Angle.18,V_bus.18,V_shunt.18,current.18,time.18,Angle.19,V_bus.19,V_shunt.19,current.19,time.19,Angle.20,V_bus.20,V_shunt.20,current.20,time.20,Angle.21,V_bus.21,V_shunt.21,current.21,time.21,Angle.22,V_bus.22,V_shunt.22,current.22,time.22,Angle.23,V_bus.23,V_shunt.23,current.23,time.23,Angle.24,V_bus.24,V_shunt.24,current.24,time.24,Angle.25,V_bus.25,V_shunt.25,current.25,time.25,Angle.26,V_bus.26,V_shunt.26,current.26,time.26,Angle.27,V_bus.27,V_shunt.27,current.27,time.27,Angle.28,V_bus.28,V_shunt.28,current.28,time.28,Angle.29,V_bus.29,V_shunt.29,current.29,time.29,Angle.30,V_bus.30,V_shunt.30,current.30,time.30,Angle.31,V_bus.31,V_shunt.31,current.31,time.31,Angle.32,V_bus.32,V_shunt.32,current.32,time.32,Angle.33,V_bus.33,V_shunt.33,current.33,time.33,Angle.34,V_bus.34,V_shunt.34,current.34,time.34,Angle.35,V_bus.35,V_shunt.35,current.35,time.35,Angle,V_bus,V_shunt,current,time
146.6,9.48,0.03,0.2,0.9293363094329834,161.19,0.36,2.26,22.5,0.9317455291748048,161.02,0.3,8.83,87.9,0.9324169158935548,331.08,7.74,16.51,108.1,0.929213523864746,333.98,0.0,14.08,72.3,0.931882381439209,354.99,3.44,7.29,80.5,0.9325780868530272,217.53,3.3,12.39,75.4,0.9318432807922364,316.14,12.97,13.48,161.9,0.9360949993133544,159.43,3.34,11.0,96.5,0.9298305511474608,209.44,0.28,12.12,84.6,0.9327855110168456,34.98,0.14,12.33,85.1,0.9309334754943848,235.99,11.71,15.97,89.3,0.937763214111328,31.46,5.04,11.15,124.8,0.9309399127960204,263.06,1.93,7.78,192.9,0.9338390827178956,81.12,12.84,19.57,121.8,0.934372901916504,125.07,0.0,9.35,78.7,0.9320242404937744,314.3,12.23,10.28,107.0,0.9361910820007324,349.1,0.0,12.24,158.7,0.9356191158294678,327.04,9.2,10.59,158.6,0.933912754058838,9.76,10.65,13.62,101.8,0.9307794570922852,82.27,2.67,13.72,174.6,0.9314091205596924,23.99,11.76,13.69,143.1,0.93062424659729,30.41,3.38,12.23,107.2,0.9299688339233398,340.4,11.36,11.5,164.3,0.9356920719146729,307.35,0.06,15.71,118.4,0.9332704544067384,243.02,4.1,15.94,115.4,0.9313204288482666,296.46,0.0,10.44,145.3,0.9336938858032228,337.32,10.27,14.98,141.2,0.9348211288452148,263.14,2.35,17.19,144.1,0.9348583221435548,109.86,0.87,14.32,137.5,0.9320595264434814,243.02,0.74,15.25,136.1,0.9302754402160645,223.15,2.96,16.57,152.4,0.9327902793884276,219.38,0.0,10.94,98.2,0.9274849891662598,135.09,11.77,16.64,155.1,0.9311254024505616,344.36,0.0,13.31,177.6,0.931894063949585,,,,,,,,,,
146.6,3.07,0.02,0.2,0.9533536434173584,161.19,9.94,2.24,22.6,0.9610838890075684,160.93,12.14,8.8,88.0,0.9562258720397948,329.85,7.02,8.16,54.6,0.957808256149292,331.96,0.2,8.48,170.7,0.9564666748046876,352.09,0.0,6.6,71.8,0.9579203128814696,213.93,10.53,10.49,161.3,0.961050033569336,311.57,6.17,11.93,95.4,0.9599902629852296,154.07,0.0,7.24,122.6,0.9536354541778564,203.12,9.16,13.79,110.3,0.9572408199310304,27.6,4.88,14.33,130.6,0.9543981552124025,227.29,3.17,6.2,152.6,0.9620404243469238,21.97,0.0,10.21,114.7,0.9593074321746826,252.77,11.41,9.56,112.7,0.9620003700256348,69.61,5.71,7.77,138.3,0.9611120223999025,113.38,0.86,10.1,92.1,0.9563157558441162,301.29,4.81,10.97,101.5,0.9603533744812012,334.95,1.54,12.21,105.7,0.9596397876739502,312.28,2.71,13.85,87.7,0.9599893093109132,354.11,6.7,19.02,138.2,0.9583139419555664,65.13,0.0,11.25,122.0,0.9567174911499025,6.59,5.56,13.95,129.5,0.9592690467834472,11.07,11.21,13.84,149.9,0.9565765857696532,321.06,5.54,10.62,120.6,0.9608273506164552,287.49,4.26,13.94,111.3,0.9619548320770264,222.19,0.0,8.03,118.8,0.9600486755371094,274.92,0.34,12.12,173.8,0.9581239223480223,314.65,3.55,13.47,143.9,0.9622697830200196,239.33,0.0,10.08,137.2,0.959913969039917,86.13,12.0,17.95,162.2,0.9564833641052246,217.44,10.62,13.73,151.7,0.9581990242004396,197.23,0.0,8.85,137.3,0.9591226577758788,193.36,0.0,15.71,153.7,0.9597115516662598,107.84,5.03,17.08,168.0,0.9598205089569092,315.18,2.3,17.13,156.0,0.9599564075469972,,,,,,,,,,
146.51,0.0,0.07,-0.2,0.9782545566558838,161.19,7.33,2.26,22.6,0.985265016555786,161.02,5.4,8.81,87.6,0.9806234836578368,328.62,2.12,9.29,131.3,0.9851298332214355,329.77,5.74,3.87,48.1,0.9846305847167968,349.1,0.14,14.13,107.4,0.9865350723266602,210.06,3.58,7.6,140.4,0.9876918792724608,307.18,0.25,7.86,100.5,0.9878878593444824,148.27,0.24,15.25,141.4,0.9818143844604492,196.79,7.35,13.83,116.9,0.9865810871124268,19.6,8.15,10.62,195.4,0.9826817512512208,218.67,0.0,10.83,83.3,0.9867205619812012,12.92,0.25,9.95,171.4,0.9832565784454346,242.4,3.0,10.29,82.9,0.9874582290649414,58.01,0.0,14.93,51.0,0.9848897457122804,101.6,12.16,13.72,181.2,0.986846923828125,287.4,0.0,10.18,78.2,0.9887189865112304,320.71,9.98,7.61,91.9,0.9840037822723388,297.6,0.0,10.34,158.2,0.982579469680786,338.2,1.9,12.39,91.8,0.9869165420532228,48.34,1.02,15.4,128.8,0.982862949371338,349.45,0.94,15.22,85.5,0.9835832118988036,353.14,4.43,17.95,115.4,0.9863393306732178,301.55,0.94,11.59,82.7,0.989177942276001,267.1,8.2,14.19,115.3,0.985300064086914,202.32,0.33,13.4,146.7,0.9838588237762452,253.3,11.73,14.68,123.8,0.986821174621582,292.41,0.0,9.59,102.8,0.9872658252716064,216.65,0.75,16.77,167.6,0.9897913932800292,61.79,5.11,17.32,149.9,0.9859294891357422,192.04,3.83,15.66,155.2,0.9900493621826172,172.09,0.38,15.1,151.0,0.9881258010864258,167.52,2.94,15.63,180.2,0.9880549907684326,79.54,0.0,17.06,123.6,0.9840531349182128,287.14,11.08,16.15,177.0,0.9889779090881348,,,,,,,,,,
146.6,0.45,0.02,0.2,1.001359939575195,161.19,0.0,2.24,15.4,1.0092694759368896,161.02,0.0,6.23,72.3,1.0059700012207031,327.48,2.47,7.33,75.8,1.0095112323760986,327.57,3.26,8.49,74.6,1.0096156597137451,346.03,10.43,8.38,118.2,1.010962963104248,206.54,2.96,7.65,130.4,1.0172653198242188,302.61,9.97,11.77,64.1,1.013740301132202,142.73,5.57,11.05,76.0,1.0102229118347168,190.37,0.0,20.82,87.1,1.008694410324097,11.95,0.0,11.59,139.8,1.0066912174224854,210.41,13.07,19.48,81.7,1.0156512260437012,3.78,11.46,15.99,101.6,1.0084311962127686,231.94,1.02,13.45,101.5,1.0156128406524658,46.67,1.73,16.05,170.4,1.0092973709106443,89.91,0.0,6.87,61.1,1.0105831623077393,272.02,10.77,10.93,121.5,1.017996311187744,307.53,0.0,13.86,135.6,1.0129868984222412,282.48,10.72,14.99,114.0,1.0099751949310305,322.65,3.04,11.31,122.8,1.012127161026001,31.99,7.83,17.57,148.4,1.0068325996398926,331.96,3.02,13.03,125.7,1.0123610496520996,335.04,1.44,17.92,114.2,1.0140559673309326,278.44,11.67,11.76,110.9,1.016913890838623,242.23,0.19,12.09,123.4,1.013540267944336,181.67,3.57,16.37,127.5,1.012991428375244,222.45,0.0,12.25,118.3,1.0157546997070312,264.99,9.93,13.95,137.6,1.0164844989776611,188.44,2.13,17.48,90.2,1.011897087097168,37.18,0.11,15.14,160.7,1.009857177734375,156.36,3.84,16.17,172.2,1.0140066146850586,145.63,3.46,17.51,156.3,1.012592315673828,140.36,0.01,16.73,115.5,1.0118186473846436,45.18,9.48,16.88,189.7,1.0137083530426023,244.42,0.0,18.25,164.5,1.0131442546844482,,,,,,,,,,
146.6,2.53,0.02,0.2,1.0253829956054688,161.19,0.47,2.24,22.4,1.0328428745269775,161.02,0.56,8.74,87.6,1.0293962955474854,321.77,10.92,9.69,109.9,1.037961721420288,317.11,0.0,6.83,81.1,1.0340144634246826,330.03,0.0,5.13,92.6,1.0353920459747314,184.31,7.59,6.99,148.6,1.038076400756836,274.66,5.01,17.4,79.8,1.037968397140503,111.97,0.0,7.24,160.9,1.034165859222412,152.93,11.14,18.53,134.1,1.040520191192627,333.19,3.43,10.01,91.7,1.0341567993164062,161.37,2.46,6.47,143.4,1.0391526222229004,315.0,2.14,14.28,65.5,1.0330209732055664,172.62,9.08,13.8,98.3,1.0393986701965332,347.87,7.5,8.13,87.4,1.0335676670074463,26.46,0.0,11.63,155.3,1.0354480743408203,190.99,0.0,12.76,81.9,1.042870044708252,227.2,2.91,8.25,106.6,1.0356709957122805,190.46,0.0,7.31,99.1,1.0382647514343262,232.56,5.82,11.42,190.0,1.0407617092132568,302.34,0.0,8.02,134.2,1.038564920425415,234.93,4.4,10.44,147.1,1.035987138748169,224.38,6.8,12.69,135.1,1.0397601127624512,159.43,1.66,11.85,79.1,1.0409839153289795,122.87,10.14,14.74,184.2,1.0427989959716797,55.81,0.0,12.08,140.4,1.0382986068725586,91.93,7.92,14.24,122.7,1.03836989402771,130.43,1.3,17.77,91.5,1.0383291244506836,53.0,0.0,13.33,132.0,1.043799877166748,253.83,8.44,16.35,137.4,1.0391066074371338,2.81,7.08,13.95,135.2,1.0373892784118652,346.29,0.0,16.3,178.6,1.0411858558654783,335.92,1.31,15.71,184.1,1.044222354888916,241.96,2.74,16.15,190.9,1.0380027294158936,71.37,10.19,16.79,176.3,1.0411052703857422,,,,,,,,,,
146.6,9.32,0.03,0.2,1.045348882675171,161.19,7.22,2.25,22.6,1.0588512420654297,161.02,12.08,8.74,87.8,1.0574753284454346,314.65,0.0,12.5,95.7,1.0619277954101562,305.07,1.68,17.31,90.6,1.0585739612579346,312.98,0.12,16.36,135.3,1.0641562938690186,162.77,0.0,12.9,100.1,1.0684566497802734,246.97,0.0,7.34,84.7,1.0617773532867432,78.49,0.6,10.37,188.3,1.0615274906158447,111.71,2.26,12.33,68.1,1.0645244121551514,288.81,8.23,14.21,85.7,1.0609397888183594,112.06,0.0,9.23,66.8,1.0643601417541504,259.89,0.0,13.5,69.4,1.061945915222168,111.88,1.81,15.26,83.3,1.0640084743499756,285.03,2.09,8.15,58.2,1.0570387840270996,314.74,12.28,7.11,102.9,1.0636682510375977,116.63,0.36,13.69,118.6,1.0676727294921875,147.74,6.8,17.3,160.3,1.0638227462768557,108.63,1.13,15.53,142.9,1.0664114952087402,139.04,0.0,8.65,188.8,1.065434217453003,206.72,3.06,18.83,94.3,1.062535047531128,130.78,0.0,13.05,140.3,1.064070463180542,116.02,0.0,7.72,102.8,1.0667824745178225,48.16,0.0,17.72,110.8,1.0690641403198242,355.25,0.0,7.45,122.8,1.0691354274749756,293.29,5.89,14.32,136.2,1.0675880908966064,324.49,3.28,13.09,175.0,1.0667672157287598,357.36,0.03,14.93,143.4,1.067528486251831,275.19,11.59,16.55,163.5,1.0677025318145752,108.37,0.0,17.79,112.7,1.0623161792755127,220.52,0.0,9.5,133.5,1.0665650367736816,188.0,12.42,16.4,151.3,1.0699725151062012,172.88,7.12,15.97,165.6,1.065806865692139,74.0,0.0,14.01,142.9,1.066706657409668,255.15,2.31,14.9,165.3,1.0691041946411133,,,,,,,,,,
146.6,3.74,0.02,0.2,1.0733544826507568,161.19,7.06,2.26,22.4,1.08284592628479,161.02,2.76,8.73,87.3,1.0850584506988523,307.62,0.29,9.65,68.8,1.0860888957977295,292.76,9.44,11.58,96.3,1.082721471786499,294.61,11.16,9.95,149.6,1.088599681854248,139.48,3.4,12.88,109.2,1.0945467948913574,221.04,3.23,8.09,92.6,1.0898323059082031,45.97,10.16,14.89,88.9,1.0881736278533936,73.12,0.0,11.2,198.9,1.089986801147461,244.34,0.0,16.2,57.2,1.0864698886871338,64.25,2.87,8.89,171.7,1.0865015983581543,205.14,8.4,6.93,187.6,1.0858125686645508,51.06,0.0,6.13,145.9,1.0873148441314695,221.22,0.0,6.03,87.0,1.083967924118042,241.52,2.43,9.48,92.0,1.0877950191497805,36.39,11.75,14.13,125.5,1.0959742069244385,64.78,0.0,6.25,91.3,1.09130597114563,18.9,11.18,15.29,144.7,1.0953760147094729,47.46,2.3,10.16,114.7,1.0896666049957275,111.88,8.51,13.52,155.2,1.0864050388336182,25.22,2.91,15.41,94.6,1.087939977645874,8.09,0.0,15.16,150.1,1.0896844863891602,296.19,11.03,11.06,164.7,1.0966553688049316,238.01,2.48,13.76,142.2,1.0971195697784424,167.7,4.13,13.58,128.1,1.08941650390625,193.45,0.0,15.3,123.9,1.0902023315429688,221.66,8.96,12.32,165.5,1.094587326049805,130.25,1.84,12.67,131.4,1.0956194400787354,319.57,0.58,13.99,137.4,1.0912079811096191,74.79,0.52,17.58,156.9,1.0899834632873535,23.82,2.36,14.55,145.0,1.0945665836334229,9.76,1.64,16.52,151.3,1.0945031642913818,270.7,12.38,16.6,146.3,1.0954570770263672,82.0,0.04,17.63,173.5,1.0931642055511477,,,,,,,,,,
146.51,0.0,0.02,-0.2,1.09814190864563,161.19,0.0,1.34,14.0,1.1068480014801023,161.02,0.0,6.39,73.7,1.1096246242523191,301.11,6.71,7.33,102.9,1.109961748123169,280.28,2.03,15.65,107.2,1.111919403076172,276.5,0.0,10.6,83.5,1.117232084274292,116.98,8.83,7.93,144.7,1.121835708618164,194.94,11.59,7.8,113.7,1.1149942874908447,12.3,1.84,7.68,118.8,1.109081745147705,33.93,6.35,10.57,173.5,1.1182329654693604,200.39,0.38,13.49,82.9,1.1145422458648682,15.12,10.03,6.86,93.0,1.1117196083068848,151.52,3.35,9.62,99.5,1.1100835800170898,351.21,10.14,8.41,92.0,1.117140293121338,159.79,2.86,8.42,110.3,1.1131818294525146,174.46,0.0,12.88,183.1,1.11712908744812,317.55,0.0,9.35,86.1,1.1203088760375977,349.28,2.37,15.35,191.0,1.115117073059082,288.81,0.2,9.19,68.2,1.120039701461792,316.14,6.19,10.2,112.9,1.1182208061218262,10.9,1.84,15.63,100.0,1.114329814910889,287.05,5.54,17.43,98.4,1.1131746768951416,266.84,11.43,13.74,167.0,1.1178219318389893,176.92,0.43,12.99,108.3,1.1208999156951904,117.95,8.14,16.54,123.6,1.1218764781951904,41.48,0.0,9.32,167.8,1.121635913848877,63.46,3.43,16.22,136.6,1.121654748916626,86.04,1.9,16.1,172.7,1.1234734058380127,347.17,0.24,15.12,142.3,1.1235620975494385,173.06,8.21,14.3,163.9,1.1197385787963867,285.64,8.17,14.44,140.4,1.1179959774017334,229.83,0.0,15.29,144.9,1.1210441589355469,217.88,0.4,18.53,156.2,1.1192915439605713,96.24,2.74,18.3,170.9,1.1210157871246338,272.11,11.18,19.38,168.7,1.121166467666626,,,,,,,,,,
146.6,0.39,0.02,0.2,1.122140407562256,161.19,0.08,2.22,22.3,1.130850076675415,161.1,0.76,8.74,87.6,1.1344587802886963,294.08,5.15,5.57,52.0,1.1351611614227295,267.45,0.35,17.09,88.6,1.1350195407867432,259.72,0.24,13.11,108.3,1.1405978202819824,95.01,1.41,7.18,55.2,1.142420768737793,167.17,1.92,10.63,44.6,1.1444604396820068,340.58,0.0,15.51,111.0,1.1414108276367188,355.25,3.57,12.83,99.8,1.1462137699127195,156.97,10.93,11.86,93.9,1.13861346244812,326.87,2.14,8.41,73.8,1.1406967639923096,99.14,0.0,4.93,143.7,1.133984088897705,290.57,4.31,18.66,90.5,1.1400160789489746,93.78,8.32,9.54,125.1,1.1336557865142822,101.43,5.05,8.61,104.2,1.1396377086639404,244.86,0.03,13.28,149.7,1.1485939025878906,265.78,9.1,8.73,80.9,1.1444900035858154,206.98,0.32,12.95,120.9,1.143632888793945,221.04,0.0,6.81,102.2,1.1424198150634766,274.22,0.32,16.88,107.5,1.1409242153167725,186.86,0.0,7.6,75.5,1.1399133205413818,152.23,0.0,9.33,65.9,1.145838975906372,61.52,0.13,16.92,139.3,1.149230718612671,355.43,0.0,8.54,132.6,1.1449670791625977,283.54,4.21,16.04,119.7,1.145639419555664,295.75,3.26,13.96,157.2,1.146703004837036,312.89,0.22,13.68,135.2,1.1473493576049805,205.66,10.12,12.79,176.2,1.1499850749969482,24.87,0.0,16.24,99.1,1.1431934833526611,134.38,0.0,14.54,86.3,1.145831823348999,73.21,11.8,14.93,149.3,1.1441967487335205,55.81,10.8,15.82,183.9,1.1444425582885742,292.68,0.0,19.12,167.9,1.1455440521240234,92.55,2.26,17.0,156.7,1.145165205001831,,,,,,,,,,
146.6,3.79,0.02,0.3,1.1461472511291504,161.19,5.73,2.25,22.5,1.1553757190704346,161.02,10.15,8.76,87.6,1.1589772701263428,287.31,0.0,5.8,69.6,1.1646854877471924,255.41,12.36,12.93,83.3,1.1636245250701904,241.35,10.16,16.44,130.2,1.1689674854278564,74.27,0.0,8.85,119.6,1.1678013801574707,140.19,0.17,9.69,144.5,1.1675877571105957,306.83,11.6,16.17,74.0,1.1658248901367188,317.2,0.0,7.73,89.7,1.171273708343506,111.53,1.96,10.5,186.2,1.1665735244750977,279.14,0.0,4.63,159.0,1.1650969982147217,45.09,0.02,9.09,111.0,1.1582651138305664,229.48,0.0,9.13,96.4,1.1673107147216797,29.97,2.15,7.76,89.0,1.161823034286499,29.44,5.35,17.59,140.7,1.166466474533081,166.9,10.98,15.69,166.0,1.1773557662963867,189.4,2.54,13.76,180.0,1.1671907901763916,118.3,10.58,18.68,152.9,1.172075271606445,131.4,3.23,10.32,111.8,1.1710305213928225,175.78,10.36,11.78,175.3,1.169980764389038,90.62,0.0,10.22,130.0,1.1684865951538086,51.42,0.0,14.21,142.6,1.1700217723846436,309.38,8.64,17.95,139.4,1.1778161525726318,237.92,2.4,12.07,153.5,1.175687313079834,158.73,5.74,15.98,148.9,1.1749374866485596,165.41,0.0,14.02,129.7,1.174122333526611,178.15,10.53,13.95,163.9,1.1765873432159424,59.85,0.0,13.21,94.8,1.1786184310913086,248.73,0.61,15.31,154.2,1.1706972122192385,345.32,0.31,17.26,156.1,1.1738436222076416,273.16,1.32,17.93,110.6,1.1764955520629885,250.93,0.0,10.79,121.2,1.1688709259033203,124.89,10.26,16.71,164.8,1.1739819049835205,282.66,0.05,15.74,162.0,1.1771795749664309,,,,,,,,,,
146.51,9.82,0.03,0.2,1.1701455116271973,161.19,5.92,2.26,22.4,1.1793746948242188,161.02,2.26,8.75,87.5,1.183166742324829,280.55,1.58,12.13,154.9,1.186992645263672,242.93,1.71,14.78,80.5,1.18701171875,222.19,0.0,13.28,69.2,1.1973001956939695,53.09,1.24,6.67,141.0,1.1970775127410889,113.03,12.9,10.49,141.4,1.1962828636169434,272.46,2.23,7.18,67.2,1.1940691471099854,280.46,3.46,8.05,127.5,1.1954669952392578,64.95,0.0,7.0,167.8,1.191114902496338,228.78,9.29,18.52,91.0,1.1887884140014648,351.83,11.3,7.57,148.0,1.1888728141784668,172.35,3.26,9.16,139.8,1.1917011737823486,328.97,0.0,13.84,151.5,1.1858196258544922,318.87,0.0,6.65,99.0,1.1919457912445068,85.34,1.96,13.94,98.2,1.202665090560913,106.87,0.0,12.64,93.0,1.1938025951385498,25.4,1.81,10.47,53.4,1.196439266204834,36.91,7.88,14.84,115.1,1.1954631805419922,72.69,0.0,7.26,100.2,1.1943883895874023,347.96,12.3,18.25,107.6,1.1932170391082764,303.49,12.4,13.74,128.4,1.1982824802398682,194.33,0.0,12.14,97.1,1.202247142791748,118.48,7.53,17.95,114.8,1.2037568092346191,31.46,0.0,9.22,121.3,1.1991002559661863,33.66,7.27,14.58,153.5,1.1979904174804688,35.77,0.0,12.3,85.4,1.199049472808838,287.75,1.65,14.08,165.0,1.1995811462402344,102.83,9.89,15.85,170.7,1.1997673511505127,192.57,7.8,14.8,166.6,1.199354648590088,115.84,1.34,15.46,174.9,1.201798439025879,88.68,0.46,16.73,157.9,1.1978254318237305,308.06,0.0,15.33,125.7,1.2020885944366455,109.51,8.6,17.8,164.1,1.2012193202972412,,,,,,,,,,
146.6,2.72,0.02,0.2,1.1947400569915771,161.19,0.0,2.0,12.9,1.2033743858337402,161.02,0.0,6.87,87.5,1.2083423137664795,273.08,10.51,7.35,109.8,1.2185423374176023,230.89,0.0,15.11,178.3,1.2149229049682615,204.87,0.98,9.14,148.2,1.22160005569458,31.29,9.5,12.08,125.0,1.219780683517456,83.14,2.31,7.87,100.7,1.2200579643249512,241.08,0.0,14.75,85.5,1.2189805507659912,241.79,7.84,6.79,121.3,1.2206151485443115,21.53,6.06,15.17,196.1,1.2142159938812256,179.82,5.08,17.98,69.5,1.216998815536499,294.7,2.24,6.71,129.4,1.2133674621582031,112.24,9.06,9.6,89.5,1.2200536727905271,260.6,11.84,16.84,110.9,1.2142906188964844,250.66,0.99,13.4,94.0,1.2194492816925049,12.13,0.0,12.8,151.1,1.2265806198120115,25.14,8.85,14.22,116.1,1.2224202156066897,301.55,0.0,11.24,160.6,1.2244744300842283,305.24,0.0,9.71,80.2,1.219567060470581,339.26,1.26,13.99,171.8,1.2225091457366943,238.62,0.0,14.49,80.1,1.2211565971374512,190.02,1.92,13.3,119.5,1.2221989631652832,83.94,0.0,10.4,119.9,1.2300035953521729,355.69,0.0,6.96,122.8,1.2253236770629885,274.75,3.55,15.59,149.2,1.2236120700836182,267.89,3.64,12.61,183.0,1.227323055267334,269.3,1.03,13.53,144.1,1.2280652523040771,146.95,9.3,15.02,136.0,1.232201337814331,313.95,1.3,12.63,103.4,1.2230615615844729,39.55,1.38,14.37,95.5,1.2239103317260742,315.7,9.48,15.85,145.5,1.229600429534912,290.04,8.94,13.64,159.4,1.2256450653076172,140.36,2.96,14.57,165.7,1.230395793914795,293.2,0.0,17.06,110.9,1.2298424243927002,,,,,,,,,,
146.6,0.0,-0.04,0.2,1.2191622257232666,161.19,0.0,2.21,22.4,1.2313756942749023,161.02,3.32,8.74,87.9,1.2367768287658691,265.87,0.71,7.79,67.0,1.2425122261047363,218.23,12.32,13.07,87.3,1.2472245693206787,188.0,10.19,11.37,96.8,1.2495534420013428,9.14,2.56,13.89,84.1,1.2442293167114258,56.6,0.0,8.82,92.3,1.2443034648895264,208.83,5.57,12.21,108.8,1.2473936080932615,204.08,0.11,7.19,50.2,1.2446691989898682,337.59,3.22,18.64,71.6,1.242671251296997,130.87,0.0,4.69,152.0,1.2446835041046145,239.94,0.0,12.71,103.4,1.2418608665466309,53.35,2.92,12.39,134.2,1.243798017501831,190.55,1.9,8.28,96.6,1.23824143409729,180.44,9.93,11.77,152.0,1.2437756061553955,295.66,12.16,14.97,141.4,1.2560884952545166,305.24,3.07,14.56,127.4,1.2453184127807615,213.05,10.32,16.24,148.6,1.2532215118408203,217.88,0.26,10.44,155.0,1.2491366863250732,239.33,9.23,9.21,158.2,1.246232271194458,138.52,1.02,18.22,101.8,1.245774507522583,80.07,0.23,13.28,132.0,1.2499067783355713,332.31,11.4,15.53,182.9,1.2583928108215332,238.8,3.06,12.09,111.7,1.2575488090515137,148.89,6.54,15.2,132.5,1.2493677139282229,137.29,0.0,14.97,146.3,1.2501819133758545,134.47,9.68,12.17,179.9,1.2575912475585938,5.54,2.84,13.56,164.6,1.2564122676849363,166.9,1.06,14.35,152.9,1.251694679260254,257.87,0.0,17.27,150.1,1.252502679824829,158.2,0.0,9.44,114.4,1.254474401473999,127.88,0.0,15.62,117.6,1.2544386386871338,329.94,8.08,15.23,151.2,1.2546217441558838,119.44,2.44,16.22,175.4,1.2582080364227295,,,,,,,,,,
146.6,1.16,0.02,0.2,1.243161678314209,161.19,3.94,2.25,22.5,1.259449481964111,161.02,9.47,8.74,87.9,1.2601933479309082,259.01,0.1,9.64,140.4,1.2670021057128906,205.84,2.26,14.3,64.5,1.2718069553375244,170.77,0.42,12.12,78.1,1.2765181064605713,348.49,0.0,12.56,99.0,1.2689831256866455,30.5,1.73,13.62,67.4,1.2718451023101809,175.43,3.52,19.19,158.8,1.2697710990905762,167.96,0.11,10.53,92.3,1.2725012302398682,292.94,0.0,13.57,64.0,1.2701072692871094,80.95,1.05,8.85,164.9,1.2688758373260498,184.04,12.91,15.46,80.9,1.2702674865722656,351.91,0.0,11.08,137.8,1.27221417427063,128.23,0.0,8.33,187.9,1.2667083740234375,108.11,0.0,6.45,45.7,1.2672739028930664,213.31,1.46,13.48,93.2,1.2793068885803225,220.87,0.0,9.16,131.1,1.2748234272003174,121.64,0.0,5.3,98.8,1.2799806594848633,124.72,8.29,17.5,158.2,1.27866792678833,144.49,0.0,14.56,62.2,1.2741434574127195,33.05,11.14,16.14,133.2,1.2747817039489746,332.93,10.6,13.18,123.5,1.2778868675231934,211.73,0.0,7.97,91.2,1.2822222709655762,118.21,6.86,12.53,153.8,1.2817370891571045,22.32,0.0,11.77,98.7,1.27659010887146,5.63,4.27,17.2,172.6,1.278090238571167,357.01,1.25,16.79,89.2,1.279658555984497,234.05,0.12,13.13,153.8,1.280935525894165,19.6,9.55,17.69,177.3,1.2761807441711426,105.21,10.68,15.46,167.3,1.2807955741882324,4.57,0.0,15.1,143.4,1.2803452014923096,323.53,2.32,14.93,137.3,1.278571605682373,161.72,0.0,13.11,128.3,1.2832188606262207,303.66,8.64,16.24,154.9,1.2819371223449707,,,,,,,,,,
146.6,7.84,0.03,0.4,1.266751050949097,161.19,6.4,2.26,22.4,1.2834851741790771,161.02,2.66,8.73,78.6,1.285395860671997,251.98,11.68,11.36,168.8,1.2946507930755615,193.62,0.05,16.98,168.0,1.2957422733306885,153.72,0.11,5.32,110.5,1.2991597652435305,326.69,3.19,13.39,91.5,1.2938332557678225,4.13,11.36,14.92,159.7,1.2960588932037354,142.21,0.0,10.71,119.6,1.298957109451294,129.9,12.77,12.86,76.1,1.2961866855621338,248.29,3.32,18.43,122.7,1.298784255981445,31.9,10.76,6.46,118.9,1.2931671142578125,127.53,2.0,12.84,61.0,1.291584014892578,288.72,11.42,15.24,160.1,1.2974510192871094,62.67,4.91,15.7,197.6,1.2929434776306152,39.11,0.0,16.55,149.3,1.2965035438537598,139.13,0.05,12.3,122.9,1.307443380355835,142.47,9.33,15.58,115.8,1.300468683242798,37.97,0.0,10.35,125.8,1.302288293838501,29.53,1.73,9.62,126.3,1.301974534988403,48.16,0.0,12.15,98.9,1.3000774383544922,286.96,0.0,14.03,88.6,1.2997417449951172,217.97,0.0,12.68,74.9,1.3058123588562012,106.35,0.0,10.77,171.2,1.307161569595337,356.04,0.0,11.48,117.6,1.3103909492492676,264.73,2.56,11.95,188.6,1.3027842044830322,243.98,5.22,17.73,145.4,1.3065953254699707,225.26,0.44,15.52,133.6,1.3117709159851074,93.96,11.64,13.1,158.0,1.3097035884857178,238.27,0.22,14.84,98.9,1.3039562702178955,305.07,0.0,9.43,107.9,1.3059959411621094,218.14,12.2,15.15,165.1,1.3112130165100098,160.66,6.67,15.77,155.3,1.306955099105835,351.65,3.92,16.7,179.0,1.309161901473999,130.08,0.0,10.52,133.3,1.3099799156188965,,,,,,,,,,
146.6,8.63,0.03,0.2,1.287316083908081,161.19,0.0,2.24,15.2,1.3075213432312012,161.02,0.0,6.75,86.0,1.3085639476776123,244.69,2.35,7.87,56.7,1.3185129165649414,180.97,11.16,14.5,118.6,1.322664737701416,136.05,11.53,12.99,54.7,1.330594539642334,304.63,4.5,7.84,75.0,1.3218755722045898,336.27,2.19,6.69,70.6,1.320872783660889,108.37,12.92,15.22,74.9,1.3218424320220947,90.44,3.44,11.19,153.9,1.32688570022583,202.68,5.03,8.41,152.0,1.3225204944610596,341.37,2.12,13.77,53.8,1.3227195739746094,72.6,0.0,6.88,125.8,1.3192031383514404,223.15,0.78,16.09,101.9,1.3268756866455078,356.04,4.64,9.34,92.7,1.3175411224365234,327.39,10.98,9.92,97.2,1.3192667961120603,60.03,11.24,10.23,107.5,1.336554765701294,58.1,3.75,9.52,133.9,1.3245751857757568,311.84,12.05,14.92,187.6,1.3301122188568115,301.82,0.0,10.01,172.0,1.3266000747680664,315.7,9.85,15.37,133.3,1.3241543769836426,185.98,2.39,15.16,129.0,1.3263144493103027,113.73,0.82,11.58,172.0,1.3339054584503174,349.98,10.59,15.46,166.2,1.33677077293396,233.79,2.72,11.99,161.5,1.334423303604126,140.1,7.48,11.64,168.5,1.3276166915893557,113.91,0.0,10.34,132.3,1.333916425704956,90.97,10.47,13.59,150.2,1.3365731239318848,310.61,1.77,13.85,86.9,1.3340356349945068,97.21,0.0,17.2,158.2,1.330171823501587,158.47,0.64,14.89,165.5,1.33323073387146,54.58,2.48,15.97,154.3,1.3345518112182615,356.75,0.0,8.81,129.8,1.3310768604278564,183.52,5.95,16.53,195.0,1.3346326351165771,314.12,3.85,17.33,180.9,1.3379716873168943,,,,,,,,,,
146.6,3.18,0.02,0.2,1.3154096603393557,161.19,0.0,2.2,22.4,1.3319461345672607,161.02,3.0,8.78,87.1,1.335315227508545,238.18,0.0,6.6,55.0,1.3445634841918943,168.4,0.0,13.6,67.9,1.3536264896392822,117.95,2.0,14.99,132.9,1.354656219482422,283.71,0.0,7.46,51.2,1.34838604927063,310.25,0.0,12.62,103.1,1.3487350940704346,74.18,3.08,8.73,130.1,1.3499293327331543,51.42,0.0,7.2,102.4,1.3487677574157717,159.26,0.0,8.5,161.0,1.3462705612182615,291.8,0.0,13.64,141.4,1.3461790084838867,18.72,2.92,15.48,66.1,1.341421127319336,161.19,2.21,14.1,75.1,1.3483326435089111,293.2,0.0,4.9,79.8,1.342184066772461,256.82,2.67,17.38,136.1,1.3510959148406982,339.43,0.0,9.53,59.3,1.3588483333587646,340.31,0.0,14.57,146.3,1.3536417484283447,219.11,0.0,10.71,67.0,1.3544304370880127,207.25,11.64,9.88,178.8,1.3545417785644531,215.51,3.22,10.74,179.9,1.3540034294128418,82.09,10.12,14.3,118.2,1.3549904823303225,1.58,11.69,14.78,106.6,1.3579342365264893,229.83,0.0,13.66,126.9,1.365939378738403,114.43,6.23,14.06,132.7,1.3626856803894043,12.74,0.0,15.36,120.5,1.3586063385009766,341.28,10.22,13.88,123.9,1.362285614013672,312.45,0.0,13.66,122.2,1.363581895828247,174.99,0.0,14.18,176.0,1.362924337387085,313.95,10.91,14.8,127.6,1.3589019775390625,4.75,11.85,15.42,167.5,1.357367992401123,261.47,0.52,15.75,171.5,1.3608293533325195,198.9,1.23,16.02,138.7,1.358567714691162,13.97,0.0,10.64,153.0,1.3599495887756348,140.45,6.18,18.97,174.2,1.365957736968994,,,,,,,,,,
146.6,0.0,0.02,0.2,1.3394148349761963,161.19,6.78,2.25,22.5,1.356513261795044,161.02,9.4,8.77,87.3,1.3564519882202148,231.68,3.22,11.1,93.6,1.3736798763275146,156.45,0.45,17.76,110.6,1.3762366771697998,100.2,0.2,6.96,132.1,1.3831679821014404,261.83,0.17,14.36,108.1,1.37050461769104,281.69,11.86,9.2,76.9,1.3743844032287598,41.92,0.0,6.76,112.3,1.3786604404449463,13.97,3.0,8.06,174.0,1.3763377666473389,115.75,3.05,12.42,177.9,1.3742313385009766,239.33,10.8,19.16,83.2,1.3755989074707031,325.9,6.74,14.03,187.2,1.3702139854431152,100.81,11.27,10.62,188.2,1.3802645206451416,230.1,0.54,8.43,120.6,1.3709516525268557,183.78,0.0,17.21,161.8,1.375314235687256,267.01,0.0,8.39,89.6,1.3867878913879397,256.73,3.15,7.78,92.2,1.3784797191619873,134.56,0.68,9.66,110.1,1.3824615478515625,114.17,0.12,10.89,110.4,1.38258695602417,117.07,0.0,12.43,126.4,1.382805347442627,335.39,0.0,13.15,92.0,1.3813824653625488,255.76,0.61,11.14,76.1,1.38206148147583,115.49,2.94,12.76,143.7,1.3875701427459717,350.77,0.0,8.27,119.7,1.3860700130462646,250.93,0.53,14.69,157.5,1.3812623023986816,205.4,2.34,17.67,148.8,1.3866918087005615,177.36,2.03,13.91,138.6,1.387582540512085,33.84,11.93,15.98,141.4,1.3908932209014893,161.81,0.0,15.72,94.9,1.3823750019073486,216.74,1.73,13.96,87.5,1.3809235095977783,103.36,9.46,16.82,164.5,1.38924241065979,36.39,7.76,14.43,163.0,1.384593486785889,211.29,3.08,15.5,166.2,1.3900516033172607,324.67,0.0,10.22,146.9,1.394521951675415,,,,,,,,,,
146.6,0.26,0.02,0.2,1.3633670806884766,161.19,6.98,2.25,22.4,1.3805127143859863,161.1,3.06,8.76,87.6,1.3845088481903076,225.0,7.06,5.97,93.9,1.3962149620056152,144.32,9.36,10.52,100.6,1.4046757221221924,82.71,6.99,17.64,72.0,1.407242774963379,238.36,11.28,13.26,84.9,1.4019825458526611,253.65,3.51,17.31,120.6,1.4010660648345947,10.37,2.72,7.89,146.3,1.4016609191894531,336.8,8.15,6.39,164.5,1.4007289409637451,69.17,8.52,9.76,76.9,1.400904417037964,188.26,1.58,6.29,101.6,1.397397756576538,268.68,0.0,8.96,144.1,1.3975167274475098,33.75,0.0,14.42,121.4,1.4082763195037842,165.32,10.56,17.53,164.4,1.3953793048858645,111.18,12.09,8.83,97.4,1.403895378112793,194.24,7.19,7.82,88.3,1.4111320972442627,180.62,6.86,17.55,159.9,1.404646873474121,47.72,8.14,12.68,183.7,1.4102468490600586,18.11,0.14,10.32,112.8,1.4096620082855225,16.44,9.75,11.28,187.8,1.406602144241333,234.84,0.44,15.72,140.6,1.4095726013183594,150.38,0.14,15.65,151.5,1.4095032215118408,358.33,6.55,18.09,126.7,1.4169869422912598,234.76,2.41,12.23,180.7,1.4140543937683103,125.68,7.15,12.79,126.2,1.410918951034546,74.88,0.0,16.56,123.6,1.4167282581329346,41.04,8.56,17.95,179.3,1.4177088737487793,251.54,1.45,17.39,122.3,1.415280818939209,20.04,0.0,13.05,177.2,1.410141944885254,71.19,0.0,15.25,152.6,1.4089946746826172,304.19,1.36,15.05,103.8,1.416034698486328,238.18,0.0,11.69,114.1,1.413506269454956,43.07,7.03,16.99,150.5,1.4122962951660156,150.29,4.12,16.78,161.9,1.4187862873077393,,,,,,,,,,
146.6,3.86,0.02,0.3,1.388359308242798,161.19,1.09,2.25,12.4,1.40600848197937,161.02,0.0,6.9,85.4,1.4091346263885498,218.58,1.8,5.81,65.4,1.4205985069274902,131.66,0.0,10.69,57.6,1.429023504257202,65.57,4.9,7.89,90.5,1.430647850036621,216.04,0.0,10.97,104.1,1.4258899688720703,225.7,0.0,14.89,116.4,1.4244768619537354,338.73,9.54,15.14,77.2,1.427419662475586,298.48,0.13,9.94,62.2,1.424755573272705,28.3,2.13,15.5,109.9,1.4263060092926023,139.22,0.01,8.71,83.5,1.424381971359253,214.01,1.06,7.0,175.2,1.421900749206543,332.58,0.58,11.53,181.9,1.4320049285888672,95.01,1.8,12.94,52.9,1.4202470779418943,39.99,5.28,14.51,117.9,1.428128719329834,123.05,6.06,7.51,73.8,1.4358303546905518,98.09,0.0,7.75,49.6,1.4273767471313477,321.5,2.95,17.74,119.3,1.4394354820251465,286.96,10.66,10.63,189.5,1.4381368160247805,279.67,2.95,10.37,154.4,1.4344427585601809,131.22,7.6,15.93,153.4,1.4340782165527344,39.81,10.75,11.02,120.8,1.4402782917022705,243.02,0.0,7.93,122.2,1.443830966949463,114.43,5.72,15.19,169.4,1.445948362350464,357.98,0.0,8.76,81.8,1.4366469383239746,308.5,9.64,15.97,147.6,1.4384186267852783,268.77,0.0,12.7,86.3,1.439584732055664,111.88,1.89,13.44,143.2,1.442852020263672,236.69,12.24,16.33,150.6,1.4414350986480713,281.95,11.5,14.33,166.5,1.440901756286621,146.78,0.48,14.66,140.4,1.4407248497009275,76.38,0.54,15.47,180.8,1.4386684894561768,239.5,0.0,11.8,114.5,1.4440441131591797,335.13,3.94,18.39,164.4,1.446821212768555,,,,,,,,,,
146.51,8.25,0.03,0.3,1.41241455078125,161.19,0.07,2.22,22.5,1.4305830001831057,161.02,2.23,8.72,87.8,1.433535099029541,212.34,0.0,10.26,93.9,1.445943832397461,119.62,0.28,17.72,87.2,1.456951379776001,48.69,0.84,8.16,72.7,1.4571099281311035,193.27,1.51,15.7,87.8,1.4547271728515625,196.96,11.73,10.53,166.7,1.455317497253418,306.21,2.13,11.42,73.5,1.44976544380188,261.3,0.1,16.42,83.1,1.4525909423828125,343.74,0.03,11.95,188.6,1.4543449878692627,91.58,2.9,15.02,156.0,1.453819990158081,159.96,9.22,19.17,88.5,1.450016975402832,269.47,8.94,12.39,134.9,1.4598658084869385,31.38,0.0,9.96,100.2,1.4486591815948486,328.1,0.0,11.39,160.7,1.4568688869476318,49.13,2.13,9.9,50.1,1.46010160446167,22.85,0.0,9.33,138.4,1.4557628631591797,231.94,0.0,9.38,106.3,1.4623115062713623,188.96,0.0,12.31,105.0,1.4621760845184326,180.62,0.0,16.21,100.3,1.4604074954986572,24.43,0.2,15.41,95.1,1.4583826065063477,288.28,0.0,10.56,109.7,1.465707778930664,133.07,3.27,17.93,135.8,1.4722130298614502,351.47,0.0,8.55,111.6,1.470219612121582,241.08,0.29,17.0,153.3,1.464892864227295,177.36,2.11,15.17,125.9,1.4698777198791504,138.69,0.32,15.53,124.2,1.4685699939727783,328.27,9.26,16.19,134.3,1.4695513248443604,85.34,1.8,17.99,147.4,1.4651100635528564,123.93,1.44,15.05,97.8,1.4647719860076904,346.46,7.32,14.92,151.2,1.4703302383422852,277.21,8.5,18.97,167.9,1.464233160018921,71.89,1.68,15.63,163.7,1.468305587768555,160.66,0.0,15.11,185.1,1.471104860305786,,,,,,,,,,
146.6,3.0,0.03,0.2,1.4328389167785645,161.19,5.11,2.24,22.5,1.45592999458313,161.02,10.81,8.72,87.1,1.4616553783416748,205.75,8.58,12.26,154.6,1.4750158786773682,107.31,12.64,14.31,100.2,1.4835271835327148,31.99,0.0,7.68,143.0,1.4791972637176514,171.56,11.05,12.92,65.5,1.4794275760650637,168.49,0.98,16.75,67.9,1.4844591617584229,273.43,0.0,12.81,65.4,1.478161096572876,223.33,12.92,17.27,64.3,1.477020263671875,297.33,11.22,16.61,69.2,1.4783003330230713,41.13,5.68,8.17,179.0,1.4785852432250977,105.56,0.0,16.26,94.0,1.473832607269287,206.81,0.0,10.87,99.3,1.487262487411499,328.01,11.02,10.18,147.9,1.4728856086730957,254.44,10.42,6.7,78.6,1.480672836303711,338.64,0.0,5.98,72.1,1.4843006134033203,305.42,4.49,15.49,111.6,1.480421781539917,146.6,12.61,12.93,185.4,1.4915320873260498,95.45,0.94,12.52,191.7,1.4897572994232178,81.65,11.74,15.26,155.8,1.4866888523101809,287.23,0.16,17.23,98.6,1.4864046573638916,178.51,1.08,11.93,145.5,1.4907691478729248,16.52,7.46,11.24,179.1,1.496617078781128,234.32,4.76,18.88,144.6,1.4984724521636963,116.63,9.62,18.19,144.6,1.4898219108581543,46.41,0.0,13.58,128.6,1.4940614700317385,1.93,9.59,14.56,147.5,1.492999792098999,187.91,0.0,8.66,124.2,1.4951236248016355,301.82,0.97,14.74,126.2,1.493147611618042,335.04,0.0,15.31,148.0,1.4937586784362793,188.44,0.0,9.64,135.4,1.4959802627563477,115.84,0.0,12.22,116.8,1.4955878257751465,268.33,6.84,18.31,169.8,1.4961223602294922,344.71,6.93,15.22,183.4,1.4998338222503662,,,,,,,,,,
146.6,0.0,0.02,0.2,1.4568376541137695,161.19,7.5,2.27,22.5,1.481590747833252,161.02,1.75,8.74,68.1,1.485457420349121,198.54,3.29,8.47,96.7,1.5017602443695068,93.69,1.7,11.55,75.6,1.51261305809021,15.03,3.12,13.5,106.1,1.506303787231445,148.71,0.0,10.52,110.5,1.5084152221679688,140.98,0.05,10.69,105.4,1.508639574050903,240.47,12.99,6.9,158.9,1.505798578262329,183.69,2.58,7.42,126.5,1.5063962936401367,251.1,2.18,7.39,68.6,1.5028774738311768,352.44,0.0,8.4,113.1,1.4991834163665771,50.1,0.0,13.21,91.1,1.498314619064331,146.95,1.04,10.35,171.2,1.511509656906128,256.99,2.32,15.24,75.8,1.4994487762451172,184.66,4.81,14.9,107.5,1.508129596710205,265.87,2.9,7.53,103.4,1.5082826614379885,221.92,3.03,13.9,134.6,1.5083894729614258,54.14,2.85,14.08,109.7,1.5171635150909424,3.08,11.65,9.56,114.3,1.5131947994232178,340.49,1.94,10.91,171.8,1.511044979095459,186.15,12.22,18.42,101.9,1.5120258331298828,69.08,10.35,15.49,177.8,1.5188276767730713,265.34,0.0,9.43,81.8,1.5201590061187744,114.61,5.14,10.92,165.9,1.5238418579101562,348.75,0.0,10.54,99.6,1.5186686515808103,279.4,11.64,12.06,173.5,1.522174835205078,235.02,2.09,17.66,136.7,1.5203757286071775,52.65,0.15,14.91,146.6,1.522913694381714,155.65,9.82,15.34,147.5,1.5191338062286377,182.9,9.34,16.37,149.9,1.5181992053985596,36.21,0.22,15.4,183.5,1.523418664932251,310.61,3.08,16.09,187.5,1.5200302600860596,100.2,0.0,10.5,112.7,1.5198969841003418,170.68,2.49,16.29,147.4,1.5277118682861328,,,,,,,,,,
146.6,0.24,0.01,0.2,1.4812891483306885,161.19,0.0,2.24,12.9,1.5059363842010498,161.02,0.0,6.85,86.6,1.5092792510986328,192.48,0.0,8.9,72.9,1.5251657962799072,81.74,0.0,14.26,175.6,1.535057783126831,357.71,5.34,17.14,132.0,1.531562566757202,126.47,2.66,15.28,130.0,1.5365984439849854,112.76,11.02,8.43,85.1,1.538140058517456,206.54,2.43,8.88,106.8,1.5336754322052002,146.34,0.0,11.05,185.9,1.5288021564483645,208.92,0.0,6.49,123.2,1.5325462818145752,302.17,2.32,16.95,111.4,1.527944564819336,356.4,9.54,11.3,126.7,1.5288081169128418,84.37,9.62,6.12,106.5,1.539799690246582,191.78,0.0,5.86,140.2,1.5235614776611328,112.24,0.0,10.31,166.0,1.5356776714324951,190.55,6.88,7.62,74.2,1.5314934253692627,139.22,0.0,11.13,115.8,1.537524938583374,326.69,0.0,8.37,158.8,1.5457611083984375,275.89,2.3,9.04,84.8,1.5408568382263184,241.0,0.24,11.66,136.5,1.5415832996368408,77.43,1.93,11.48,184.2,1.5415422916412354,317.2,0.0,8.74,89.6,1.5429868698120115,159.61,0.07,14.72,176.8,1.5482277870178225,351.83,0.0,11.37,163.0,1.5522990226745603,227.11,2.03,17.63,146.9,1.5397038459777832,144.05,1.88,17.53,95.6,1.547826051712036,100.28,0.05,13.92,138.8,1.5488414764404297,275.36,10.1,14.09,166.6,1.5510454177856443,7.12,2.92,14.87,141.5,1.5413756370544434,28.74,1.96,15.25,142.2,1.5468204021453855,243.11,9.89,16.78,150.1,1.5491185188293457,147.92,6.35,16.14,190.0,1.548091173171997,290.21,4.11,16.6,159.4,1.5501298904418943,355.08,0.0,15.87,173.5,1.551710844039917,,,,,,,,,,
146.6,2.81,0.02,0.3,1.505483865737915,161.19,0.0,2.17,22.4,1.534010887145996,161.02,2.02,8.72,87.5,1.535853385925293,185.98,3.16,10.25,105.6,1.554579496383667,69.17,6.59,8.36,120.0,1.5617499351501465,339.61,0.0,9.3,126.3,1.5598108768463137,103.01,8.9,9.84,74.7,1.5616743564605713,85.17,3.03,11.1,126.5,1.5625534057617188,174.9,0.0,8.77,76.7,1.5588626861572266,106.61,12.14,20.85,72.1,1.5605511665344238,165.5,8.07,6.31,140.2,1.5544016361236572,249.87,6.81,13.59,141.3,1.555577516555786,299.53,3.22,7.98,177.4,1.549769639968872,24.96,3.14,16.08,66.3,1.5640530586242676,127.44,7.31,12.13,150.0,1.555224895477295,37.0,5.12,9.84,72.5,1.5597097873687744,118.83,1.66,10.21,74.5,1.5598018169403076,55.9,9.65,15.65,166.0,1.561452865600586,241.35,11.71,17.53,154.3,1.5707581043243408,188.7,0.0,14.97,88.4,1.5631091594696045,142.38,10.34,18.55,97.9,1.5710675716400146,335.48,0.44,17.07,107.5,1.562978744506836,215.33,1.17,14.45,103.4,1.5707480907440186,43.68,10.27,13.18,157.6,1.5778238773345947,230.1,4.86,15.47,126.1,1.5743825435638428,101.87,9.08,16.06,114.6,1.5719518661499023,16.87,0.0,14.95,141.0,1.5768349170684814,322.65,10.58,12.22,178.6,1.5774755477905271,129.55,0.0,15.31,96.1,1.574815273284912,230.71,0.1,15.78,148.0,1.570521116256714,241.17,0.26,16.77,142.1,1.5700020790100098,85.34,1.76,14.45,137.4,1.5756337642669678,343.39,0.0,11.96,134.4,1.5738556385040283,122.7,5.73,17.02,153.3,1.579082489013672,180.62,12.23,17.67,160.6,1.5837733745574951,,,,,,,,,,
146.6,10.82,0.04,0.3,1.5294861793518066,161.1,3.44,2.25,22.6,1.5581305027008057,161.02,10.07,8.73,87.3,1.5585532188415527,178.86,7.48,7.3,72.4,1.577911615371704,56.95,6.28,9.7,108.3,1.5868005752563477,322.03,1.57,8.97,126.6,1.5838887691497805,82.18,2.78,8.34,109.4,1.583129644393921,57.66,0.0,16.16,81.4,1.5867955684661863,143.88,3.17,10.23,95.1,1.5823614597320557,66.09,3.41,16.57,69.1,1.585390329360962,121.73,4.66,6.63,132.9,1.5808002948760986,197.93,0.0,5.43,53.3,1.5844290256500244,244.16,0.0,5.41,115.7,1.5817537307739258,326.51,0.0,10.77,166.5,1.5926182270050049,58.54,3.54,15.12,157.3,1.5791997909545898,332.23,7.86,15.01,183.1,1.5877840518951416,41.92,0.0,10.46,78.1,1.5873117446899414,334.34,2.51,12.46,96.7,1.5852224826812744,149.59,1.54,12.49,71.6,1.5993010997772217,98.35,2.91,14.28,185.3,1.5911548137664795,41.31,1.8,15.27,124.7,1.5942623615264893,229.75,10.39,12.12,154.1,1.595284938812256,106.52,9.66,17.38,132.6,1.598783016204834,287.67,0.0,15.45,82.6,1.6000487804412842,110.04,3.17,16.02,143.7,1.6058757305145264,333.63,0.0,12.04,102.7,1.59710955619812,251.19,11.8,12.45,159.2,1.602351188659668,181.76,0.0,14.6,112.4,1.6025445461273191,352.88,0.69,17.66,163.1,1.6032791137695312,84.81,10.57,15.3,177.5,1.59391188621521,89.3,12.31,16.75,157.7,1.5980563163757324,292.41,0.51,13.99,153.1,1.6003167629241943,180.62,5.18,18.45,162.3,1.6015684604644775,312.54,0.0,14.82,139.9,1.5997810363769531,358.33,1.72,17.95,117.4,1.6111817359924316,,,,,,,,,,
146.6,2.62,0.02,0.2,1.5556650161743164,161.19,7.97,2.27,22.4,1.5821309089660645,161.02,0.0,8.73,51.9,1.5850610733032229,172.71,2.16,6.92,63.0,1.6018962860107422,44.91,0.0,10.34,64.4,1.611921310424805,304.37,6.9,12.1,97.3,1.613180160522461,60.38,0.0,5.42,126.5,1.608499526977539,30.94,2.91,10.19,178.8,1.6120967864990234,111.97,6.14,9.27,94.2,1.608417272567749,28.92,0.0,12.34,126.3,1.609785556793213,77.34,0.0,12.81,82.6,1.6067984104156494,150.64,0.62,19.52,121.1,1.6058759689331057,189.58,4.92,17.37,71.5,1.6059510707855225,262.53,12.64,14.02,161.3,1.6174211502075195,352.62,0.0,5.88,72.2,1.6039507389068604,258.4,0.0,6.02,104.8,1.611154317855835,328.54,11.8,10.49,78.2,1.6084542274475098,253.92,0.0,9.89,160.0,1.6143593788146973,64.07,0.0,9.87,116.8,1.6218929290771484,6.68,8.92,8.4,150.7,1.6145751476287842,304.98,0.36,9.85,112.8,1.6202497482299805,121.9,0.0,11.04,115.0,1.622387170791626,355.25,0.51,14.73,132.4,1.623000144958496,176.92,0.23,14.36,123.7,1.6283211708068848,346.64,0.0,11.65,149.9,1.6334598064422607,208.04,2.28,16.81,158.9,1.6221473217010498,115.93,1.74,13.31,120.6,1.629833698272705,45.18,2.8,13.22,125.3,1.631211519241333,211.55,7.83,15.08,144.5,1.6331684589385986,295.58,2.1,14.78,87.8,1.622525691986084,294.61,0.0,13.77,91.1,1.6215932369232178,133.95,9.23,16.16,149.7,1.6305716037750244,16.87,5.89,15.83,148.2,1.625903606414795,144.23,6.66,19.55,171.2,1.6323559284210205,184.75,3.34,17.49,178.9,1.636254072189331,,,,,,,,,,
146.6,0.0,0.01,0.1,1.5777430534362793,161.19,0.0,2.24,13.8,1.6061322689056396,161.02,0.0,8.47,87.1,1.606639385223389,166.11,0.0,9.96,134.3,1.625354528427124,33.13,0.0,15.45,41.4,1.6334807872772217,286.96,0.0,4.06,60.0,1.6373655796051023,38.85,0.92,8.77,68.9,1.6319093704223633,3.34,8.8,14.07,121.0,1.6360771656036377,79.8,2.22,14.61,50.0,1.6308064460754397,349.98,2.4,6.98,106.3,1.638120412826538,34.01,0.49,16.25,68.0,1.6343321800231934,98.79,10.84,12.98,149.4,1.6358282566070557,135.79,6.12,8.92,120.1,1.6298415660858154,197.4,2.09,18.2,85.9,1.64662766456604,289.42,3.8,6.41,140.4,1.6329936981201172,188.17,1.1,10.02,66.1,1.6362664699554443,250.4,2.74,8.06,78.5,1.636622428894043,174.81,6.33,16.62,129.9,1.6374635696411133,340.05,4.99,8.26,120.9,1.6458427906036377,282.48,1.9,9.96,92.8,1.642653465270996,208.48,11.73,16.24,101.2,1.6462814807891846,15.64,1.49,12.74,150.4,1.647702693939209,244.34,0.95,15.44,148.6,1.6512913703918457,62.84,11.41,18.32,148.3,1.6565499305725098,226.05,9.78,13.54,179.7,1.6583569049835205,82.0,8.88,12.92,168.8,1.6475050449371338,343.92,0.34,12.48,162.0,1.6582555770874023,273.78,8.37,16.29,166.5,1.6548078060150146,71.37,1.01,17.95,112.5,1.6545226573944092,153.98,0.0,16.82,161.3,1.6498966217041016,148.18,0.74,14.86,149.4,1.650923728942871,334.78,1.35,15.53,126.3,1.65478515625,219.73,0.0,12.81,131.5,1.6544976234436035,335.04,3.94,17.11,157.7,1.6564905643463137,9.05,11.44,16.86,173.5,1.664994239807129,,,,,,,,,,
146.6,0.12,0.02,0.2,1.6022799015045166,161.19,0.0,2.16,22.4,1.630129098892212,161.02,2.68,8.75,87.9,1.6352109909057615,159.26,9.96,11.67,170.3,1.654561996459961,21.8,9.31,9.11,129.7,1.657395601272583,270.35,0.0,10.37,89.1,1.6594219207763672,18.11,12.08,9.2,110.3,1.6592941284179688,337.15,0.0,9.34,63.0,1.664729118347168,48.43,0.0,10.57,67.1,1.6575655937194824,311.48,6.05,12.81,128.6,1.66206955909729,351.04,10.77,17.99,80.6,1.6583518981933594,46.05,0.0,14.39,42.5,1.6594140529632568,80.95,0.0,6.65,54.3,1.653611183166504,137.64,0.0,15.2,86.8,1.6699833869934082,223.77,6.02,15.45,147.8,1.6549301147460938,118.83,9.05,19.17,145.1,1.6661591529846191,177.8,0.0,8.49,112.2,1.6642649173736572,91.67,5.94,8.7,123.6,1.663967847824097,254.44,3.54,13.92,190.1,1.6735284328460691,195.29,0.0,17.15,106.8,1.6676654815673828,106.52,0.26,13.12,77.0,1.6716547012329102,274.22,7.38,16.02,101.1,1.6755311489105225,135.79,7.42,9.61,183.0,1.6763286590576172,305.33,0.0,16.95,98.5,1.6840927600860596,105.21,2.91,13.42,107.1,1.6862068176269531,319.92,0.0,10.7,134.5,1.678412675857544,212.17,7.95,15.96,141.4,1.681584119796753,138.08,0.0,13.72,92.9,1.6836352348327637,293.2,1.14,13.88,141.9,1.6829886436462402,6.59,6.9,14.51,147.8,1.6741697788238523,354.11,10.0,15.39,170.6,1.6793217658996582,176.57,2.84,18.0,155.9,1.6806583404541016,56.87,1.2,15.25,166.1,1.6787145137786863,165.67,0.0,13.48,144.9,1.6841776371002195,201.01,1.53,18.69,122.4,1.689347505569458,,,,,,,,,,
146.6,5.96,0.01,0.3,1.6262822151184082,161.19,2.78,2.24,22.6,1.654162883758545,161.02,6.58,8.81,88.0,1.659376859664917,152.58,3.17,9.9,67.0,1.6778085231781006,9.76,8.85,8.41,64.9,1.6826894283294678,253.3,11.86,7.01,82.3,1.6867032051086426,355.96,2.18,17.66,67.6,1.6842291355133057,311.04,0.08,14.39,144.4,1.6895813941955566,16.44,3.68,15.35,73.9,1.678389310836792,271.32,0.0,14.95,57.1,1.68984055519104,304.89,2.03,9.63,102.0,1.6864886283874512,357.45,0.22,13.69,85.5,1.6859920024871826,29.71,0.0,8.52,100.5,1.6794235706329346,77.26,3.54,8.99,134.9,1.6960668563842771,156.09,0.0,12.03,80.8,1.685580492019653,44.82,1.78,12.58,119.0,1.6883249282836914,102.92,2.77,9.02,121.3,1.6883313655853271,14.15,0.0,9.49,126.1,1.6857116222381592,166.03,0.0,11.11,103.5,1.7008581161499023,102.48,11.27,18.54,115.7,1.6947288513183594,9.49,0.0,17.15,127.2,1.7011761665344238,169.45,0.0,5.67,119.9,1.6994991302490234,28.3,1.92,12.8,71.1,1.699664831161499,194.94,2.1,13.07,143.6,1.7081680297851562,343.3,0.16,12.22,163.5,1.7118403911590576,193.01,3.35,13.08,183.8,1.7073376178741455,82.88,0.73,13.78,97.2,1.706918239593506,6.42,0.0,12.36,140.6,1.7085981369018557,152.49,7.6,16.37,134.2,1.7108378410339355,229.83,3.49,15.54,153.3,1.7021722793579102,194.5,0.0,10.77,102.2,1.7068548202514648,18.28,8.65,17.22,152.7,1.70587158203125,258.66,5.08,15.14,138.9,1.708845138549805,356.22,12.05,16.91,148.0,1.7130897045135498,26.63,0.02,17.79,175.5,1.7164812088012695,,,,,,,,,,
146.6,9.62,0.03,0.3,1.6507418155670166,161.19,6.87,2.25,22.5,1.6781625747680664,161.02,1.45,8.78,58.9,1.687471866607666,146.07,0.0,4.2,69.2,1.704667568206787,358.86,2.28,10.25,54.2,1.7102630138397217,235.81,2.58,16.96,94.1,1.7126531600952148,334.07,0.0,12.71,99.0,1.712784767150879,282.48,11.92,12.61,150.3,1.7177679538726809,344.71,7.01,9.08,126.2,1.7106561660766602,232.56,1.51,15.37,109.4,1.7162342071533203,260.6,0.27,9.3,203.8,1.711339235305786,307.62,12.7,9.16,188.9,1.715104579925537,336.71,6.62,17.69,89.3,1.7021667957305908,18.72,6.21,9.52,65.5,1.7175335884094238,90.53,1.36,15.95,66.3,1.7080321311950684,333.37,0.39,7.74,102.0,1.7172889709472656,26.46,8.44,12.13,126.4,1.7121012210845947,296.02,1.33,9.24,106.0,1.7170703411102295,77.43,2.84,8.73,108.7,1.7304394245147705,3.08,2.62,14.51,114.3,1.718940258026123,276.68,11.89,14.9,152.5,1.7244563102722168,68.99,0.2,12.78,183.8,1.728288650512695,286.52,0.0,10.05,152.6,1.7279796600341797,80.07,10.77,17.38,143.6,1.7367923259735107,220.78,10.78,17.85,119.7,1.738274097442627,68.47,7.62,14.93,116.2,1.731210470199585,319.57,0.02,15.57,150.9,1.735919952392578,239.5,11.28,12.24,178.1,1.7373039722442627,10.99,0.0,13.24,86.2,1.7354059219360352,83.76,0.0,11.86,137.6,1.7269389629364014,42.45,1.16,16.51,150.9,1.7308928966522217,225.0,0.0,14.65,102.2,1.7371933460235596,96.59,0.0,9.13,111.1,1.7337539196014404,181.58,2.13,15.06,166.4,1.7417337894439695,217.35,8.87,14.66,172.0,1.7405173778533936,,,,,,,,,,
146.6,3.69,0.01,0.2,1.6752192974090576,161.19,1.36,2.24,15.8,1.706162452697754,161.02,0.0,8.25,87.5,1.7083261013031006,139.57,0.9,9.31,106.1,1.72996187210083,346.29,0.0,10.95,75.6,1.737989902496338,218.5,0.0,5.63,173.9,1.7375454902648926,311.66,10.2,9.19,154.2,1.7368907928466797,252.33,0.0,9.59,81.6,1.7417302131652832,312.45,0.0,5.25,75.1,1.7351069450378418,193.27,7.0,12.26,152.4,1.741610765457153,216.12,12.5,10.67,202.3,1.7412145137786863,255.23,2.33,9.7,50.9,1.73724102973938,281.16,4.72,9.02,161.3,1.7308135032653809,322.47,0.9,12.78,66.1,1.744983196258545,26.89,12.15,11.77,85.1,1.73378324508667,263.41,12.05,15.73,96.1,1.741065263748169,309.64,0.0,5.4,66.5,1.7401971817016602,216.3,10.17,17.45,177.9,1.7453532218933103,352.97,4.92,13.07,185.4,1.7533178329467771,275.45,0.0,13.19,111.2,1.7490713596343994,173.76,1.9,10.45,100.8,1.7521932125091553,326.16,8.3,17.5,116.9,1.7539560794830322,176.84,9.91,12.43,174.0,1.7564117908477783,323.88,0.0,16.67,124.9,1.760291576385498,96.33,1.91,10.89,92.9,1.7631916999816897,304.98,0.0,10.6,93.0,1.7526075839996338,189.23,10.62,14.81,123.5,1.7625365257263184,99.93,2.16,16.55,145.8,1.762040615081787,240.56,0.24,16.31,152.6,1.762878179550171,300.06,8.62,14.74,151.3,1.7557833194732666,253.65,7.83,17.25,157.9,1.7598004341125488,67.76,0.31,14.26,146.4,1.7619376182556152,304.54,0.74,16.37,143.7,1.76157546043396,11.87,0.0,19.05,162.5,1.7669618129730225,43.68,1.94,16.61,176.9,1.7686505317687988,,,,,,,,,,
146.6,0.0,0.0,0.1,1.7000813484191897,161.19,0.0,2.02,22.5,1.7302653789520264,161.02,4.81,8.76,87.6,1.7353057861328125,132.98,9.96,4.19,95.3,1.7549421787261963,333.98,10.16,10.25,72.5,1.7628843784332275,201.18,3.3,14.47,74.4,1.7679626941680908,288.54,3.37,6.38,118.5,1.7654786109924316,226.49,0.21,11.34,59.0,1.766181707382202,281.07,0.42,6.88,104.8,1.758336067199707,153.54,0.0,12.45,52.3,1.7695317268371582,169.19,1.5,6.15,89.9,1.7626395225524902,207.16,0.0,12.57,152.5,1.7652080059051514,226.41,0.0,9.22,74.6,1.7580175399780271,261.3,0.09,10.15,194.9,1.7739083766937256,320.71,2.04,12.78,130.1,1.7636620998382568,190.28,0.92,19.12,89.3,1.769707202911377,237.04,0.71,8.34,116.0,1.766592502593994,130.78,0.0,8.55,80.1,1.7685956954956057,263.94,0.0,10.67,113.2,1.780937671661377,181.49,11.1,18.05,109.9,1.778264045715332,75.15,0.0,15.52,129.5,1.776407241821289,221.22,0.0,10.46,74.3,1.7776551246643066,67.24,2.31,11.68,139.6,1.7848551273345947,208.21,2.91,17.77,151.0,1.7920706272125244,343.13,0.0,12.9,116.6,1.7941279411315918,184.48,2.12,14.19,132.6,1.785576581954956,53.35,0.0,12.5,96.9,1.7898783683776855,326.78,0.07,15.56,122.2,1.7904541492462158,100.02,10.02,14.74,136.7,1.791264533996582,154.69,3.16,17.77,179.9,1.784238338470459,101.95,0.0,9.46,111.4,1.784299612045288,273.87,8.29,14.78,148.5,1.790299415588379,141.94,7.48,14.41,160.1,1.7861456871032717,209.36,11.77,19.04,166.2,1.7964293956756592,234.49,0.09,17.54,165.9,1.792402744293213,,,,,,,,,,
146.6,0.08,0.01,0.1,1.7209243774414062,161.19,5.3,2.25,22.5,1.759577751159668,161.02,7.69,8.74,87.5,1.7609364986419678,126.39,2.78,5.37,95.9,1.7777917385101318,321.15,3.09,9.66,93.3,1.7865207195281982,184.22,5.15,11.39,143.8,1.7929625511169434,267.28,0.0,10.33,126.2,1.7892892360687256,199.51,12.93,17.57,62.0,1.7952232360839844,248.2,11.34,9.24,115.3,1.7885589599609375,115.93,3.46,12.31,73.9,1.7980337142944336,127.09,0.0,16.73,118.9,1.7910652160644531,156.01,11.28,10.98,110.7,1.794459342956543,174.02,3.45,8.17,145.7,1.7798223495483398,198.63,9.61,15.28,189.8,1.8019845485687256,252.86,0.38,18.94,117.7,1.787806510925293,120.85,0.11,12.19,136.4,1.7970304489135742,162.86,11.07,7.51,102.0,1.7958507537841797,52.65,0.0,15.96,144.2,1.7937772274017334,175.17,7.09,10.85,94.3,1.8082892894744875,83.94,2.02,17.78,107.1,1.8025233745574951,337.5,10.37,18.63,115.0,1.8086588382720947,121.55,0.42,10.7,175.3,1.805447340011597,319.48,0.0,12.01,154.8,1.809121370315552,94.57,8.14,13.52,124.1,1.815901041030884,221.48,10.6,13.74,138.9,1.82236909866333,58.54,10.62,16.75,155.2,1.8083081245422363,291.45,0.26,12.74,155.3,1.8182899951934808,191.07,10.65,13.56,171.7,1.8149878978729248,310.87,0.0,10.13,107.2,1.8154239654541016,5.89,0.0,11.0,129.6,1.810013055801392,312.98,1.8,16.8,141.2,1.8122107982635496,117.33,0.0,14.07,113.0,1.8136417865753167,337.68,0.0,10.14,115.8,1.8155150413513184,34.28,2.5,16.9,158.6,1.820359468460083,61.26,12.38,15.05,177.6,1.824684858322144,,,,,,,,,,
146.6,2.48,0.02,0.3,1.7493534088134766,161.19,7.26,2.26,22.5,1.783149003982544,161.02,2.01,8.71,55.8,1.7851955890655518,120.06,0.0,6.87,143.2,1.808568000793457,309.38,0.0,11.2,82.1,1.81473445892334,166.55,0.0,6.25,99.7,1.8173587322235107,243.98,11.13,17.89,103.9,1.818796873092652,172.09,2.36,15.08,54.7,1.818683385848999,214.45,2.44,16.07,72.7,1.81267523765564,77.17,9.62,15.68,141.2,1.82192063331604,80.77,11.96,10.8,83.6,1.8183374404907229,102.48,2.29,14.31,104.9,1.8221354484558103,120.06,10.14,13.85,117.5,1.809319257736206,137.02,0.0,13.37,102.9,1.8265671730041504,184.75,10.38,7.09,104.3,1.815746068954468,47.11,12.76,8.06,75.1,1.8207719326019287,84.29,2.76,8.09,77.0,1.817267894744873,332.49,11.5,10.22,81.7,1.823919057846069,90.35,7.42,9.26,162.8,1.832667112350464,351.83,0.86,17.57,83.6,1.8266472816467283,233.44,0.0,12.83,92.3,1.836781024932861,14.41,11.58,11.15,162.4,1.8338885307312007,209.79,10.97,12.35,148.3,1.837029933929444,342.25,0.0,13.97,74.3,1.842857360839844,96.86,1.83,16.81,131.6,1.847386360168457,290.92,0.0,8.81,114.8,1.837630033493042,160.75,10.62,16.3,132.6,1.8422152996063232,49.39,0.0,13.49,101.7,1.8438405990600584,170.95,3.22,15.97,177.9,1.8429679870605469,229.31,3.01,17.72,156.7,1.8332982063293457,161.02,7.18,15.77,175.7,1.8401634693145752,316.67,0.94,18.14,167.4,1.8423864841461184,174.46,3.11,17.77,149.2,1.8379583358764648,231.06,0.37,15.04,146.2,1.84992265701294,244.42,0.0,14.83,109.2,1.848737001419068,,,,,,,,,,
146.51,9.16,0.03,0.3,1.7693560123443604,161.19,2.06,2.25,12.8,1.807107210159301,161.02,0.0,6.65,87.7,1.808729887008667,113.2,3.94,14.53,94.9,1.8329055309295648,296.72,2.88,14.98,104.2,1.840059280395508,149.68,2.36,14.41,98.9,1.846349000930786,220.25,2.5,10.36,151.3,1.847763538360596,144.84,0.0,16.02,136.0,1.8467326164245603,182.37,0.0,7.59,118.5,1.8414483070373533,37.97,0.45,6.19,93.0,1.8462214469909668,35.6,3.93,12.04,96.2,1.842416763305664,49.75,0.0,8.96,166.1,1.8465464115142824,59.85,0.0,4.88,69.7,1.8356730937957764,73.04,0.24,9.43,194.4,1.85103702545166,117.69,0.82,12.88,106.8,1.8402769565582275,339.08,2.74,17.16,128.9,1.8497474193573,13.89,0.0,5.87,74.2,1.8400566577911377,248.2,2.12,13.87,109.1,1.8457190990448,6.06,1.96,11.73,111.9,1.8563973903656008,260.68,11.72,15.28,110.8,1.8546817302703853,138.34,1.45,10.88,186.4,1.862031936645508,269.21,0.0,7.63,88.5,1.8579418659210205,96.86,0.02,12.4,104.6,1.8668630123138428,231.06,0.5,15.7,178.9,1.8667919635772705,338.73,0.5,12.67,169.3,1.8759477138519287,170.07,1.43,17.38,112.6,1.8607590198516848,24.35,0.0,17.66,84.4,1.8698070049285889,276.94,0.58,14.15,129.3,1.868448734283448,29.0,7.52,14.7,138.5,1.870697975158692,82.62,5.77,14.63,148.0,1.8629462718963623,6.42,1.94,15.1,140.9,1.8665225505828853,159.61,7.58,15.45,178.6,1.8705356121063232,10.99,7.12,16.01,176.7,1.8661751747131348,63.28,11.35,17.05,161.8,1.8738212585449217,71.54,0.26,16.41,179.3,1.8767895698547363,,,,,,,,,,
146.6,3.69,0.03,0.3,1.7946243286132812,161.19,0.0,1.95,22.4,1.831110954284668,161.02,4.76,8.74,87.4,1.8350727558135984,106.0,7.52,8.83,81.6,1.8582122325897217,283.97,5.03,11.4,102.0,1.868131399154663,132.19,10.16,10.35,133.9,1.8687589168548584,198.02,0.05,12.06,79.9,1.86924409866333,116.98,12.56,12.13,144.1,1.8749616146087649,150.21,11.52,12.05,122.6,1.8660204410552976,2.02,0.0,6.85,106.2,1.869678497314453,352.79,0.0,9.66,196.7,1.865797519683838,0.79,3.38,19.74,67.3,1.8710386753082275,8.7,0.0,16.57,80.0,1.860147476196289,14.5,7.58,12.05,90.4,1.87580680847168,48.25,0.54,15.09,157.1,1.867673635482788,265.25,0.0,13.38,175.8,1.8753602504730225,304.63,3.34,10.05,101.6,1.867844820022583,165.59,0.02,12.18,82.4,1.877105474472046,283.89,0.96,17.71,154.0,1.8841655254364007,163.74,0.0,8.35,54.5,1.8798773288726809,38.32,11.0,16.9,109.5,1.8901488780975344,172.88,0.33,12.48,143.2,1.885507345199585,349.28,1.41,15.77,143.7,1.8900022506713867,116.81,7.38,16.31,115.9,1.8973066806793213,217.27,9.95,13.64,123.0,1.900738954544068,43.95,10.38,12.08,152.4,1.8887009620666504,262.09,0.3,14.6,151.7,1.8961260318756104,142.38,8.09,18.25,141.7,1.89729905128479,252.16,0.0,10.23,138.1,1.8995904922485352,300.06,0.0,9.64,122.4,1.887845993041992,225.0,0.38,16.86,142.8,1.8883767127990725,0.09,1.25,14.38,119.6,1.894639492034912,213.4,0.0,12.19,134.5,1.8944664001464844,252.95,1.56,17.75,105.9,1.902379274368286,261.91,9.83,17.41,162.2,1.9017109870910645,,,,,,,,,,
146.6,0.0,-0.01,0.3,1.818540334701538,161.19,3.37,2.24,22.5,1.8572986125946045,161.02,8.74,8.77,87.8,1.857102394104004,99.32,1.84,9.85,74.6,1.88204288482666,271.32,0.0,8.52,73.7,1.892625331878662,114.17,0.0,5.87,90.3,1.897681713104248,176.04,11.46,13.17,89.6,1.901465654373169,87.63,2.23,13.63,57.7,1.9014017581939693,115.05,2.2,7.17,159.4,1.894157648086548,326.51,1.22,6.44,66.4,1.896467447280884,308.32,2.25,14.45,166.9,1.8944079875946045,314.56,6.48,15.19,63.9,1.896252155303955,318.08,4.47,10.12,126.5,1.883982419967652,316.05,3.03,12.54,96.8,1.902680397033692,341.98,9.62,7.16,70.6,1.89429235458374,192.3,12.7,8.18,92.5,1.901861429214477,225.35,8.07,10.7,122.9,1.8921446800231927,85.96,12.94,10.87,142.7,1.9013962745666504,194.77,9.85,10.54,93.3,1.9105241298675537,76.9,0.0,11.74,149.9,1.9093117713928225,297.42,0.0,11.4,84.8,1.9141085147857664,67.68,12.38,11.03,155.5,1.9137392044067385,238.62,8.64,12.1,131.1,1.918520450592041,0.79,2.11,13.8,142.9,1.9229702949523928,97.47,0.76,17.33,73.4,1.925090312957764,276.15,0.0,14.93,105.2,1.918087720870972,132.45,9.5,15.41,147.0,1.9220201969146729,4.31,1.53,17.94,116.3,1.9197492599487305,111.88,4.07,15.18,130.0,1.9228184223175049,159.96,3.69,14.61,149.8,1.9140217304229736,73.04,11.58,17.18,152.3,1.920182466506958,213.75,0.43,14.51,145.0,1.9198980331420896,51.06,2.48,15.99,188.3,1.9225718975067136,84.9,0.07,16.58,156.9,1.926015853881836,88.68,2.19,14.44,147.9,1.9292881488800049,,,,,,,,,,
146.6,0.4,0.02,0.2,1.8429079055786133,161.19,7.82,2.26,22.5,1.882244348526001,161.02,2.32,8.76,51.6,1.885289430618286,92.72,0.0,7.04,86.2,1.9068169593811035,259.28,1.71,15.32,105.5,1.9229083061218264,97.82,0.16,6.79,75.3,1.9176952838897705,153.81,2.28,11.27,108.9,1.9252009391784668,61.26,0.0,14.87,101.4,1.9254920482635496,82.35,0.0,7.04,91.8,1.9190332889556885,289.25,8.56,9.74,118.7,1.9179787635803225,261.91,5.12,18.45,77.8,1.9209659099578853,264.38,0.0,9.75,105.9,1.9247238636016848,260.33,5.22,8.79,148.0,1.91182804107666,254.97,0.0,15.3,111.6,1.926640272140503,279.05,2.54,6.04,127.9,1.91602635383606,122.96,3.19,11.56,78.0,1.927243709564209,148.18,0.0,7.47,92.6,1.9200739860534668,1.85,3.56,16.73,146.4,1.9253528118133545,109.86,2.2,11.13,117.6,1.936485290527344,344.09,12.16,14.89,172.1,1.9313538074493408,201.97,1.3,9.02,163.3,1.938431024551392,321.42,1.87,16.21,90.4,1.9381341934204104,129.9,0.0,13.45,87.9,1.9437906742095947,253.83,0.07,12.18,108.2,1.9508180618286133,343.21,0.25,13.37,120.2,1.9535174369812007,151.61,3.26,15.34,130.4,1.941664695739746,0.44,2.92,14.78,141.6,1.9468631744384768,238.54,1.46,13.85,128.4,1.949141263961792,329.5,5.68,16.45,162.8,1.9511818885803225,10.81,8.75,14.5,163.5,1.9406731128692627,278.09,0.0,10.96,95.3,1.9439489841461184,56.07,10.58,15.6,147.0,1.949967861175537,252.25,6.56,15.81,159.4,1.9445903301239007,281.43,9.4,19.12,166.3,1.955580234527588,278.53,1.4,16.89,148.1,1.95335054397583,,,,,,,,,,
146.6,4.07,0.02,0.3,1.8669066429138184,161.19,2.3,2.24,13.5,1.906785488128662,161.02,0.0,7.72,87.2,1.909562587738037,85.96,2.09,6.48,65.1,1.930187463760376,247.06,6.94,11.29,100.3,1.944390058517456,81.74,3.18,6.49,132.9,1.944701910018921,131.57,0.39,7.51,120.3,1.9525461196899407,33.13,5.04,17.7,111.1,1.9542763233184808,51.77,1.73,20.11,120.6,1.942444086074829,250.93,1.83,15.94,66.6,1.9453685283660889,217.79,0.0,9.6,74.4,1.946481704711914,214.28,3.46,10.37,158.7,1.9461548328399656,205.58,0.0,8.47,70.2,1.938273906707764,192.04,5.64,17.82,101.9,1.9570417404174805,213.49,0.0,9.2,141.9,1.9480695724487305,51.77,0.0,11.57,171.6,1.953704833984375,75.32,0.18,11.89,131.2,1.9475033283233645,284.41,0.0,7.34,98.3,1.949390172958374,19.6,0.08,17.39,157.4,1.964066505432129,245.65,2.15,15.75,64.0,1.9599847793579104,106.52,10.56,15.57,116.2,1.9663090705871584,220.52,0.92,9.29,166.6,1.9664766788482664,23.2,0.27,13.42,118.9,1.9712464809417725,139.75,10.1,18.09,154.8,1.975786209106445,222.45,10.98,12.17,110.2,1.982324361801148,23.99,7.68,13.85,180.2,1.973119020462036,238.62,0.01,13.82,116.0,1.9740972518920896,103.01,9.58,15.52,183.6,1.9732134342193604,187.91,0.0,11.93,129.5,1.9800162315368648,228.96,0.0,10.52,122.1,1.969038486480713,132.19,1.3,14.86,146.2,1.9719412326812744,256.64,0.0,14.7,98.6,1.971938848495484,90.97,0.0,13.22,129.0,1.97441840171814,113.29,0.17,17.4,108.1,1.979935884475708,106.08,9.58,16.26,178.7,1.9814579486846924,,,,,,,,,,
146.6,9.88,0.03,0.3,1.8904943466186523,161.19,0.0,2.11,22.3,1.931385517120361,161.02,2.85,8.74,87.5,1.9373729228973389,79.45,10.98,9.02,93.5,1.9545021057128904,234.14,0.0,7.11,69.8,1.971879959106445,65.13,6.9,15.39,136.6,1.972728490829468,109.51,12.8,11.42,147.4,1.9811773300170896,5.54,7.32,12.31,97.7,1.976130723953247,18.63,8.44,9.05,139.4,1.968220472335816,212.52,0.0,17.43,149.4,1.974090576171875,175.96,0.37,6.52,97.7,1.971078634262085,163.04,8.16,15.98,88.4,1.9755470752716064,153.72,1.76,9.72,147.3,1.959418773651123,130.61,4.3,19.69,97.8,1.982757568359375,149.24,8.54,15.9,185.1,1.9728903770446773,340.05,3.71,8.47,101.2,1.981935977935791,358.42,10.83,14.28,141.4,1.976869821548462,207.33,3.11,19.14,154.1,1.9771480560302728,293.2,11.44,9.99,84.4,1.9919779300689693,156.62,0.44,15.87,165.7,1.9836106300354004,1.85,2.4,10.9,173.9,1.9915101528167725,120.67,11.19,9.92,181.8,1.9913289546966555,276.24,9.72,15.11,152.4,1.9962913990020752,18.63,0.0,15.82,76.3,2.0030746459960938,97.82,1.96,17.68,86.5,2.006312131881714,262.27,0.0,7.47,118.0,1.997462034225464,108.98,11.18,12.3,157.3,2.0023319721221924,325.72,0.74,13.99,94.7,2.0010385513305664,47.29,1.69,17.65,146.9,2.0028367042541504,82.71,1.33,16.01,140.8,1.990866661071777,337.59,9.38,15.66,174.6,1.9976654052734373,105.21,1.96,17.41,151.8,2.003711223602295,291.62,1.87,15.83,182.8,1.996186256408692,302.7,0.97,16.24,147.2,2.0093226432800293,288.81,0.75,17.37,120.4,2.0097241401672363,,,,,,,,,,
146.51,2.85,0.01,0.2,1.9146254062652588,161.19,2.6,2.25,22.3,1.9556884765625,161.02,8.79,8.76,87.8,1.9583442211151123,72.6,5.81,10.71,136.2,1.98024582862854,222.1,0.47,14.91,103.1,1.999990463256836,47.37,0.0,6.73,40.1,1.9977941513061523,85.17,1.95,16.45,88.8,2.007793664932251,340.66,0.0,14.14,56.3,2.004690170288086,346.73,1.14,13.77,48.8,1.9906978607177728,174.2,11.55,8.33,107.4,2.002924680709839,133.95,11.28,15.9,148.0,1.998697519302368,113.03,0.0,11.95,97.1,2.001915693283081,98.96,11.91,15.56,68.5,1.9882161617279053,69.7,0.0,10.11,159.3,2.010878801345825,80.42,4.52,17.27,92.0,1.996199131011963,269.74,5.82,11.28,80.7,2.006345510482788,276.59,0.0,12.74,118.2,2.000352621078491,125.24,4.78,7.8,97.6,2.0041592121124268,207.33,2.8,11.02,174.4,2.0162835121154785,61.7,12.16,16.11,162.5,2.0124974250793457,269.38,0.34,10.64,120.7,2.021061897277832,14.33,2.78,10.45,124.3,2.019434928894043,167.08,1.51,14.08,122.7,2.0265772342681885,272.02,0.26,13.68,136.0,2.027417182922364,344.09,0.33,11.23,179.7,2.0343992710113525,141.42,2.7,15.96,151.7,2.022301435470581,331.17,0.0,15.24,87.8,2.0299196243286133,194.33,0.48,15.51,127.8,2.0271639823913574,270.09,4.88,14.0,134.7,2.03121304512024,300.06,8.26,17.71,155.0,2.020984411239624,185.27,0.29,13.64,95.9,2.026541948318481,306.21,8.44,15.47,169.6,2.031662702560425,129.99,6.15,14.68,142.9,2.0286529064178467,135.18,8.55,16.62,145.1,2.0352163314819336,115.31,0.5,17.14,174.2,2.038161516189575,,,,,,,,,,
146.6,0.0,0.0,-0.3,1.938925743103028,161.19,8.48,2.26,22.6,1.980196237564087,161.02,2.13,8.73,81.0,1.9860305786132808,65.39,0.0,9.08,129.7,2.004491090774536,209.44,9.53,15.48,99.3,2.025190591812134,31.46,0.0,10.57,93.5,2.0207505226135254,64.42,0.0,6.6,134.3,2.029350757598877,313.68,1.15,13.72,117.6,2.027961492538452,314.21,0.08,10.05,105.9,2.01970648765564,135.18,0.45,10.36,132.3,2.0276198387146,85.96,2.08,10.89,143.2,2.026479959487915,62.14,0.0,18.35,102.9,2.02628231048584,43.24,2.12,12.46,200.4,2.015530586242676,8.09,0.52,9.8,116.5,2.031064748764038,16.7,0.0,8.32,66.9,2.0200459957122803,199.07,0.0,8.95,130.8,2.033668041229248,198.46,1.1,13.98,145.7,2.0282750129699707,47.64,0.27,14.84,120.1,2.025636911392212,119.53,0.0,16.97,153.9,2.0455055236816406,325.9,1.77,16.52,54.1,2.0403897762298584,170.16,10.35,17.26,116.8,2.0501708984375,272.64,0.06,12.2,114.7,2.043769359588623,57.74,0.0,12.43,127.0,2.048084259033203,157.15,9.62,17.97,147.3,2.056551933288574,222.54,10.03,15.59,110.1,2.058166027069092,14.68,8.68,15.87,137.8,2.049464225769043,205.05,0.16,17.17,158.5,2.055818557739258,58.97,10.17,14.41,177.5,2.057281732559204,129.55,0.0,11.96,121.9,2.0593461990356445,152.93,0.0,12.85,97.8,2.047548055648804,37.44,0.08,14.64,142.7,2.0510449409484863,148.1,0.0,16.74,116.8,2.055844783782959,324.93,0.0,12.51,117.7,2.0490078926086426,324.84,0.0,10.37,109.4,2.0627803802490234,299.18,7.06,15.16,167.1,2.0661861896514893,,,,,,,,,,
146.6,1.35,0.02,0.2,1.9629456996917725,161.19,1.6,2.24,15.8,2.009110927581787,161.02,0.0,7.73,86.8,2.0111007690429688,58.8,0.22,15.66,73.7,2.0284624099731445,197.05,0.0,15.6,70.1,2.0538127422332764,14.94,4.44,8.68,164.1,2.047268867492676,42.89,3.37,8.39,155.2,2.0571436882019043,284.94,8.67,14.73,102.7,2.0561978816986084,280.2,9.32,14.99,150.6,2.048783540725708,95.36,0.09,10.91,181.5,2.0561838150024414,41.13,0.0,8.24,159.9,2.0515263080596924,11.6,12.47,6.42,127.2,2.0553171634674072,347.7,0.11,9.87,182.8,2.0401172637939453,312.28,10.58,12.13,81.1,2.060505151748657,315.79,2.49,7.87,94.2,2.0454132556915283,129.99,1.03,8.05,105.7,2.057032823562622,120.76,6.34,15.35,177.7,2.0571846961975098,326.16,2.81,11.46,79.9,2.0573976039886475,28.83,12.06,13.17,95.6,2.070312976837158,235.02,0.32,16.74,136.1,2.0691676139831543,67.24,1.16,15.52,98.6,2.0745067596435547,168.05,10.9,12.31,175.7,2.0725996494293213,309.99,9.04,14.64,99.0,2.0755867958068848,42.28,2.21,16.47,116.7,2.079005718231201,97.21,1.52,11.74,83.4,2.0861165523529053,252.25,0.0,12.92,90.7,2.0740883350372314,75.67,9.79,13.92,148.0,2.0840775966644287,281.43,0.0,12.63,93.5,2.0812528133392334,346.73,6.16,13.94,167.4,2.086777210235596,10.72,0.39,17.35,142.4,2.0718753337860107,249.7,10.64,16.0,172.3,2.0792076587677,348.13,2.77,15.24,155.8,2.083906412124634,162.77,4.18,13.67,157.5,2.08187222480774,156.18,3.42,18.21,154.6,2.089836835861206,125.42,0.0,11.47,121.2,2.089700698852539,,,,,,,,,,
146.6,8.14,0.03,0.3,1.9905128479003904,161.19,0.0,1.99,21.5,2.0298874378204346,161.02,3.59,8.74,87.6,2.0351762771606445,51.86,13.05,7.66,64.1,2.056697130203247,185.01,0.36,14.2,105.8,2.0781683921813965,358.42,5.49,14.38,94.2,2.0681300163269043,20.92,9.46,13.77,106.8,2.081021308898926,256.55,0.0,7.85,73.0,2.0801682472229004,246.18,0.0,11.0,97.1,2.071685075759888,56.69,10.89,14.87,97.3,2.078332901000977,357.63,9.0,7.9,100.8,2.0743682384490967,321.33,2.76,13.06,110.0,2.078555107116699,292.94,12.1,12.25,138.3,2.0690906047821045,248.99,0.0,7.8,51.7,2.085059642791748,252.6,12.65,6.76,72.9,2.068121194839477,59.15,10.49,17.4,132.6,2.081808567047119,41.84,0.0,9.02,136.3,2.0828957557678223,246.18,8.79,13.08,168.0,2.081204652786255,302.7,2.37,8.97,154.2,2.098652601242065,141.86,9.77,16.54,128.2,2.094541311264038,333.72,0.06,15.99,117.2,2.102499485015869,58.89,2.01,16.31,102.8,2.095546007156372,204.7,2.11,12.59,173.7,2.1040186882019043,289.86,1.59,12.66,124.3,2.1076252460479736,344.79,0.05,10.99,144.4,2.1128499507904053,132.71,0.34,16.93,140.3,2.1017749309539795,307.35,1.65,15.91,117.1,2.107354164123535,151.26,0.66,14.43,137.1,2.109734296798706,206.1,4.15,13.41,155.2,2.110848903656006,227.99,9.44,15.54,154.9,2.099870681762696,91.85,1.92,13.7,87.4,2.1039719581604004,190.46,6.18,15.21,149.7,2.1102490425109863,357.98,5.17,15.75,164.6,2.1097733974456787,346.9,6.46,19.2,167.1,2.1131186485290527,309.55,1.66,18.92,172.3,2.1181769371032715,,,,,,,,,,
146.6,8.54,0.03,0.2,2.010511875152588,161.19,2.71,2.25,22.6,2.0587809085845947,161.02,10.08,8.8,87.6,2.0597214698791504,45.0,4.96,7.32,108.1,2.081008195877075,172.53,11.09,13.51,95.9,2.1058926582336426,341.1,0.0,6.41,129.0,2.097294330596924,358.68,0.0,4.36,105.8,2.109379768371582,230.45,0.03,14.57,141.6,2.1085071563720703,213.75,0.2,10.09,128.8,2.0998728275299072,17.75,3.74,19.96,145.8,2.102674961090088,313.24,3.24,11.2,107.3,2.106142520904541,269.21,0.0,9.13,143.5,2.1068274974823,233.44,2.12,11.72,93.3,2.091825008392334,191.16,0.0,19.23,126.1,2.1130380630493164,187.03,3.63,8.85,145.7,2.097161293029785,344.44,0.0,13.62,131.7,2.113116502761841,328.1,0.58,15.84,166.4,2.1067545413970947,163.3,0.0,11.3,62.6,2.1098010540008545,216.74,0.0,15.29,176.0,2.123293876647949,45.97,2.18,18.25,161.4,2.122376680374145,233.7,8.84,14.34,94.4,2.1279537677764893,316.85,0.27,12.22,140.1,2.127068281173706,95.62,0.0,10.77,155.4,2.1279451847076416,175.25,8.9,16.27,122.0,2.1363136768341064,222.89,9.27,11.02,167.1,2.141851663589477,4.13,11.08,13.63,162.5,2.128058671951294,176.84,0.64,13.87,163.5,2.136713981628418,13.36,10.16,12.75,178.9,2.133650302886963,65.04,0.0,12.71,150.5,2.13932204246521,82.79,2.16,14.22,116.4,2.1241226196289062,308.94,0.0,14.41,161.1,2.132155179977417,32.17,0.0,10.34,89.9,2.132650136947632,194.94,0.0,13.11,132.5,2.134624719619751,177.28,0.0,12.13,136.2,2.144816637039185,135.7,6.89,17.86,191.3,2.1421797275543213,,,,,,,,,,
146.6,3.15,0.03,0.2,2.034512758255005,161.19,9.08,2.26,22.6,2.0824437141418457,161.02,0.0,8.72,53.0,2.0887465476989746,38.32,0.0,4.66,32.6,2.1007864475250244,159.96,2.01,11.44,49.5,2.1318283081054688,323.61,1.02,13.39,107.0,2.121663808822632,337.24,0.6,10.22,165.5,2.133387565612793,202.06,9.78,7.73,138.0,2.1352171897888184,180.26,10.72,6.97,83.8,2.128214836120605,339.26,0.0,14.87,108.9,2.1312289237976074,266.84,0.0,16.46,82.8,2.130208730697632,219.02,9.44,8.56,138.4,2.1305899620056152,179.21,0.24,16.66,66.5,2.1203508377075195,129.2,11.26,18.84,78.7,2.136796712875366,122.17,0.0,10.53,167.4,2.1243438720703125,270.53,1.04,7.45,91.5,2.1368558406829834,249.17,8.94,18.86,184.2,2.136530876159668,83.94,0.0,12.91,170.3,2.133940935134888,128.94,10.9,15.08,86.1,2.151883363723755,314.82,0.12,18.28,112.5,2.14638900756836,139.39,1.96,11.19,140.1,2.1566314697265625,211.73,8.62,15.28,137.4,2.1555917263031006,348.05,11.69,11.54,174.3,2.157475471496582,59.77,1.93,15.25,113.1,2.160851240158081,102.66,0.04,15.08,74.5,2.1633074283599854,243.28,1.6,18.12,97.7,2.1515109539031982,46.05,11.3,13.08,179.0,2.162586212158203,237.48,0.0,12.76,93.6,2.162994384765625,287.23,7.68,14.08,151.5,2.166055917739868,299.27,0.1,17.09,174.2,2.152163505554199,156.8,9.91,17.09,176.4,2.156724452972412,245.74,2.07,16.62,150.4,2.1615869998931885,31.9,3.16,14.12,157.4,2.163541555404663,8.17,2.46,14.52,165.3,2.1692771911621094,320.19,0.0,12.11,131.6,2.1697163581848145,,,,,,,,,,
146.6,0.0,0.0,0.0,2.058518409729004,161.19,2.18,2.24,22.1,2.106900930404663,161.02,0.0,8.12,87.4,2.112687587738037,31.9,0.03,7.91,46.9,2.1257364749908447,148.1,0.32,9.72,80.2,2.154228925704956,305.24,7.11,14.63,114.4,2.150139570236206,314.12,9.05,15.45,70.5,2.161073446273804,175.52,2.38,12.91,64.5,2.1608853340148926,148.1,2.06,12.08,119.1,2.157064914703369,299.44,12.79,11.17,171.1,2.1595804691314697,222.1,6.49,20.0,126.4,2.158277988433838,169.72,3.0,16.53,93.9,2.156282663345337,124.63,12.8,11.97,200.7,2.1490089893341064,66.09,3.1,10.19,145.7,2.166610717773437,53.88,3.52,19.46,132.2,2.153165102005005,202.94,9.93,18.76,141.1,2.1663858890533447,171.56,0.0,10.92,119.9,2.159867763519287,2.29,9.5,18.36,150.9,2.157003402709961,38.5,2.56,8.16,140.4,2.1758387088775635,219.9,9.37,18.37,120.6,2.1733477115631104,38.32,0.0,16.79,93.5,2.181315898895264,107.67,0.0,11.91,91.9,2.1796045303344727,233.44,0.0,14.84,67.4,2.185909509658813,308.5,0.19,14.74,117.1,2.1868810653686523,344.79,0.26,18.06,141.9,2.193079710006714,121.99,0.0,11.78,173.9,2.180143117904663,273.08,0.0,11.4,87.4,2.19128680229187,106.96,0.37,15.48,131.5,2.187990665435791,147.3,3.4,17.46,153.7,2.194353103637696,152.67,8.85,13.06,139.5,2.176511764526367,2.81,3.05,14.02,135.7,2.180295705795288,87.71,10.9,17.47,157.7,2.1905338764190674,233.88,4.33,15.95,159.3,2.187924385070801,212.43,7.75,14.87,160.8,2.197697162628174,145.81,3.34,17.08,149.1,2.1982223987579346,,,,,,,,,,
146.6,0.28,0.01,0.2,2.082522392272949,161.19,0.0,1.87,21.1,2.130443334579468,161.02,4.1,8.74,87.4,2.1369378566741943,25.4,3.17,10.66,84.6,2.1506214141845703,136.14,7.82,13.48,104.6,2.183976650238037,287.49,0.0,7.52,123.1,2.177439451217652,291.71,0.0,13.15,42.2,2.187849283218384,148.27,0.0,16.41,67.4,2.18868374824524,114.52,0.29,19.12,70.5,2.1814990043640137,258.22,1.71,7.88,48.3,2.1863927841186523,176.92,4.55,6.03,143.9,2.1818273067474365,120.41,0.0,16.1,60.5,2.186750650405884,64.95,2.34,9.77,114.5,2.172640323638916,4.04,0.0,5.4,102.0,2.18953800201416,346.99,4.14,9.71,60.8,2.177159070968628,130.17,1.54,12.27,114.0,2.191237211227417,93.08,0.71,18.49,155.2,2.188650608062744,284.68,2.8,9.22,92.2,2.1848158836364746,315.26,0.0,12.29,147.6,2.1999433040618896,127.35,0.0,15.96,75.2,2.199678421020508,305.68,12.02,9.94,149.5,2.204174757003784,5.19,0.0,14.91,150.3,2.2042312622070312,129.2,0.28,12.02,164.7,2.2077231407165527,192.48,8.27,17.43,139.7,2.217825412750244,222.71,10.38,11.72,158.2,2.2242355346679688,355.08,10.5,12.5,178.3,2.2086715698242188,148.62,0.4,15.97,144.2,2.215759992599488,329.68,9.24,15.21,170.5,2.2165184020996094,4.48,0.0,9.0,120.7,2.218688726425171,4.31,2.83,15.57,163.3,2.2001118659973145,220.61,0.0,12.07,158.0,2.2088892459869385,288.28,0.0,11.43,122.6,2.213632583618164,71.46,0.0,10.49,136.9,2.216228008270264,44.56,0.68,18.3,124.7,2.2219369411468506,330.21,4.4,16.4,175.9,2.226569175720215,,,,,,,,,,
146.6,4.29,0.02,0.3,2.106570243835449,161.19,2.67,2.25,22.6,2.15466856956482,161.02,7.51,8.8,87.7,2.16084361076355,18.72,9.16,4.03,109.7,2.1746888160705566,123.31,3.33,12.09,83.6,2.20619797706604,270.18,1.76,9.54,100.3,2.1996214389801025,269.91,0.52,12.62,112.4,2.209284543991089,121.73,8.84,6.7,120.2,2.213734865188598,81.65,7.88,16.16,149.3,2.2060656547546387,221.66,0.0,9.68,81.8,2.208008050918579,133.07,0.0,9.97,167.7,2.2065250873565674,69.61,3.5,13.16,68.4,2.210689306259156,11.78,0.0,12.42,89.4,2.200662136077881,308.06,2.81,12.88,73.0,2.215834617614746,283.71,0.0,6.64,92.0,2.201010227203369,56.78,0.01,11.73,97.3,2.215944528579712,16.87,9.84,18.52,180.2,2.212959051132202,208.48,0.0,11.03,180.9,2.213320016860962,226.14,7.05,17.21,99.2,2.229153633117676,35.07,0.0,9.74,174.0,2.2291905879974365,206.28,2.29,11.88,103.3,2.2329800128936768,267.98,10.15,9.33,151.0,2.232254266738892,17.05,11.34,12.49,152.2,2.236469984054565,77.87,1.54,15.5,95.7,2.2423887252807617,98.35,0.0,13.5,82.7,2.248220920562744,223.51,0.0,11.78,113.3,2.2382302284240723,16.79,11.14,13.79,153.6,2.2427666187286377,192.74,0.0,8.73,122.9,2.2395682334899902,239.24,2.32,15.1,167.4,2.2425832748413086,228.43,0.0,12.48,161.8,2.2297604084014893,69.26,10.43,17.71,172.0,2.2366812229156494,131.13,1.4,15.14,167.5,2.24545693397522,273.34,5.94,14.37,162.8,2.2415144443511963,240.29,0.77,19.37,172.2,2.250894546508789,156.18,0.0,13.56,160.9,2.254655122756958,,,,,,,,,,
146.6,8.22,0.03,0.2,2.1306655406951904,161.19,8.17,2.26,22.5,2.1791133880615234,161.02,1.88,8.79,75.2,2.1851141452789307,12.13,2.19,5.8,80.6,2.199448823928833,110.83,0.0,10.07,76.2,2.235193967819214,252.69,10.43,11.49,97.1,2.2284297943115234,247.06,10.74,9.08,70.9,2.241269111633301,94.39,5.4,13.71,105.2,2.2374658584594727,47.99,4.8,9.07,105.1,2.2302887439727783,185.01,4.17,8.46,132.8,2.236249685287476,88.86,1.1,10.0,88.1,2.2331228256225586,20.83,8.53,12.88,112.9,2.235501289367676,318.6,6.3,12.58,162.7,2.2214903831481934,247.15,7.34,15.18,64.7,2.2380211353302,220.61,1.41,6.94,85.7,2.225584030151367,348.49,11.36,17.64,186.7,2.2416529655456543,300.41,0.51,15.61,105.5,2.241668701171875,125.77,3.43,10.33,76.6,2.237788677215576,141.59,3.06,9.03,116.0,2.252939462661743,308.23,10.14,9.78,159.6,2.2507803440093994,107.05,0.0,15.5,119.2,2.257554292678833,163.13,2.12,13.07,97.4,2.256558656692505,266.31,1.39,12.98,72.6,2.263986110687256,329.94,0.0,13.84,145.5,2.270674705505371,344.71,0.34,16.63,123.6,2.27303409576416,98.53,2.13,12.82,165.7,2.26196813583374,244.86,0.0,15.0,106.1,2.272890329360962,62.58,0.14,13.84,148.7,2.2673943042755127,99.93,8.4,13.43,150.9,2.272322177886963,82.09,8.71,15.1,146.5,2.256354093551636,274.48,2.04,15.06,143.6,2.2611443996429443,331.26,6.98,15.57,143.9,2.269315004348755,111.09,3.94,18.21,151.0,2.270092964172364,72.6,8.56,18.4,163.8,2.273865461349488,339.87,9.77,16.46,172.9,2.278273344039917,,,,,,,,,,
146.6,2.97,0.01,0.2,2.154567241668701,161.19,2.5,2.25,22.4,2.2026681900024414,161.02,0.0,7.77,88.2,2.209200382232666,6.06,0.0,5.4,65.9,2.224944591522217,98.17,2.7,14.9,107.4,2.26030707359314,234.4,0.0,7.17,70.2,2.253132104873657,224.82,2.65,12.98,148.9,2.265120267868042,66.27,0.0,8.27,81.5,2.2617311477661133,16.35,0.0,5.4,104.1,2.2555978298187256,148.01,5.71,6.9,115.8,2.264420986175537,45.44,10.67,11.32,94.5,2.261216402053833,330.38,0.0,7.36,54.1,2.258917808532715,261.39,4.54,8.88,156.1,2.2500407695770264,187.12,0.0,9.15,82.6,2.265622615814209,158.73,11.92,7.09,107.4,2.254023313522339,271.58,0.24,12.22,104.1,2.269473075866699,221.22,0.89,15.77,184.7,2.2672793865203857,45.35,6.97,16.76,139.4,2.2640082836151123,55.28,0.0,5.23,91.1,2.2775065898895264,213.31,2.35,8.75,149.6,2.2749834060668945,6.59,4.08,15.47,119.3,2.285921573638916,63.28,0.0,14.27,121.6,2.2821218967437744,161.1,0.41,15.99,152.4,2.291433334350586,215.07,10.86,15.0,171.6,2.2959046363830566,223.15,9.61,13.73,133.1,2.301844358444214,334.95,8.64,13.1,145.0,2.28735876083374,115.31,2.43,16.65,176.1,2.2976315021514893,290.3,10.55,12.07,179.4,2.297828435897827,321.77,0.0,11.35,126.1,2.297337055206299,298.83,2.63,17.64,174.7,2.283925294876098,122.43,0.11,16.27,152.2,2.2900586128234863,173.32,0.0,8.76,131.4,2.297717332839966,306.74,0.0,14.13,149.1,2.294708490371704,268.77,0.0,16.36,99.8,2.299757242202759,166.11,2.87,15.29,163.5,2.305997133255005,,,,,,,,,,
146.6,0.0,0.02,-0.1,2.182578563690185,161.19,0.0,2.07,22.3,2.2266547679901123,161.02,4.13,8.81,88.3,2.235982894897461,0.09,0.0,9.19,78.5,2.2449185848236084,85.78,7.93,17.29,95.2,2.2861783504486084,217.97,0.11,13.28,58.5,2.2848236560821533,202.24,0.98,16.0,119.7,2.292701244354248,41.22,0.0,9.15,77.1,2.2852611541748047,344.79,0.98,15.27,101.1,2.283874988555908,109.95,0.0,4.4,47.2,2.288704872131348,0.62,2.78,11.44,138.3,2.2827794551849365,282.04,0.0,15.53,141.4,2.287028789520264,206.37,0.0,10.06,119.3,2.277636766433716,130.25,0.43,9.43,154.1,2.293503761291504,90.35,3.46,12.39,146.3,2.277896881103516,198.54,2.76,6.95,87.7,2.296156644821167,144.32,7.3,18.55,165.2,2.296017646789551,324.4,0.0,5.73,75.5,2.291666269302368,334.86,0.54,9.0,140.3,2.301262140274048,123.84,0.0,9.94,84.0,2.3065927028656006,273.78,3.04,14.57,95.2,2.311622381210327,320.1,9.26,12.99,174.7,2.311540365219116,51.42,10.77,10.82,128.8,2.3165791034698486,95.71,0.0,16.51,68.5,2.3187930583953857,103.01,1.25,14.63,111.0,2.3283166885375977,209.44,0.0,12.94,130.4,2.317678928375244,342.86,6.79,18.38,149.7,2.32608413696289,149.77,0.0,15.85,115.3,2.31969952583313,180.35,2.5,14.57,138.7,2.325700044631958,152.4,0.0,14.57,149.5,2.3121163845062256,327.66,10.4,17.79,157.4,2.317781686782837,21.18,1.41,14.62,148.0,2.3217108249664307,143.44,8.01,15.56,183.5,2.322090148925781,108.19,0.27,15.33,153.5,2.32627820968628,350.16,0.0,16.37,171.8,2.3339831829071045,,,,,,,,,,
146.51,0.55,0.02,0.2,2.2027506828308105,161.19,3.18,2.24,22.4,2.254679679870605,161.02,7.78,8.78,88.1,2.257654190063477,354.11,6.3,5.16,64.8,2.274388313293457,73.56,2.04,8.47,79.9,2.310896158218384,200.65,11.86,7.17,134.0,2.308744430541992,180.0,10.2,12.28,77.3,2.321075201034546,15.64,4.8,19.21,107.0,2.3143515586853027,311.04,7.5,15.77,90.4,2.308174133300781,72.95,0.27,13.54,85.3,2.3128066062927246,318.16,0.0,14.38,69.0,2.3109304904937744,229.75,11.7,6.54,118.1,2.3110387325286865,150.38,3.15,17.35,98.3,2.3028876781463623,69.52,9.38,12.14,102.2,2.317350387573242,23.91,0.0,12.09,174.8,2.304222822189331,131.57,12.42,18.76,167.7,2.326174020767212,64.6,0.0,17.74,130.0,2.3181943893432617,246.71,0.31,11.61,142.8,2.3145289421081543,249.08,11.12,17.12,166.4,2.33004117012024,36.12,0.97,13.98,184.3,2.330784797668457,178.68,0.0,9.75,136.2,2.3351521492004395,215.42,2.96,11.57,121.1,2.337406873703003,299.62,0.0,14.87,90.7,2.345553636550904,348.13,0.13,13.85,159.0,2.347331285476685,340.14,2.6,14.61,119.3,2.352652311325073,84.02,0.64,13.29,117.9,2.3407680988311768,211.2,0.0,9.31,103.5,2.34820556640625,12.13,1.71,14.0,131.2,2.3516266345977783,40.08,7.37,17.67,174.7,2.349902391433716,4.83,2.98,17.84,155.4,2.3363707065582275,169.8,0.0,13.33,119.5,2.3461384773254395,227.37,8.0,15.06,173.1,2.35022497177124,339.7,2.69,15.49,168.8,2.350595235824585,297.77,8.35,15.8,171.3,2.35494065284729,176.4,11.86,18.95,174.6,2.365984439849853,,,,,,,,,,
146.51,7.56,0.03,0.4,2.228248119354248,161.19,8.79,2.26,22.6,2.282676935195923,161.02,2.38,8.77,54.7,2.285194635391236,347.87,8.28,9.29,100.0,2.2999188899993896,61.96,0.0,5.16,75.6,2.335330009460449,182.64,2.66,7.57,146.0,2.332500457763672,157.24,1.23,11.64,77.0,2.347819328308105,347.87,4.07,16.94,92.5,2.337940454483032,278.09,0.0,11.27,103.3,2.3335556983947754,35.95,7.33,15.55,108.6,2.336132526397705,273.34,8.83,16.14,93.1,2.3384504318237305,178.07,0.0,8.32,47.8,2.338823080062866,95.54,7.15,7.31,156.4,2.328399419784546,8.0,5.76,14.69,147.0,2.3422415256500244,317.99,11.73,8.92,67.8,2.333713293075561,54.67,2.1,11.76,120.2,2.347357988357544,347.78,0.75,16.03,145.9,2.349630355834961,164.0,10.17,12.83,82.7,2.344025135040283,157.41,0.0,5.02,83.5,2.3533356189727783,304.45,7.22,13.51,186.6,2.3593127727508545,83.06,2.5,12.75,127.0,2.363837480545044,111.62,0.0,10.0,130.2,2.362124443054199,193.97,0.13,12.16,140.3,2.3679299354553223,232.47,10.13,16.02,163.6,2.3772778511047363,218.94,7.5,13.99,143.5,2.383774757385254,320.71,8.38,15.92,136.0,2.369146585464477,86.92,0.62,17.22,153.9,2.3776535987854004,241.08,8.29,14.95,176.8,2.3762693405151367,262.97,0.0,9.07,104.2,2.3785579204559326,227.72,3.03,14.39,127.1,2.3607165813446045,15.56,3.36,14.37,156.8,2.373245477676392,71.02,0.74,16.58,110.5,2.3735005855560303,176.04,0.0,18.1,157.4,2.3753247261047363,129.38,0.0,15.74,123.9,2.3807623386383057,353.85,1.85,17.02,106.0,2.3902816772460938,,,,,,,,,,
146.6,8.93,0.03,0.3,2.25278115272522,161.19,2.7,2.26,17.5,2.306679010391236,161.02,0.0,7.48,87.1,2.309431314468384,341.28,0.0,11.37,84.6,2.3244478702545166,50.19,3.19,13.65,107.5,2.359292984008789,165.59,0.0,10.57,75.1,2.36064887046814,136.14,0.05,9.85,155.0,2.36954116821289,320.8,0.0,9.32,90.8,2.365385770797729,243.81,3.28,10.14,198.9,2.3652946949005127,356.92,3.0,8.64,68.9,2.360384464263916,229.31,4.19,15.92,161.4,2.362466096878052,130.78,0.0,18.44,65.6,2.366973876953125,42.1,1.9,17.51,114.8,2.35584568977356,309.46,0.0,12.98,131.9,2.370245933532715,251.89,4.11,8.76,102.9,2.3580071926116943,343.74,0.26,10.41,66.8,2.3767337799072266,268.77,6.5,13.89,155.0,2.378135681152344,81.04,0.7,15.7,92.3,2.3660669326782227,75.41,0.0,8.58,88.5,2.380921602249145,210.15,0.0,11.45,155.0,2.382485866546631,346.11,6.29,9.5,154.0,2.390330076217652,4.92,5.24,14.81,114.4,2.386162042617798,84.64,10.28,11.09,173.0,2.396916151046753,113.47,0.0,14.61,138.7,2.40605902671814,98.26,0.0,10.86,106.1,2.4080235958099365,194.94,0.0,9.96,89.2,2.3931987285614014,318.52,8.3,13.67,144.6,2.4040367603302,105.38,0.0,11.38,97.9,2.399975061416626,128.23,0.53,16.75,166.8,2.403050661087036,81.83,0.0,11.32,133.0,2.3900816440582275,228.16,8.16,15.97,172.0,2.396703004837036,276.77,1.46,17.57,170.2,2.4051668643951416,12.92,7.92,16.22,191.4,2.40474534034729,319.39,1.96,16.52,195.5,2.409886121749878,179.91,2.76,16.57,172.9,2.418296813964844,,,,,,,,,,
146.6,2.43,0.02,0.2,2.277535915374756,161.19,0.0,1.65,22.2,2.3306772708892822,161.02,3.04,8.78,87.3,2.3383023738861084,334.34,0.52,8.87,66.1,2.347778558731079,37.79,10.6,16.86,69.5,2.3836381435394287,148.62,7.88,8.44,168.7,2.3871541023254395,114.26,11.49,9.9,166.5,2.4008326530456543,294.08,1.2,17.33,94.3,2.3865816593170166,210.23,6.9,11.59,77.5,2.3899450302124023,320.19,0.0,14.47,101.9,2.389642238616944,183.52,0.0,12.71,104.8,2.390860319137573,80.24,3.72,11.01,63.5,2.390864849090576,346.38,0.36,12.14,98.0,2.3837857246398926,246.01,8.3,15.14,122.0,2.396656274795532,186.77,0.0,8.12,167.9,2.382901906967163,272.29,12.17,19.48,150.6,2.40388560295105,190.63,0.0,8.78,107.0,2.4015471935272217,2.37,0.0,10.56,109.1,2.394012689590454,355.17,3.36,10.61,169.7,2.4102017879486084,116.81,3.34,14.95,181.8,2.410762071609497,249.52,0.0,11.07,78.4,2.412848472595215,267.28,4.15,14.08,126.1,2.414336919784546,333.37,0.0,13.11,84.5,2.4237172603607178,357.19,2.72,14.31,126.6,2.430685043334961,340.66,2.72,15.1,163.2,2.436165809631348,79.1,0.0,10.99,159.0,2.422624349594116,187.82,0.0,9.99,75.2,2.427988290786743,332.84,0.37,15.49,129.4,2.428375720977783,344.88,6.41,13.31,132.2,2.431536674499512,298.65,3.36,13.8,153.1,2.413078784942627,76.03,1.64,13.65,106.1,2.427490234375,119.44,7.42,15.66,151.0,2.430046796798706,215.16,3.18,18.04,151.6,2.4279587268829346,151.52,8.04,14.87,162.2,2.4330708980560303,4.66,12.14,17.46,173.6,2.442397117614746,,,,,,,,,,
146.6,0.0,0.02,0.6,2.301763772964477,161.19,2.16,2.23,22.4,2.354738473892212,161.02,8.7,8.76,87.1,2.362192392349243,327.92,12.26,12.13,89.0,2.377688407897949,26.02,1.03,14.77,95.9,2.409185647964477,131.22,5.05,11.35,82.7,2.412421941757202,90.97,3.0,7.38,139.4,2.425285577774048,266.92,8.73,17.38,110.8,2.4161794185638428,177.8,0.0,6.47,75.8,2.413822889328003,280.55,4.1,9.53,86.0,2.416538715362549,138.08,12.75,13.62,100.8,2.42164945602417,31.64,7.01,14.84,140.0,2.415355920791626,291.18,10.5,7.94,117.9,2.409113883972168,183.69,3.96,16.58,69.1,2.422039747238159,122.17,3.44,15.23,133.8,2.410030603408813,196.7,1.87,13.86,107.4,2.431865930557251,115.75,0.95,13.83,146.7,2.4269707202911377,285.21,5.86,14.45,179.5,2.419429063796997,265.25,3.2,16.6,166.9,2.4344570636749268,21.09,6.5,14.46,176.8,2.4349310398101807,154.95,3.19,10.0,159.3,2.4420340061187744,162.77,0.0,13.14,153.5,2.446451663970948,227.02,0.28,9.82,146.9,2.4521872997283936,241.35,6.0,17.55,133.9,2.459247589111328,218.5,6.8,14.15,128.1,2.4599757194519043,316.14,10.66,16.07,153.7,2.448589324951172,67.59,0.0,12.65,149.4,2.456901788711548,196.7,7.43,17.51,161.5,2.45719313621521,204.26,0.0,10.27,117.3,2.456401824951172,152.31,3.8,16.19,146.7,2.441476583480835,287.58,0.41,14.0,146.7,2.4491896629333496,319.39,0.0,8.8,112.2,2.457483291625977,52.73,0.0,12.44,179.7,2.454566717147827,341.54,0.0,10.06,115.4,2.4618682861328125,196.44,1.68,17.02,124.5,2.4703352451324463,,,,,,,,,,
146.6,0.19,0.02,0.2,2.3266022205352783,161.19,9.76,2.25,22.5,2.378736019134521,161.02,2.23,8.76,64.9,2.3868894577026367,320.8,2.7,9.3,82.8,2.3996150493621826,14.15,0.0,7.34,64.9,2.434387683868408,113.82,0.0,12.71,104.8,2.4405345916748047,69.35,0.0,7.56,102.0,2.44938063621521,238.54,0.0,12.99,46.8,2.443512439727783,146.95,0.38,7.27,75.1,2.438372850418091,243.46,7.44,12.56,80.6,2.4375061988830566,90.62,2.6,6.51,159.2,2.4424893856048584,341.46,0.0,6.19,92.0,2.43891978263855,233.96,1.47,6.42,67.1,2.432654857635498,124.45,0.0,11.95,144.3,2.449847459793091,52.82,6.59,11.06,81.4,2.4335553646087646,124.01,3.1,9.69,98.0,2.456616878509521,35.86,9.23,13.36,142.1,2.455843687057495,201.45,3.62,13.72,96.6,2.4470458030700684,176.66,0.0,10.11,87.2,2.463296890258789,289.69,0.0,8.94,149.9,2.462639331817627,54.67,9.79,15.46,112.5,2.464435338973999,57.74,6.46,10.02,144.8,2.4712836742401123,122.61,11.58,18.16,136.7,2.4812653064727783,127.09,0.0,8.17,105.4,2.4831368923187256,98.96,0.0,14.68,95.5,2.483564853668213,185.71,0.0,18.03,78.1,2.477311372756958,300.15,11.19,13.94,132.1,2.4799509048461914,61.96,0.12,17.33,85.0,2.480435609817505,63.72,0.86,14.51,140.2,2.4851131439208984,3.52,0.0,12.44,139.8,2.4690475463867188,135.35,7.37,17.34,144.7,2.480984687805176,167.87,1.13,15.06,162.8,2.4815235137939453,254.27,10.34,15.72,143.6,2.480297327041626,172.62,3.83,16.29,157.5,2.490454196929932,21.97,0.34,16.6,195.4,2.496232748031616,,,,,,,,,,
146.6,6.26,0.02,0.4,2.347219467163086,161.19,2.93,2.25,22.3,2.402738571166992,161.02,0.0,8.22,86.1,2.41056752204895,314.03,0.0,4.69,72.4,2.4246397018432617,2.99,2.59,14.35,102.8,2.458695888519287,95.89,2.68,8.27,82.0,2.4644997119903564,48.25,1.58,13.81,65.4,2.4731760025024414,211.11,0.78,7.8,110.1,2.4719226360321045,115.93,8.87,16.1,101.2,2.468205690383911,205.58,0.0,13.75,124.0,2.469826459884644,46.85,0.0,11.45,150.3,2.470914602279663,292.94,0.98,13.9,121.8,2.466713190078736,181.85,0.0,11.34,95.5,2.460878849029541,60.21,2.96,14.57,150.7,2.47654128074646,349.28,0.0,6.96,47.6,2.459031343460083,55.81,11.42,14.89,181.9,2.48537015914917,319.66,0.0,7.99,95.0,2.4781785011291504,123.05,0.0,9.2,137.6,2.471364974975586,91.67,3.48,10.89,128.1,2.4842586517333984,198.63,4.0,15.63,161.5,2.489075183868408,317.64,0.2,11.01,101.9,2.496590614318848,315.53,3.78,16.75,153.3,2.495718240737915,6.42,2.2,16.26,100.5,2.505876302719116,14.59,1.86,12.74,141.0,2.5065975189208984,345.06,0.8,13.7,127.9,2.5135109424591064,64.16,0.0,12.79,186.9,2.5009572505950928,164.36,0.0,16.48,113.1,2.5099947452545166,294.08,0.25,14.51,140.7,2.5075788497924805,286.44,8.08,15.07,153.7,2.51012921333313,227.72,3.63,14.1,146.7,2.496002435684204,340.66,0.0,10.58,107.0,2.505640745162964,8.44,10.18,17.17,152.8,2.5110464096069336,86.22,2.68,16.32,142.9,2.508134603500366,4.04,8.65,19.01,163.9,2.51412296295166,212.78,9.55,16.19,162.8,2.5242300033569336,,,,,,,,,,
146.6,9.5,0.03,0.2,2.372465848922729,161.19,0.0,2.02,22.0,2.4309070110321045,161.02,2.65,8.72,87.3,2.43618106842041,307.62,1.77,9.31,119.9,2.454646110534668,351.39,9.54,15.19,127.2,2.4846811294555664,79.54,11.92,10.51,175.5,2.4931089878082275,26.81,10.52,13.94,127.1,2.501140594482422,184.66,9.89,10.49,158.1,2.496784210205078,81.83,4.25,11.53,163.9,2.489553928375244,166.29,1.58,6.64,65.0,2.494024515151977,1.85,2.8,13.78,115.8,2.494342088699341,240.21,9.32,8.68,114.8,2.4910225868225098,127.53,5.34,9.5,150.5,2.484642744064331,359.03,4.76,13.83,164.9,2.4993152618408203,286.17,0.0,9.39,104.7,2.487035036087036,341.1,2.26,9.8,85.1,2.5087709426879883,246.53,0.44,10.62,113.9,2.507685661315918,41.66,3.25,16.24,154.1,2.4995758533477783,5.01,8.44,10.89,121.9,2.512723922729492,105.56,5.88,16.54,164.8,2.5194997787475586,217.97,1.06,13.56,146.3,2.5208070278167725,210.06,0.0,11.98,178.4,2.5242273807525635,264.29,0.0,18.01,127.3,2.530415773391724,263.58,7.08,11.7,183.0,2.5369668006896973,223.86,8.02,16.99,138.3,2.54278302192688,302.08,11.74,15.91,156.3,2.5288963317871094,32.96,0.15,14.11,182.1,2.534019708633423,158.47,10.81,13.16,181.5,2.5367276668548584,145.81,0.0,9.78,125.5,2.5368006229400635,82.35,7.15,17.48,151.3,2.520009756088257,187.47,3.15,14.27,149.6,2.5345773696899414,216.04,0.0,15.29,97.5,2.5334150791168213,287.23,0.0,13.38,157.7,2.5363869667053223,207.25,0.0,19.43,123.4,2.542086601257324,39.55,2.28,17.07,177.7,2.547762870788574,,,,,,,,,,
146.6,3.59,0.01,0.1,2.3965373039245605,161.19,1.29,2.24,22.5,2.456044912338257,161.02,9.74,8.73,87.3,2.459406614303589,300.41,8.68,13.43,176.1,2.480236291885376,338.73,0.0,9.29,77.2,2.5126707553863525,61.08,2.1,11.15,71.8,2.5170581340789795,3.52,2.38,15.07,154.3,2.5276238918304443,156.62,0.0,8.03,101.5,2.524550199508667,48.34,0.0,5.5,66.8,2.514194965362549,130.17,10.92,10.42,111.6,2.523038864135742,319.13,6.6,13.35,81.4,2.520017385482788,190.37,0.0,18.9,51.5,2.5190279483795166,72.51,5.62,16.12,151.0,2.510052442550659,295.84,0.0,12.65,144.6,2.531693935394287,220.78,11.56,12.96,188.9,2.513874053955078,273.34,0.0,8.15,75.1,2.532750606536865,168.66,10.15,10.95,101.6,2.5301783084869385,320.89,6.6,10.97,95.9,2.524172782897949,282.48,0.0,9.08,141.3,2.533646821975708,9.67,0.0,9.05,128.6,2.539958000183105,119.53,7.16,11.94,95.4,2.5501959323883057,106.35,8.0,11.06,111.8,2.552443265914917,154.86,10.88,15.01,179.2,2.559011697769165,148.54,0.0,9.94,84.2,2.558995485305786,103.36,0.0,12.21,84.9,2.5658843517303467,171.3,0.0,13.6,102.1,2.5582199096679688,265.69,10.74,15.78,154.8,2.562556505203247,16.08,0.0,16.21,92.1,2.557517766952514,9.23,0.06,17.14,162.5,2.5611696243286133,298.39,0.0,8.49,122.7,2.5439271926879883,34.63,8.37,17.27,149.3,2.559138298034668,63.81,0.0,16.54,168.7,2.559907913208008,125.68,10.72,14.06,161.7,2.564389705657959,39.38,2.78,17.3,160.9,2.5697617530822754,230.01,0.02,19.38,176.1,2.5762226581573486,,,,,,,,,,
146.6,0.0,-0.01,0.0,2.4207820892333984,161.19,10.6,2.27,22.7,2.4840281009674072,161.02,2.14,8.75,87.1,2.485112190246582,293.12,0.0,10.45,56.2,2.504457712173462,327.04,0.27,10.12,146.7,2.53853440284729,43.59,0.0,14.23,139.3,2.540936231613159,342.69,0.0,13.47,94.4,2.54914665222168,129.9,0.2,11.52,141.9,2.5498757362365723,17.93,0.62,9.86,194.4,2.542067527770996,88.68,1.72,8.49,111.3,2.547286033630371,274.39,0.0,11.38,124.3,2.5464656352996826,141.06,0.16,17.28,63.4,2.547547101974488,16.35,0.0,6.67,78.4,2.533710241317749,232.65,4.2,14.29,132.6,2.555957078933716,150.47,0.0,11.48,37.9,2.5382323265075684,206.19,2.94,14.02,185.0,2.5606725215911865,87.54,1.61,11.8,54.2,2.5568394660949707,241.44,0.0,11.76,137.1,2.553140640258789,197.31,1.36,17.66,138.5,2.5623040199279785,285.91,2.2,13.64,102.5,2.5685243606567383,22.94,1.83,10.09,98.6,2.572729110717773,0.44,4.42,11.83,172.3,2.576305389404297,40.43,2.02,15.25,92.1,2.581371068954468,41.92,0.0,11.09,127.8,2.5902905464172363,345.59,1.99,15.12,110.5,2.594470977783203,44.91,1.18,13.75,130.9,2.581001281738281,131.48,0.0,15.15,86.0,2.590208053588867,249.87,0.26,14.69,158.1,2.58978533744812,237.66,10.79,13.25,151.0,2.58968186378479,157.41,1.38,14.31,149.4,2.5722250938415527,246.62,0.0,9.1,119.5,2.586989402770996,270.7,11.04,14.92,153.3,2.5891244411468506,314.12,0.0,13.66,104.4,2.5937609672546387,235.55,8.52,15.78,146.5,2.5916030406951904,56.95,10.34,16.16,164.1,2.6004159450531006,,,,,,,,,,
146.6,0.84,0.02,0.2,2.4435322284698486,161.19,0.32,2.24,13.8,2.5084304809570312,161.02,0.0,7.69,85.3,2.5076587200164795,286.35,0.41,7.32,85.8,2.532015085220337,314.12,10.07,12.45,136.0,2.567573070526123,25.84,7.47,8.59,84.3,2.567509412765503,320.89,11.96,8.92,76.3,2.5812318325042725,101.16,11.34,7.39,149.7,2.5777523517608643,346.11,10.7,20.31,93.0,2.570014715194702,51.68,0.0,15.14,155.1,2.5719330310821533,228.34,1.36,6.27,108.0,2.5717668533325195,90.97,7.24,13.42,60.6,2.5717477798461914,325.63,0.26,9.27,163.2,2.561805725097656,170.68,2.75,16.48,161.4,2.584245443344116,85.34,0.0,10.75,101.6,2.566981315612793,133.77,5.54,7.83,96.7,2.5869481563568115,13.1,0.0,11.0,88.6,2.586876630783081,158.47,2.95,10.55,110.7,2.5755889415740967,108.37,7.67,9.16,105.9,2.590282201766968,192.13,8.72,8.97,104.1,2.591359615325928,290.21,0.0,13.6,109.1,2.601141929626465,262.79,0.0,12.89,111.4,2.601435422897339,297.33,0.14,13.98,100.5,2.6116812229156494,289.78,9.74,17.0,154.3,2.6149399280548096,223.33,9.07,11.55,123.0,2.6186094284057617,282.57,9.6,14.18,113.7,2.608408212661743,3.34,0.0,13.67,140.6,2.6170310974121094,114.35,9.69,13.72,163.7,2.617792844772339,93.52,1.96,15.26,89.5,2.6127753257751465,9.05,10.44,13.85,153.8,2.60006046295166,100.37,0.6,14.55,142.2,2.6108977794647217,107.31,0.72,15.31,107.0,2.618224859237671,152.14,0.88,15.67,158.6,2.615907669067383,68.47,1.67,15.93,105.7,2.623231887817383,240.91,0.0,16.34,104.5,2.6284303665161133,,,,,,,,,,
146.6,6.95,0.02,0.3,2.4678757190704346,161.19,0.0,2.15,22.4,2.5329904556274414,161.02,3.07,8.81,87.8,2.5351269245147705,279.58,11.55,6.71,50.4,2.5557990074157715,300.94,0.0,11.33,63.9,2.5933656692504883,9.67,10.74,8.84,71.1,2.5889642238616943,298.48,3.07,8.51,53.4,2.6049792766571045,72.51,2.09,11.48,122.4,2.6021876335144043,312.36,1.99,10.27,64.1,2.594409465789795,12.57,11.85,6.94,135.0,2.599851369857788,184.31,7.39,11.79,169.0,2.600961685180664,42.54,6.35,7.49,138.7,2.5954079627990723,270.18,10.55,13.21,119.8,2.5896332263946533,108.37,0.0,14.97,164.9,2.612210988998413,18.63,7.38,7.33,135.6,2.5908315181732178,65.74,1.77,15.99,72.1,2.6097354888916016,300.41,9.83,10.69,85.0,2.610905647277832,75.32,7.65,16.42,171.7,2.6041929721832275,21.71,1.99,8.38,73.2,2.6116931438446045,101.6,1.83,13.76,82.3,2.6197283267974854,190.72,9.49,16.97,157.9,2.6255345344543457,158.12,7.26,10.67,158.5,2.6288633346557617,187.12,10.26,15.94,119.3,2.6399738788604736,175.43,1.39,16.7,107.4,2.64345932006836,103.89,0.0,8.87,114.7,2.646122455596924,156.88,0.86,16.48,97.4,2.6366240978240967,242.4,11.22,15.87,138.7,2.6426031589508057,337.24,1.4,18.03,94.3,2.641098499298096,321.24,0.2,13.01,154.4,2.640302419662476,227.46,0.0,14.44,107.2,2.629073143005371,306.04,7.97,15.16,166.4,2.6391360759735107,307.18,1.71,14.46,163.4,2.6429035663604736,347.08,8.05,15.95,141.6,2.64431095123291,263.85,0.63,16.21,180.7,2.6471762657165527,67.24,0.24,17.37,183.8,2.656618118286133,,,,,,,,,,
146.6,9.17,0.03,0.2,2.491957664489746,161.19,3.35,2.24,22.5,2.5577104091644287,161.02,9.76,8.8,87.7,2.559489488601685,272.72,3.14,8.09,80.2,2.580006599426269,288.81,1.19,14.5,102.8,2.622846364974976,354.11,1.26,16.66,60.5,2.616309642791748,277.38,0.0,9.82,66.9,2.629390001296997,45.0,0.0,14.09,73.8,2.626422166824341,279.05,0.27,12.45,162.5,2.6236836910247803,333.81,2.84,11.34,157.0,2.625616312026977,138.6,0.0,11.7,47.4,2.626310348510742,353.67,0.0,9.96,57.3,2.619758129119873,211.03,0.0,7.08,114.6,2.617592096328736,44.12,8.24,11.58,161.0,2.637436866760254,315.18,3.28,17.5,161.3,2.6190876960754395,356.57,0.38,10.0,136.6,2.637467861175537,224.82,3.68,10.57,83.9,2.635613918304444,353.58,0.0,6.7,78.2,2.63107705116272,301.73,0.0,14.51,136.8,2.640850067138672,10.2,0.0,16.41,136.0,2.643807172775269,91.93,2.16,14.17,115.5,2.651484727859497,53.26,4.98,12.36,143.8,2.6533443927764893,73.39,1.86,15.06,104.3,2.665544986724853,59.94,0.0,12.41,134.2,2.6684892177581787,345.06,3.18,11.04,167.3,2.674098253250122,35.6,0.15,12.81,156.2,2.661891460418701,107.75,1.5,12.28,122.7,2.669994831085205,205.31,1.2,13.68,153.6,2.667598962783813,180.26,9.92,14.99,160.8,2.6687488555908203,81.3,1.26,17.29,176.6,2.6531476974487305,153.37,0.0,13.21,124.0,2.6668701171875,149.85,6.96,17.33,153.3,2.671150684356689,183.6,0.0,11.33,112.2,2.6751952171325684,96.94,9.18,16.15,163.6,2.675464391708374,257.78,10.38,19.46,174.3,2.685287952423096,,,,,,,,,,
146.6,2.77,0.01,0.2,2.5159287452697754,161.19,9.31,2.25,22.5,2.581284761428833,161.02,2.57,8.74,87.8,2.5843422412872314,266.13,0.0,6.52,110.7,2.605001211166382,276.06,8.38,14.46,107.5,2.6463658809661865,336.8,0.02,7.14,97.9,2.640441417694092,256.38,1.46,7.28,120.3,2.6532676219940186,17.93,3.21,9.69,126.4,2.6508357524871826,245.21,10.37,9.14,123.4,2.648578643798828,294.7,0.0,19.26,152.6,2.6528241634368896,94.57,0.3,7.62,62.0,2.651031017303467,305.51,0.48,13.48,82.3,2.6483609676361084,156.71,1.22,15.03,100.2,2.6415762901306152,342.77,3.94,10.63,187.8,2.66650938987732,246.88,0.0,11.66,73.0,2.644524574279785,283.1,10.26,10.6,72.3,2.665390729904175,149.94,0.0,6.71,79.4,2.659929037094116,276.86,3.29,13.96,125.5,2.655447244644165,213.22,12.79,18.3,143.9,2.670094966888428,278.44,11.66,16.1,124.6,2.6745779514312744,354.46,0.06,18.18,90.8,2.681033134460449,310.61,0.0,10.66,127.5,2.6822333335876465,326.69,0.32,15.83,153.8,2.692460536956787,307.88,10.8,18.23,147.9,2.696942090988159,224.47,8.36,15.15,167.8,2.7029247283935547,272.9,11.06,16.02,129.1,2.6899805068969727,334.86,1.48,17.46,140.8,2.6983087062835693,70.05,11.36,13.69,123.8,2.6963675022125244,38.67,2.28,14.44,148.9,2.6927390098571777,297.77,8.19,13.39,140.0,2.680335998535156,0.0,0.43,14.68,140.3,2.6908926963806152,350.68,0.0,10.0,147.7,2.699988603591919,20.74,1.49,16.37,140.4,2.7002196311950684,292.85,1.51,15.61,126.0,2.700479030609131,77.96,0.0,16.35,124.1,2.7099125385284424,,,,,,,,,,
146.6,0.0,0.0,0.2,2.539930820465088,161.19,1.86,2.24,18.4,2.6058454513549805,161.02,0.0,6.43,87.3,2.6116230487823486,259.1,2.91,15.81,115.5,2.6350293159484863,263.14,0.0,6.16,76.1,2.6725642681121826,319.92,4.84,11.09,98.4,2.664770126342773,234.05,9.18,17.95,120.1,2.680175304412842,351.47,6.64,14.93,122.3,2.678762912750244,211.29,1.68,12.38,77.3,2.675553798675537,254.09,12.2,6.22,105.4,2.6762874126434326,53.09,8.02,16.01,89.4,2.674435615539551,254.88,10.98,15.1,84.9,2.6726295948028564,99.93,11.5,9.42,158.4,2.671252965927124,279.49,0.0,14.15,188.4,2.6906328201293945,181.76,4.06,7.48,112.5,2.6729109287261963,209.71,0.86,15.17,110.0,2.6937389373779297,77.08,1.83,8.17,102.4,2.683445453643799,193.8,8.44,14.45,111.1,2.6838254928588867,121.73,1.81,10.32,104.3,2.693497657775879,180.88,0.68,11.11,58.6,2.6993772983551025,258.31,11.43,11.07,147.4,2.709285020828247,205.93,9.74,15.4,154.6,2.712562799453736,215.77,7.99,11.12,185.0,2.717083692550659,188.0,0.0,16.74,119.5,2.7252073287963867,103.8,0.0,12.98,91.6,2.727246284484864,143.26,0.0,13.6,89.7,2.7147421836853027,204.17,7.91,12.38,158.9,2.721855401992798,292.15,0.0,18.18,90.6,2.7177298069000244,262.18,0.01,13.92,145.4,2.721386432647705,151.08,0.0,11.85,91.7,2.707132339477539,217.44,9.3,15.23,155.0,2.719031810760498,191.69,4.08,17.02,154.8,2.724433898925781,223.33,7.08,16.33,147.9,2.729194641113281,125.33,0.41,15.37,168.9,2.73002290725708,268.24,0.66,16.57,161.0,2.738317012786865,,,,,,,,,,
146.6,0.0,0.02,0.2,2.5639536380767822,161.19,0.0,2.01,22.3,2.631359338760376,161.02,1.0,8.75,87.9,2.6350674629211426,252.25,5.23,12.72,87.4,2.659181594848633,251.1,1.76,12.37,87.9,2.70039176940918,302.43,3.97,11.83,91.0,2.692678689956665,211.11,0.0,11.48,57.5,2.708007574081421,323.09,0.0,5.8,120.6,2.7044241428375244,179.12,0.05,10.27,81.5,2.6998136043548584,214.37,2.1,12.83,118.7,2.707359313964844,9.49,7.88,18.17,72.4,2.700019598007202,202.85,0.0,8.32,110.1,2.701332330703736,44.12,2.28,6.46,120.5,2.695836544036865,216.74,12.78,13.55,177.7,2.7170562744140625,117.25,5.49,7.94,148.4,2.695298433303833,137.64,0.51,12.18,171.0,2.71711540222168,2.9,10.88,7.54,78.8,2.7083215713500977,111.36,0.0,7.76,108.3,2.7073850631713867,31.29,0.0,10.62,159.7,2.721635580062866,90.53,0.0,17.34,101.5,2.7286880016326904,155.48,0.0,9.46,109.3,2.733582019805908,101.78,2.98,15.47,162.7,2.734448432922364,107.4,0.0,9.36,111.8,2.746387958526612,74.27,3.12,12.8,147.8,2.7490174770355225,345.76,1.92,15.79,159.4,2.75648832321167,20.74,0.0,13.79,135.7,2.7409980297088623,73.83,0.29,13.82,98.0,2.747722625732422,162.33,0.18,14.21,141.2,2.749098777770996,122.43,9.06,17.67,154.5,2.750302791595459,9.4,0.0,14.31,133.9,2.7312166690826416,66.01,2.06,14.96,108.2,2.746825695037842,34.54,6.3,15.75,141.1,2.7531073093414307,60.38,0.02,17.78,121.0,2.750338554382324,314.82,9.19,17.27,162.1,2.7513134479522705,95.1,9.39,17.54,179.3,2.762316465377808,,,,,,,,,,
146.6,4.96,0.02,0.3,2.5881152153015137,161.19,3.46,2.23,22.5,2.6567811965942383,161.02,9.42,8.8,87.8,2.660420656204224,245.3,0.0,5.92,88.9,2.684328556060791,238.71,11.65,16.69,127.7,2.724520683288574,284.85,0.0,12.34,98.7,2.717428207397461,189.76,1.19,9.98,123.9,2.732130289077759,295.22,2.78,12.63,64.5,2.7335240840911865,146.87,12.2,7.96,145.1,2.723641872406006,175.17,0.34,9.0,137.6,2.728569269180298,328.71,0.0,19.96,87.5,2.7286384105682373,153.63,0.29,12.53,188.7,2.7257862091064453,350.42,0.0,17.02,88.0,2.720729351043701,152.14,1.78,19.57,55.0,2.741041660308838,50.98,0.0,9.31,104.5,2.719345569610596,63.02,9.26,8.51,70.5,2.7420361042022705,293.99,3.01,8.59,78.8,2.732078790664673,29.97,0.01,15.3,143.0,2.7354400157928467,305.42,9.57,17.34,123.4,2.750143051147461,358.68,11.92,18.69,104.3,2.756822109222412,59.77,0.0,13.57,151.9,2.757551431655884,355.43,0.0,8.43,147.1,2.7629144191741943,0.0,0.0,9.63,126.5,2.7666735649108887,321.33,8.29,11.89,140.9,2.773305177688598,224.21,7.96,13.79,139.1,2.780313014984131,258.49,9.63,18.47,130.7,2.768009185791016,310.87,0.07,13.72,133.3,2.7765989303588867,24.7,10.3,14.59,129.0,2.777205467224121,339.87,0.45,14.24,84.8,2.772881031036377,231.77,12.65,16.2,140.1,2.7596657276153564,276.59,1.2,14.79,152.0,2.7716338634490967,240.73,0.0,9.91,102.9,2.777950048446656,262.09,3.76,18.13,154.0,2.777738809585572,147.3,0.0,9.77,117.9,2.7833023071289062,285.03,1.52,19.36,118.3,2.7914209365844727,,,,,,,,,,
146.6,9.46,0.04,0.3,2.612144947052002,161.19,8.06,2.27,22.6,2.680896282196045,161.02,2.43,8.77,87.6,2.685779333114624,238.54,0.8,8.18,84.0,2.711869955062866,225.35,0.0,11.14,58.7,2.752554655075073,267.36,1.2,8.68,89.3,2.740772247314453,167.87,10.66,10.44,105.3,2.760673999786377,267.89,7.82,18.2,62.8,2.758474588394165,112.94,2.1,9.07,106.1,2.751676082611084,137.55,11.9,7.23,62.9,2.760265350341797,283.97,0.16,17.34,133.1,2.7533609867095947,101.87,10.68,15.88,143.7,2.755859136581421,295.49,5.71,6.35,149.5,2.7454216480255127,92.02,0.0,7.43,187.3,2.7693686485290527,347.26,2.66,14.96,161.3,2.751213550567627,357.36,2.55,15.76,187.8,2.769450664520264,221.04,0.0,6.77,81.3,2.756988048553467,309.99,9.39,8.66,110.8,2.759464740753174,216.21,0.46,8.86,70.6,2.773878812789917,259.89,0.0,11.02,58.3,2.7813985347747803,322.65,12.17,11.77,166.6,2.785039186477661,253.74,11.58,17.7,144.5,2.7867441177368164,262.09,12.07,11.32,139.5,2.796761512756348,206.72,0.0,15.77,107.6,2.802162408828736,104.15,0.0,8.83,87.1,2.80448317527771,133.68,1.58,18.79,123.9,2.7967565059661865,181.05,9.97,15.66,128.1,2.802093744277954,247.85,0.0,16.07,109.7,2.800776958465576,203.47,0.11,17.5,138.3,2.804804563522339,80.33,2.07,15.7,163.2,2.7838213443756104,124.37,9.09,15.89,168.5,2.8003151416778564,89.91,0.38,14.8,157.0,2.799905776977539,99.84,8.51,16.42,167.7,2.8044116497039795,343.13,1.84,19.51,162.0,2.807236194610596,111.8,1.7,16.03,186.0,2.8197739124298096,,,,,,,,,,
146.6,3.68,0.02,0.2,2.636157512664795,161.19,2.12,2.25,22.5,2.704904079437256,161.02,0.0,6.87,86.4,2.708677291870117,232.21,12.8,8.78,95.7,2.735490083694458,213.31,0.24,13.0,94.0,2.775925636291504,250.66,10.57,11.22,112.7,2.77079701423645,144.58,0.0,9.71,66.1,2.7854650020599365,240.38,0.0,6.97,68.0,2.782745122909546,79.72,0.0,9.03,133.4,2.7797634601593018,99.14,4.91,14.0,95.6,2.78527307510376,237.74,9.28,12.44,155.4,2.7821953296661377,46.93,1.42,7.93,72.6,2.7777299880981445,239.94,5.06,13.23,100.0,2.774118661880493,32.78,4.62,10.61,68.9,2.79673171043396,278.79,8.65,8.34,94.9,2.775022029876709,283.97,0.0,8.31,111.2,2.796771049499512,149.33,0.92,10.97,116.1,2.78759765625,228.96,2.18,18.06,158.6,2.7873167991638184,134.91,0.0,7.84,123.6,2.8034963607788086,170.42,0.21,16.19,123.5,2.809227228164673,219.11,0.0,11.19,92.8,2.813222885131836,146.16,2.15,10.47,181.3,2.815587282180786,148.71,2.08,17.75,133.5,2.822376012802124,92.37,2.97,14.55,175.7,2.8269600868225098,350.6,0.14,12.46,166.4,2.833552837371826,6.06,0.0,14.98,153.9,2.820693016052246,49.75,1.8,13.38,137.0,2.8298873901367188,112.94,3.0,14.51,132.4,2.829277276992798,63.54,12.55,15.03,133.9,2.828674077987671,297.07,0.12,15.49,162.3,2.8103060722351074,330.12,0.0,15.5,96.7,2.824230670928955,295.93,7.35,15.03,151.8,2.830220937728882,301.29,0.0,18.74,110.5,2.828175067901612,175.43,8.91,17.47,166.0,2.835645198822021,295.49,7.66,16.63,161.2,2.843775510787964,,,,,,,,,,
146.6,0.0,0.01,0.1,2.660143613815308,161.19,0.0,2.05,22.3,2.7324578762054443,161.02,2.73,8.77,87.7,2.736199378967285,225.26,3.33,14.16,143.9,2.759108781814575,201.01,10.6,12.73,97.3,2.804449796676636,232.29,0.0,9.55,107.2,2.7966437339782715,123.84,0.0,12.62,181.6,2.813394069671631,213.84,0.34,11.54,116.6,2.8104465007781982,47.99,3.58,11.93,161.4,2.8036422729492188,61.79,0.0,6.48,96.3,2.8096253871917725,191.87,0.0,13.5,46.1,2.806457281112671,0.09,0.0,13.73,88.0,2.8051328659057617,183.52,0.0,10.46,64.5,2.7982048988342285,334.34,5.8,14.01,92.7,2.8198204040527344,215.86,1.83,7.2,91.5,2.799522638320923,213.4,8.26,13.27,100.8,2.82539701461792,71.19,10.81,12.63,129.9,2.815587282180786,147.13,0.14,8.55,80.4,2.815369367599488,48.52,6.72,14.51,138.8,2.827747106552124,76.29,12.42,17.8,135.8,2.833158493041992,124.28,0.38,18.47,122.8,2.840242624282837,39.99,0.0,11.69,104.1,2.843141555786133,38.23,0.0,10.33,139.3,2.849740743637085,339.61,7.66,12.15,138.4,2.856908798217773,228.96,9.43,14.49,120.0,2.862781286239624,249.35,10.23,15.99,143.8,2.8490493297576904,282.3,0.38,11.5,183.9,2.858569622039795,334.86,7.82,13.8,163.4,2.853511571884156,280.81,0.0,14.49,82.8,2.8529322147369385,150.64,10.52,16.16,178.8,2.842067003250122,183.34,0.39,14.63,146.9,2.851797342300415,138.96,0.0,10.02,103.6,2.8544747829437256,138.78,3.35,15.69,161.8,2.856819629669189,5.71,2.53,16.04,160.5,2.859849214553833,121.46,0.0,11.16,122.3,2.871798276901245,,,,,,,,,,
146.51,0.0,0.01,0.2,2.6801698207855225,161.19,3.1,2.25,22.5,2.757220268249512,161.02,9.9,8.78,87.8,2.760133743286133,217.97,0.0,16.03,70.5,2.788011074066162,188.61,2.06,11.06,66.5,2.831952810287476,214.98,2.71,10.73,96.5,2.8247547149658203,100.63,12.0,14.45,98.0,2.8421289920806885,186.33,10.76,7.95,153.7,2.835331678390503,14.06,6.87,13.8,70.4,2.828312873840332,26.02,0.24,10.82,197.0,2.833485841751098,148.89,0.3,19.39,144.3,2.833414077758789,313.95,3.11,15.5,85.7,2.829442024230957,129.2,5.28,9.98,177.1,2.827399730682373,272.81,0.0,9.86,102.4,2.846963882446289,154.07,0.0,8.81,142.4,2.823981761932373,140.63,2.45,14.09,185.0,2.8497021198272705,352.0,0.0,9.7,110.7,2.839998722076416,70.22,9.58,15.02,182.2,2.840201139450073,322.21,3.0,17.25,134.3,2.8560094833374023,340.66,1.59,16.41,55.6,2.8596739768981934,23.47,11.1,9.01,164.3,2.8665225505828857,298.65,12.84,16.48,133.1,2.872405529022217,290.65,12.62,10.24,123.3,2.8780651092529297,223.77,0.0,11.26,96.9,2.8778138160705566,109.16,0.0,12.05,90.3,2.8841915130615234,119.71,0.43,13.39,114.9,2.872776985168457,152.05,9.97,16.26,137.4,2.882892608642578,198.46,0.0,10.53,103.4,2.881710767745972,146.25,0.28,13.25,150.5,2.8808786869049072,356.22,0.0,14.34,92.3,2.8661348819732666,29.36,10.15,16.25,169.2,2.876837491989136,338.73,3.54,16.9,178.4,2.882199048995972,334.25,6.2,15.79,187.7,2.885215282440185,209.62,0.34,15.15,165.6,2.8900961875915527,305.95,3.54,17.8,180.3,2.8954918384552,,,,,,,,,,
146.51,3.06,0.02,0.2,2.704185485839844,161.19,8.6,2.26,22.6,2.7819664478302,161.02,3.12,8.75,87.7,2.7850656509399414,211.38,9.92,7.44,103.7,2.8146679401397705,176.66,0.0,10.45,93.9,2.8563392162323,197.93,10.22,15.82,107.6,2.852713108062744,77.26,2.2,8.88,74.4,2.8636727333068848,158.03,1.66,11.0,101.8,2.8643240928649902,342.69,0.0,6.58,90.9,2.852392196655273,347.43,10.88,13.19,87.9,2.8620638847351074,102.83,10.53,6.59,106.6,2.856834888458252,263.41,7.35,11.71,149.9,2.8578171730041504,74.09,8.44,19.52,68.8,2.850626230239868,212.26,3.1,16.23,159.8,2.8720102310180664,88.33,3.12,11.92,144.8,2.8472650051116943,66.88,0.0,6.78,70.4,2.873638391494751,275.54,3.58,17.19,158.1,2.8673205375671387,348.4,3.38,10.34,95.2,2.8641908168792725,232.47,0.0,7.7,112.8,2.8802621364593506,249.52,0.37,16.41,142.7,2.886930465698242,286.52,2.12,13.75,74.1,2.8915271759033203,189.49,0.0,15.16,75.5,2.899578809738159,177.54,0.0,14.53,93.4,2.902050495147705,114.52,2.44,13.8,157.0,2.9072368144989014,351.04,0.26,12.52,134.5,2.9162464141845703,351.12,0.52,11.54,180.3,2.9008405208587646,21.09,2.31,17.95,126.2,2.91210675239563,62.23,1.01,13.2,148.3,2.909414768218994,3.43,8.38,17.53,145.5,2.9051952362060547,214.45,3.26,14.78,147.7,2.893994092941284,236.07,0.0,13.65,91.8,2.906984329223633,181.32,6.63,17.56,165.2,2.910813093185425,170.86,0.0,10.7,121.3,2.909856081008911,41.48,11.47,19.19,161.4,2.9143505096435547,131.84,6.87,15.26,177.7,2.9234752655029297,,,,,,,,,,
146.6,10.07,0.04,0.2,2.732186079025269,161.19,2.26,2.25,13.7,2.805981159210205,161.02,0.0,6.05,84.0,2.809842824935913,204.79,4.74,4.76,41.4,2.839740514755249,164.71,10.25,15.5,90.8,2.884360074996948,179.56,0.0,7.29,103.6,2.8781511783599854,57.13,0.0,6.61,141.5,2.88891863822937,130.17,3.37,12.42,132.9,2.887778043746948,310.78,0.0,6.24,108.4,2.8807973861694336,307.27,0.0,7.03,105.3,2.8862133026123047,56.07,1.18,11.82,107.3,2.88823676109314,211.64,0.0,6.08,67.3,2.8816192150115967,20.65,0.88,8.22,108.1,2.874595642089844,149.85,7.3,13.06,150.0,2.904025077819824,21.62,7.37,15.73,173.8,2.8754642009735107,1.14,0.52,13.12,161.0,2.8980071544647217,197.23,8.14,16.29,149.4,2.891218423843384,268.07,0.0,9.03,147.2,2.8934144973754883,147.74,3.58,12.87,184.1,2.90952205657959,156.27,9.52,16.42,148.1,2.9155313968658447,190.9,0.11,17.14,142.0,2.9179906845092773,89.12,0.0,14.14,145.3,2.925286293029785,71.46,0.0,10.18,179.2,2.929938077926636,357.01,6.98,18.22,143.9,2.9380364418029785,229.57,10.41,15.29,167.5,2.940199851989746,225.26,9.16,12.08,175.1,2.928891658782959,253.65,0.36,12.43,155.6,2.936690092086792,289.95,7.73,12.85,179.9,2.937617540359497,232.82,3.09,13.62,160.3,2.9329631328582764,67.94,10.02,14.9,134.9,2.919727563858032,89.47,0.0,14.29,147.8,2.9284231662750244,21.97,0.0,15.19,101.5,2.937859058380127,7.73,1.94,16.01,187.2,2.9375901222229004,231.68,1.66,16.29,128.9,2.9422996044158936,315.97,0.0,12.58,128.4,2.9514546394348145,,,,,,,,,,
146.6,3.03,0.03,0.2,2.7561938762664795,161.19,0.0,1.94,22.3,2.829979658126831,161.02,3.26,8.78,87.7,2.834589958190918,198.28,0.0,5.62,85.8,2.8647258281707764,152.14,2.23,11.31,74.2,2.908086061477661,162.95,3.16,6.65,87.5,2.902024269104004,35.42,0.59,7.09,136.8,2.917250633239746,101.51,8.47,17.1,133.6,2.9157602787017822,277.91,11.92,16.08,169.7,2.908420324325561,268.68,0.22,6.25,160.6,2.909777402877808,10.9,0.06,11.06,195.3,2.912550449371338,164.36,0.62,11.91,190.0,2.9059383869171143,327.48,0.05,12.88,90.9,2.9001872539520264,87.54,0.0,6.41,119.1,2.928036689758301,316.14,0.0,4.92,53.7,2.902783870697021,293.12,9.78,7.0,89.8,2.921971082687378,119.88,0.0,10.16,137.6,2.9199342727661133,188.7,2.64,15.54,110.9,2.916229486465454,58.1,4.25,17.79,152.4,2.9332385063171387,61.52,2.1,16.53,96.1,2.9399545192718506,92.72,12.49,11.18,126.9,2.9471275806427,346.29,11.96,12.81,149.1,2.952655553817749,324.58,12.02,12.11,149.5,2.957958936691284,241.79,0.0,10.98,98.1,2.962270736694336,105.03,0.0,7.13,140.5,2.968270063400269,99.93,1.92,15.28,77.2,2.956646680831909,124.1,9.32,14.83,129.8,2.964101791381836,154.78,0.0,12.49,97.7,2.961665630340576,92.64,0.0,13.81,128.5,2.9599459171295166,279.4,0.0,15.0,111.2,2.94656753540039,300.76,11.38,16.5,152.3,2.960091114044189,229.57,3.3,15.32,143.4,2.9659905433654785,215.77,9.23,17.69,148.6,2.966991186141968,63.46,0.0,16.67,158.7,2.9677109718322754,142.21,3.55,16.66,169.6,2.979500532150269,,,,,,,,,,
146.6,0.0,-0.01,0.4,2.7802188396453857,161.19,3.0,2.25,22.5,2.856600761413574,161.02,10.27,8.78,87.6,2.862619400024414,191.51,0.14,9.61,146.3,2.893398761749268,140.19,0.0,11.09,101.7,2.936596393585205,146.43,11.49,9.05,129.6,2.9304537773132324,13.8,11.88,13.37,72.8,2.939647436141968,72.33,0.33,6.75,70.8,2.940518856048584,242.31,1.18,7.58,97.2,2.932456970214844,230.1,12.05,8.96,83.7,2.9379758834838867,326.25,11.13,17.67,130.4,2.941169500350952,112.5,8.18,12.55,152.4,2.9352238178253174,272.29,12.64,13.87,160.5,2.9283697605133057,27.86,0.0,16.57,86.9,2.951916456222534,252.77,1.19,6.33,87.9,2.9270050525665283,224.82,2.17,14.98,168.6,2.949709177017212,40.08,3.31,14.38,156.9,2.946808099746704,105.47,4.06,14.14,135.8,2.943861484527588,331.52,0.0,9.26,87.4,2.9592227935791016,333.28,0.0,9.23,161.4,2.9634339809417725,350.51,2.0,12.46,98.7,2.9716482162475586,236.95,1.47,16.13,97.2,2.9756195545196533,209.97,1.43,18.36,86.5,2.981776475906372,131.75,3.32,14.0,132.2,2.9901554584503174,346.99,3.76,14.33,151.8,2.992677927017212,341.72,0.26,12.91,145.8,2.981017589569092,350.86,0.34,13.09,134.2,2.98820424079895,23.12,3.09,15.06,148.3,2.9894258975982666,315.97,11.5,13.47,163.2,2.988876342773437,132.28,3.78,17.58,158.6,2.9739208221435547,142.73,0.0,14.54,109.1,2.9881632328033447,72.07,8.08,16.21,149.6,2.9901645183563232,53.7,0.0,14.16,108.6,2.9901530742645264,259.72,9.61,15.25,146.4,2.9963178634643555,326.51,4.38,17.68,168.4,3.008047342300415,,,,,,,,,,
146.6,1.73,0.01,0.2,2.8042659759521484,161.19,9.18,2.26,22.7,2.878758668899536,161.02,2.74,8.73,72.4,2.887689113616944,184.39,10.85,8.43,65.1,2.915644407272339,127.53,9.48,13.14,82.6,2.962942600250244,128.5,2.05,6.1,79.8,2.956456184387207,351.74,1.91,10.64,145.9,2.968549966812134,47.11,0.0,5.54,123.2,2.965261220932007,210.76,0.0,7.0,126.2,2.958125829696656,192.3,3.37,14.68,135.1,2.965334415435791,277.82,0.0,11.55,46.6,2.964371681213379,59.85,1.07,9.98,94.4,2.957515001296997,212.7,1.98,14.65,39.5,2.957554340362549,329.41,11.83,19.49,108.3,2.9803452491760254,190.11,11.56,7.84,143.0,2.9546072483062744,152.23,0.2,10.91,113.8,2.976947069168091,324.05,7.39,15.1,140.8,2.975998640060425,21.27,0.0,9.09,106.0,2.9694268703460693,249.08,3.24,10.22,95.2,2.9821012020111084,242.49,12.66,9.64,166.8,2.991196870803833,255.5,0.0,14.64,136.9,3.0005786418914795,137.29,1.46,9.52,161.1,3.0034353733062744,105.56,0.98,11.39,117.9,3.0099895000457764,15.21,9.69,10.88,111.1,3.015897989273072,225.18,7.5,17.05,163.7,3.022813081741333,215.86,9.69,13.6,142.7,3.009244680404663,220.17,2.44,13.38,163.6,3.01739501953125,250.31,8.48,15.02,130.0,3.0138132572174072,169.37,1.93,14.36,90.2,3.012858629226685,344.0,6.16,15.22,130.7,3.0005013942718506,347.78,2.22,14.08,153.8,3.013124465942383,278.79,0.0,13.17,122.8,3.019141912460327,254.97,1.31,15.43,141.8,3.018730401992798,92.29,2.0,16.73,163.8,3.020769119262696,152.05,0.0,14.26,168.7,3.0328524112701416,,,,,,,,,,
146.6,7.86,0.02,0.3,2.8282740116119385,161.19,2.39,2.24,19.2,2.902796745300293,161.02,0.0,7.94,86.8,2.911905765533448,177.8,2.92,8.5,94.5,2.9393515586853027,115.14,4.32,15.51,93.2,2.9917232990264893,111.88,0.0,7.04,112.9,2.9812121391296387,329.24,0.39,14.6,125.2,2.9925057888031006,20.57,3.57,12.74,97.6,2.989030361175537,178.59,5.04,14.04,204.1,2.988142251968384,153.28,0.0,15.36,97.2,2.993997097015381,233.61,0.7,17.5,61.6,2.9917867183685303,13.36,0.0,14.51,86.7,2.985352039337158,158.73,0.62,11.99,192.1,2.9794790744781494,263.58,0.61,11.93,44.0,3.0067925453186035,123.05,1.45,16.08,128.8,2.9789698123931885,78.75,12.8,9.55,66.6,3.005983591079712,244.6,0.0,8.39,135.4,3.000152587890625,303.84,1.54,9.93,122.3,2.994319438934326,163.92,8.8,11.66,159.5,3.0101535320281982,149.41,2.63,9.71,166.9,3.0190634727478027,155.92,10.17,10.7,182.0,3.029069185256958,35.51,10.6,14.92,100.2,3.0321733951568604,353.32,9.56,16.84,113.4,3.0378663539886475,263.58,0.0,7.65,111.3,3.038353443145752,105.21,0.0,7.55,103.9,3.04441237449646,90.53,2.27,15.77,116.7,3.0332953929901123,89.91,8.88,17.88,143.2,3.040166139602661,115.58,0.0,15.18,128.5,3.0441043376922607,33.49,0.0,12.71,177.2,3.040902137756348,196.88,0.0,9.94,127.9,3.0298311710357666,195.12,7.07,16.17,173.6,3.0412628650665283,120.85,3.2,16.99,154.7,3.04195523262024,93.16,10.29,13.92,147.4,3.048133850097656,288.11,0.2,16.85,158.8,3.0491206645965576,336.01,9.06,15.21,181.4,3.061605215072632,,,,,,,,,,
146.6,8.77,0.03,0.3,2.852264165878296,161.19,0.0,1.96,21.7,2.9307806491851807,161.02,3.56,8.78,87.9,2.9354593753814697,171.3,0.0,7.32,93.3,2.9643733501434326,102.74,0.0,12.16,98.0,3.01384711265564,95.01,4.68,10.9,75.0,3.0033538341522217,306.21,10.11,11.79,96.8,3.023529529571533,353.94,7.06,10.17,137.8,3.017752170562744,145.11,2.64,9.97,116.1,3.012364149093628,115.4,9.7,14.04,107.4,3.0176689624786377,189.23,11.01,18.18,76.9,3.016509532928467,325.11,5.4,11.03,68.1,3.009443044662476,101.78,10.38,9.53,143.8,3.008366584777832,202.94,0.16,17.29,115.2,3.034980297088623,54.32,0.0,16.27,84.2,3.0045621395111084,10.46,3.38,15.37,191.1,3.0294559001922607,170.07,3.38,14.35,156.4,3.0280418395996094,223.15,8.2,17.92,140.5,3.023831367492676,74.97,0.0,14.82,98.2,3.033750534057617,57.74,0.0,11.78,94.3,3.0406510829925537,52.65,1.6,12.13,92.4,3.051368474960327,289.78,2.08,16.53,64.2,3.056447744369507,242.31,0.0,15.27,61.7,3.0663533210754395,153.98,1.81,16.5,128.2,3.0668227672576904,347.17,2.68,14.23,121.6,3.0758395195007324,327.39,0.0,18.17,153.3,3.0607264041900635,322.65,0.0,16.0,81.8,3.071521043777466,337.68,0.72,14.06,158.8,3.0704476833343506,256.29,12.08,15.8,138.0,3.070387125015259,55.63,0.47,14.89,134.6,3.0546395778656006,42.1,0.0,13.3,109.6,3.066901922225952,321.24,5.79,15.49,171.9,3.069931030273437,287.67,0.0,12.6,109.1,3.0727851390838623,120.94,10.18,16.49,158.5,3.076904296875,162.42,2.92,17.12,161.9,3.090125560760498,,,,,,,,,,
146.6,2.54,0.02,0.1,2.8762826919555664,161.19,2.96,2.25,22.5,2.954999685287476,161.02,9.87,8.79,87.6,2.9587316513061523,164.62,3.36,7.69,75.4,2.9915575981140137,90.44,2.89,13.48,167.6,3.038640022277832,78.13,8.67,9.46,169.6,3.02795958518982,283.01,0.96,7.38,83.8,3.0481014251708984,325.63,0.0,5.08,76.9,3.044748306274414,112.15,0.0,9.23,118.1,3.037332534790039,75.5,3.94,11.87,134.0,3.0462453365325928,143.88,1.84,12.08,105.5,3.044546365737915,274.57,5.14,8.0,195.8,3.0375797748565674,43.68,2.52,15.27,85.5,3.035845994949341,140.63,10.66,17.61,124.2,3.059739112854004,350.6,11.72,6.79,111.7,3.033900737762451,299.88,0.0,9.59,117.0,3.055350542068481,91.49,8.32,17.08,155.8,3.052298069000244,141.5,0.0,6.82,78.2,3.0489211082458496,351.65,1.02,13.44,115.9,3.061910390853882,329.59,2.86,16.2,88.7,3.069729804992676,319.39,0.0,11.44,128.1,3.082371950149536,188.79,0.18,17.35,106.1,3.0845441818237305,138.08,0.36,11.49,107.2,3.089637756347656,37.97,10.65,16.41,167.4,3.091127634048462,225.35,7.1,15.71,146.9,3.100292921066284,201.8,9.19,16.22,131.5,3.08906364440918,196.35,0.29,16.03,149.2,3.0959575176239014,201.27,6.4,14.0,131.1,3.097242593765259,111.71,1.62,16.11,141.3,3.0937957763671875,272.11,9.12,15.24,141.2,3.0830085277557373,253.83,2.78,13.97,146.5,3.0939509868621826,163.39,0.0,9.94,127.3,3.0973026752471924,125.16,3.96,14.03,164.4,3.101626396179199,303.66,0.0,10.57,128.2,3.100695848464966,346.11,0.0,15.9,173.3,3.114738702774048,,,,,,,,,,
146.6,0.0,0.01,0.2,2.9003233909606934,161.19,9.65,2.25,22.5,2.982907295227051,161.02,1.99,8.77,87.4,2.9854321479797363,158.38,10.11,9.58,111.5,3.0199666023254395,77.78,9.16,8.05,146.6,3.0663156509399414,60.91,2.07,7.86,76.6,3.0518875122070312,261.65,0.04,9.09,71.8,3.072758197784424,299.79,0.84,9.29,102.9,3.06618595123291,78.84,3.18,11.15,80.8,3.065652847290039,36.47,0.0,7.49,103.0,3.0694637298583984,97.65,0.82,15.88,177.9,3.072335958480835,224.47,0.0,3.55,161.4,3.0614030361175537,350.33,0.0,9.74,160.3,3.0598220825195312,75.41,0.0,15.31,81.1,3.084615468978882,281.69,2.98,13.11,174.7,3.0589115619659424,228.69,3.46,8.02,74.0,3.0770766735076904,14.94,0.24,16.55,99.1,3.077482223510742,64.07,0.0,14.43,190.0,3.0730905532836914,261.65,9.3,11.1,154.8,3.089338779449463,238.89,5.92,16.3,127.8,3.0965347290039062,220.08,11.22,11.16,150.3,3.106668710708618,84.2,11.73,10.97,112.4,3.113457441329956,27.07,10.86,14.94,159.6,3.1180062294006348,282.22,0.0,15.38,140.9,3.1203110218048096,104.94,0.0,9.43,102.7,3.1285266876220703,75.94,1.95,15.65,166.5,3.113041877746582,66.18,11.96,14.02,154.6,3.1238560676574707,65.39,0.0,10.03,122.8,3.1224071979522705,328.8,0.83,13.14,176.4,3.121696949005127,126.74,0.0,10.69,108.3,3.106987237930298,101.95,6.49,17.38,149.2,3.1185901165008545,11.16,0.61,14.33,137.3,3.121145725250244,320.63,5.77,15.02,138.3,3.1242854595184326,135.79,3.53,15.53,163.1,3.130884885787964,172.44,12.22,17.95,184.5,3.1420154571533203,,,,,,,,,,
146.6,0.24,0.01,0.2,2.924323797225952,161.19,2.04,2.26,22.4,3.0069222450256348,161.02,0.0,7.2,85.4,3.007699966430664,151.17,1.25,17.16,69.1,3.0446369647979736,65.65,1.79,8.89,92.5,3.090179204940796,44.47,0.0,14.47,121.6,3.0802035331726074,241.17,6.86,16.01,107.3,3.1013474464416504,272.02,9.84,19.43,105.4,3.098156213760376,47.55,10.31,10.06,104.9,3.089702606201172,0.0,0.62,15.73,99.4,3.096864461898804,52.73,12.04,9.82,119.2,3.0966739654541016,174.73,2.72,12.45,133.1,3.089390277862549,295.05,11.0,7.05,127.9,3.0889980792999268,16.0,0.0,7.14,120.5,3.1127099990844727,213.84,0.18,11.94,112.8,3.086752891540528,162.33,7.72,19.28,182.5,3.106239080429077,302.26,0.18,16.04,151.0,3.1065285205841064,343.04,11.26,12.39,83.4,3.101213216781616,173.41,0.0,18.67,101.4,3.117656707763672,145.2,0.0,10.98,102.0,3.1246349811553955,117.07,0.0,5.61,126.7,3.1340856552124023,338.03,1.78,18.44,91.7,3.138397693634033,275.54,0.0,16.75,85.3,3.141991138458252,166.99,2.86,14.71,115.9,3.1486167907714844,347.26,2.08,13.22,136.3,3.1537985801696777,313.51,0.18,14.77,134.8,3.144536018371582,293.64,0.0,11.22,89.1,3.147754669189453,293.29,2.36,16.32,152.7,3.1510050296783447,187.29,10.14,14.25,141.5,3.150543689727783,337.06,3.38,15.69,160.1,3.13546109199524,307.44,0.0,10.24,108.2,3.1478068828582764,217.71,6.88,14.85,146.5,3.1505258083343506,157.68,0.0,12.8,132.3,3.154405117034912,325.46,6.6,15.37,170.5,3.153394222259521,349.98,0.56,17.91,109.7,3.1700644493103027,,,,,,,,,,
146.6,9.13,0.03,0.3,2.94834041595459,161.19,0.0,2.07,21.9,3.0309078693389893,161.02,2.82,8.76,88.0,3.035367965698242,144.32,0.01,11.65,73.5,3.0737669467926025,54.23,0.0,8.23,85.0,3.114051818847656,26.72,3.71,10.7,96.8,3.1077704429626465,218.06,3.7,11.78,111.7,3.125173568725586,244.07,0.27,16.73,63.2,3.122530221939087,12.22,0.0,14.28,38.3,3.113197565078736,324.14,10.4,14.25,103.5,3.117820501327514,7.03,4.1,10.87,84.2,3.121398448944092,123.31,6.62,11.96,80.3,3.1159780025482178,237.83,3.0,8.52,100.5,3.111557006835937,317.29,10.18,9.08,111.4,3.137519359588623,146.95,10.83,6.97,103.2,3.115203380584717,89.21,0.0,6.65,92.9,3.129486560821533,222.71,9.37,14.89,132.8,3.1285476684570312,259.54,2.13,15.22,115.6,3.1289215087890625,83.94,0.8,12.26,102.0,3.141866445541382,49.92,1.19,18.54,115.7,3.149101972579956,20.74,0.18,14.9,154.2,3.160495519638061,236.34,0.02,15.99,135.5,3.167021036148072,170.86,0.92,14.8,114.0,3.170078754425049,52.29,8.11,11.45,171.0,3.176109552383423,225.88,6.57,14.04,140.1,3.181809425354004,187.29,10.68,13.18,130.7,3.168891191482544,168.05,0.64,12.58,153.6,3.176629066467285,157.06,7.22,14.55,133.7,3.1794004440307617,40.78,0.0,11.75,107.6,3.174780368804932,189.93,6.92,16.03,178.8,3.1600277423858643,154.95,3.12,14.52,151.1,3.1769518852233887,60.56,0.0,15.14,93.6,3.1732335090637207,354.02,3.17,14.37,153.7,3.183624744415283,158.03,0.0,10.39,138.0,3.181605100631714,175.43,1.38,14.98,174.3,3.1946284770965576,,,,,,,,,,
146.6,8.3,0.03,0.2,2.9723434448242188,161.19,3.09,2.24,22.5,3.054985523223877,161.02,8.89,8.79,88.1,3.063562154769897,137.81,12.19,10.8,42.3,3.0968971252441406,43.15,2.61,12.15,118.0,3.143399238586426,9.84,10.95,7.15,171.6,3.132188558578491,195.64,0.0,9.28,172.6,3.153704881668091,216.47,0.26,11.25,103.5,3.1517672538757324,340.58,0.51,6.83,161.6,3.141680955886841,282.66,0.0,11.23,92.1,3.1496071815490723,325.99,0.0,7.32,69.6,3.144471883773804,72.95,0.26,16.73,72.7,3.14135479927063,183.25,0.0,13.93,90.4,3.138545036315918,253.74,3.4,11.77,78.9,3.1660916805267334,78.49,2.64,12.77,130.6,3.1387243270874023,23.38,0.0,15.7,105.3,3.1566030979156494,145.46,0.0,12.17,79.6,3.159874677658081,176.48,0.49,11.27,77.9,3.154191017150879,357.28,8.68,9.33,139.1,3.171916246414185,318.52,5.17,18.63,107.6,3.178576946258545,283.36,11.03,11.13,175.1,3.186485290527344,132.89,9.52,12.82,142.1,3.191274404525757,60.03,11.98,11.81,132.3,3.1982080936431885,299.44,0.0,13.52,137.4,3.2019970417022705,106.08,0.0,10.37,91.4,3.204227924346924,56.78,0.0,17.4,107.6,3.197394371032715,36.74,11.22,12.65,186.3,3.2001543045043945,20.83,0.0,8.21,138.2,3.203804016113281,263.58,2.94,15.58,133.0,3.202956199645996,42.54,0.0,15.78,98.8,3.190217971801758,0.97,7.58,17.49,150.2,3.2010464668273926,272.99,0.28,14.73,179.2,3.2016255855560303,189.67,3.59,14.06,157.9,3.207789421081543,347.52,3.95,15.85,167.9,3.2108023166656494,0.44,12.06,18.36,175.8,3.222665786743164,,,,,,,,,,
146.6,2.99,0.02,0.1,2.9964163303375244,161.19,10.2,2.25,22.6,3.0790016651153564,161.02,2.45,8.78,88.0,3.087621688842773,130.61,2.24,6.29,95.4,3.1199450492858887,30.59,9.98,7.87,163.3,3.166199922561645,353.85,0.0,7.22,43.2,3.1574854850769043,174.64,7.17,7.95,166.3,3.1785383224487305,188.44,9.34,16.0,88.1,3.17590856552124,307.62,12.04,15.53,128.8,3.1681551933288574,244.07,3.35,11.46,122.9,3.1736207008361816,283.45,2.97,10.1,195.2,3.1722564697265625,23.55,0.26,13.94,57.9,3.165881633758545,129.29,3.4,9.9,151.9,3.164026260375977,193.36,0.0,12.28,87.0,3.1897222995758057,11.43,0.0,13.3,162.2,3.163727045059204,312.54,11.47,15.6,152.3,3.186333656311035,69.17,0.0,12.74,127.6,3.1838598251342773,96.77,12.84,16.51,137.5,3.184283971786499,271.41,1.79,16.21,111.2,3.194398880004883,223.33,0.0,11.39,84.4,3.200641393661499,181.05,0.0,9.33,114.6,3.2118520736694336,26.1,2.07,14.72,127.4,3.2165768146514893,309.38,0.0,9.7,75.1,3.220866203308105,184.75,2.94,15.17,114.8,3.2274510860443115,347.34,1.6,13.3,180.8,3.23334002494812,294.17,3.64,14.27,175.7,3.221867084503174,264.81,1.01,16.18,103.6,3.228125095367432,253.3,2.42,16.32,164.0,3.2273478507995605,124.63,7.34,15.88,149.4,3.2295117378234863,266.13,0.6,17.42,176.1,3.211865186691284,219.02,0.0,9.83,101.6,3.2268664836883545,115.58,9.71,17.09,158.6,3.225611686706543,27.16,0.0,12.22,139.5,3.2290024757385254,179.21,4.52,16.49,168.5,3.2350523471832275,191.95,1.94,17.79,106.3,3.250659942626953,,,,,,,,,,
146.6,0.0,0.02,0.4,3.0204176902771,161.19,0.95,2.24,14.2,3.102994918823242,161.02,0.0,7.18,87.5,3.111313581466675,124.1,0.0,6.58,173.1,3.148285150527954,18.54,2.56,8.5,64.0,3.1886463165283203,337.32,0.0,6.84,138.0,3.1804378032684326,153.37,4.85,5.17,124.5,3.2018818855285645,161.98,2.12,12.31,178.7,3.205082654953003,272.37,0.28,13.02,95.5,3.19409704208374,204.79,8.48,11.17,198.7,3.2020914554595947,236.69,7.35,14.97,83.3,3.1999473571777344,335.3,11.74,12.69,88.7,3.194531440734864,73.39,7.4,15.03,169.6,3.188373565673828,133.77,4.14,15.25,160.1,3.215658187866211,306.21,11.97,7.37,68.9,3.193609952926636,236.34,1.89,11.77,73.5,3.207615375518799,352.27,12.22,11.21,115.1,3.213724136352539,12.74,2.74,10.56,86.2,3.2052950859069824,182.64,0.4,16.86,103.8,3.2225182056427,133.95,3.12,18.92,146.7,3.229158639907837,85.08,0.93,14.54,161.5,3.2421553134918213,285.21,0.15,11.34,133.8,3.2445855140686035,206.98,0.0,11.56,145.3,3.248906373977661,70.49,7.57,12.05,173.3,3.2565464973449707,226.14,7.66,13.36,105.4,3.262603759765625,168.31,7.86,12.62,143.6,3.250108242034912,134.47,1.79,14.9,152.5,3.260382652282715,118.92,8.44,14.68,135.1,3.257156610488892,341.1,0.0,9.27,120.5,3.259364604949951,119.27,8.07,14.32,146.8,3.2410635948181152,73.39,0.11,14.03,144.9,3.250430107116699,315.53,0.0,12.7,105.6,3.253594160079956,229.31,3.49,14.47,160.5,3.257930994033813,10.2,0.0,14.16,147.1,3.263334989547729,18.19,0.56,17.16,178.5,3.2791078090667725,,,,,,,,,,
146.6,0.14,0.02,0.2,3.04443621635437,161.19,0.0,2.07,22.1,3.13100814819336,161.02,3.34,8.79,87.6,3.1369221210479736,117.33,8.1,13.99,88.5,3.176216125488281,7.29,0.0,12.24,79.7,3.2129039764404297,320.01,8.82,12.49,59.9,3.2105519771575928,131.48,0.0,4.08,140.5,3.230921506881714,133.68,0.84,10.46,72.5,3.228276252746582,239.15,1.16,14.89,103.7,3.2217047214508057,165.67,0.0,10.14,52.0,3.2270736694335938,192.74,0.0,11.17,78.7,3.2284512519836426,283.01,2.78,9.64,86.1,3.2192459106445312,17.67,0.0,5.89,72.5,3.21583104133606,70.58,5.51,9.1,159.0,3.2439558506011963,239.85,2.73,8.72,119.9,3.2144615650177,166.46,0.34,7.68,97.1,3.2354278564453125,270.79,0.0,11.06,82.8,3.2377848625183105,294.7,0.0,14.3,185.0,3.2329375743865967,94.31,10.11,8.85,98.4,3.249552011489868,39.11,8.24,13.19,142.9,3.256765842437744,348.4,10.15,9.92,179.0,3.266439199447632,180.09,11.08,15.28,102.1,3.272855997085572,98.53,12.26,15.43,179.1,3.276362419128418,317.55,0.0,9.2,78.4,3.2823235988616943,106.0,0.0,7.35,127.8,3.2861886024475098,42.19,1.01,14.7,124.6,3.273813486099243,3.08,11.04,15.32,137.2,3.2808077335357666,340.49,0.0,11.57,120.9,3.285076141357422,205.4,3.98,14.58,142.3,3.2831859588623047,330.29,0.0,12.55,117.6,3.2652523517608643,284.06,10.12,16.38,152.9,3.2795209884643555,158.38,2.81,15.46,147.3,3.285473585128784,66.71,6.37,16.66,148.5,3.286033868789673,207.6,3.46,16.62,157.8,3.289790630340576,208.92,9.39,16.36,151.4,3.303750514984131,,,,,,,,,,
146.6,2.73,0.03,0.3,3.0644164085388184,161.19,2.91,2.25,22.5,3.1552183628082275,161.02,9.05,8.8,87.6,3.1613926887512207,110.3,5.81,9.08,93.2,3.200900077819824,355.87,1.05,10.51,170.5,3.241823196411133,302.43,4.5,7.44,140.1,3.2356443405151367,109.42,3.65,11.29,183.3,3.2569398880004883,106.35,12.38,10.33,140.3,3.2569563388824463,205.22,9.43,19.4,112.0,3.249788284301758,127.79,2.68,12.13,89.5,3.2563393115997314,148.97,1.45,8.3,62.9,3.2526204586029053,234.76,0.0,4.74,171.4,3.2438480854034424,326.69,0.0,9.17,108.9,3.2398717403411865,10.9,0.0,6.08,58.4,3.2645978927612305,175.08,0.0,11.1,174.7,3.247092962265014,99.32,4.34,13.69,156.1,3.2613391876220703,194.77,0.52,10.88,116.4,3.2669711112976074,211.55,11.93,8.97,84.4,3.261807918548584,10.37,2.87,8.36,118.8,3.272106409072876,307.09,0.0,11.16,112.7,3.2848024368286133,247.5,1.38,12.37,102.1,3.2944536209106445,71.28,0.0,15.27,108.3,3.296486616134644,346.03,2.1,10.74,81.7,3.3019747734069824,210.76,0.13,13.57,171.3,3.307316303253174,347.7,2.45,11.96,181.1,3.314293146133423,279.49,1.86,12.27,168.6,3.301933765411377,235.63,0.0,14.18,121.5,3.310154438018799,204.35,3.17,14.55,136.0,3.3096930980682373,64.78,8.38,14.33,141.2,3.306931495666504,183.16,0.66,13.21,174.1,3.2932889461517334,126.56,0.0,9.23,123.5,3.3084332942962646,358.59,7.53,14.74,154.6,3.310021162033081,268.15,0.0,12.72,160.3,3.314275026321411,39.02,5.47,16.42,152.0,3.3200020790100098,35.33,2.19,18.41,154.8,3.3320417404174805,,,,,,,,,,
146.6,8.92,0.04,0.3,3.092468500137329,161.19,7.36,2.26,22.5,3.18318247795105,161.02,2.91,8.77,87.5,3.18546724319458,103.97,0.0,9.02,50.6,3.224997043609619,343.56,8.63,15.36,142.9,3.270504236221313,284.77,0.0,5.99,68.1,3.259730577468872,86.75,8.0,5.34,114.7,3.279569864273072,76.55,1.74,15.22,94.3,3.281747817993164,171.47,0.0,11.07,89.9,3.2734715938568115,89.74,11.42,9.39,141.0,3.277960538864136,106.35,11.64,6.44,144.5,3.276071548461914,185.1,3.52,13.64,167.3,3.27053165435791,271.32,12.48,6.35,127.5,3.2684547901153564,314.65,0.23,13.7,191.7,3.2929909229278564,107.67,6.98,19.51,119.1,3.2715401649475098,27.42,5.94,9.59,82.3,3.286494016647339,117.16,9.56,10.48,78.5,3.29119873046875,132.54,3.26,12.6,171.2,3.286703109741211,288.37,0.0,11.44,176.6,3.300777196884156,212.61,4.08,19.1,145.4,3.3095943927764893,149.41,2.0,17.45,90.1,3.320120096206665,329.24,0.83,18.09,133.6,3.324548721313477,240.03,0.37,10.38,166.6,3.3298370838165283,96.94,11.71,16.47,162.4,3.336055517196656,226.58,7.38,15.18,179.5,3.3417623043060303,154.69,7.3,12.53,125.9,3.3277666568756104,106.96,2.92,12.38,181.0,3.3375163078308105,68.64,7.6,13.46,148.3,3.3380773067474365,288.11,0.0,13.78,118.1,3.3348867893218994,36.3,7.8,16.07,146.6,3.320684671401977,337.76,0.62,14.8,138.4,3.332414388656616,200.65,0.0,9.84,117.5,3.337742328643799,106.08,5.9,15.63,165.0,3.341904640197754,236.16,0.0,11.87,144.5,3.342388391494751,225.88,0.0,17.78,186.8,3.3556203842163086,,,,,,,,,,
146.6,3.22,0.02,0.2,3.116469383239746,161.19,1.86,2.25,20.0,3.207639217376709,161.02,0.0,5.84,86.6,3.208692073822021,97.03,0.0,7.93,85.6,3.2483692169189453,330.64,0.0,10.15,73.9,3.2946345806121826,267.8,2.22,7.74,164.8,3.28395938873291,66.18,2.48,12.74,50.9,3.3033621311187744,49.39,0.0,11.71,105.3,3.306630373001098,139.22,0.55,9.73,138.4,3.3018059730529785,50.54,2.61,7.52,135.4,3.305360794067383,59.33,3.14,6.46,173.6,3.301194190979004,133.68,4.2,13.06,93.2,3.2954795360565186,214.19,2.24,7.38,85.3,3.291727304458618,251.1,10.79,10.26,146.1,3.32071590423584,38.23,3.45,7.88,67.6,3.295683622360229,322.29,0.0,11.94,90.9,3.309704542160034,40.34,2.74,7.31,66.5,3.3159499168396,48.25,0.0,12.22,104.5,3.3153722286224365,199.07,12.38,13.74,98.6,3.324099540710449,119.36,5.62,19.09,149.4,3.3383772373199463,52.91,10.63,9.97,135.7,3.3450076580047607,224.47,8.54,12.7,104.9,3.353126287460327,130.96,10.79,14.11,153.4,3.357227325439453,339.17,0.0,15.02,90.1,3.358483076095581,106.35,0.0,7.63,96.9,3.366388320922852,27.42,0.0,15.0,84.6,3.3572838306427,333.19,6.78,15.77,149.1,3.365777015686035,296.98,0.0,7.66,134.9,3.361279010772705,147.22,1.36,13.27,174.8,3.363762378692627,252.6,0.0,12.77,122.5,3.3498640060424805,184.75,8.02,15.12,166.6,3.360172986984253,48.52,1.8,14.59,172.9,3.361804723739624,301.11,4.12,18.41,164.9,3.3667845726013184,68.12,2.17,16.66,185.5,3.3701326847076416,52.47,11.03,15.15,178.2,3.384527444839477,,,,,,,,,,
146.6,0.0,-0.01,-0.9,3.1444880962371826,161.19,0.0,1.89,22.5,3.2312021255493164,160.93,2.35,8.75,87.9,3.2353415489196777,90.44,2.78,6.68,80.5,3.274548292160034,318.25,0.42,12.41,133.1,3.317846298217773,250.58,9.48,12.02,75.8,3.312934875488281,44.74,0.0,16.83,97.1,3.331094980239868,22.24,6.2,18.33,73.9,3.3312904834747314,106.17,10.51,15.04,69.5,3.329242706298828,13.1,0.0,12.18,105.8,3.330050706863404,15.91,0.0,10.17,83.2,3.3307881355285645,83.5,0.0,8.75,88.1,3.3194169998168945,162.33,0.0,7.82,128.8,3.3183979988098145,185.8,0.0,14.14,102.8,3.349745988845825,337.32,0.0,5.1,68.4,3.320021629333496,251.81,2.29,11.35,126.6,3.3417251110076904,329.68,0.0,6.7,105.6,3.340651035308838,327.39,11.6,13.63,131.9,3.338797092437744,110.48,2.49,11.72,113.0,3.356090784072876,23.73,0.0,7.38,111.9,3.360827207565308,315.79,2.0,18.14,119.2,3.373471975326538,119.71,0.0,7.39,92.1,3.376408576965332,15.12,1.9,11.19,64.8,3.37919545173645,228.69,0.32,14.57,118.2,3.386580467224121,352.62,1.35,12.27,177.5,3.3943166732788086,270.0,0.4,16.79,152.3,3.378900051116944,202.15,0.0,8.91,106.9,3.3910181522369385,165.94,0.83,15.62,161.8,3.3896541595458984,5.36,9.92,15.28,146.7,3.3903846740722656,106.87,0.88,14.8,134.9,3.37335205078125,31.46,1.63,15.47,113.3,3.386078119277954,255.23,8.95,18.18,155.0,3.3902316093444824,138.78,0.0,12.38,155.4,3.395803928375244,264.9,6.94,16.44,195.8,3.39795184135437,236.07,0.7,16.4,96.3,3.408950090408325,,,,,,,,,,
146.51,0.94,0.02,0.2,3.1644906997680664,161.19,3.48,2.24,22.4,3.255468368530273,161.02,10.4,8.77,88.0,3.2642765045166016,84.2,12.06,7.36,96.2,3.296938896179199,305.6,10.05,10.2,105.6,3.346012592315674,233.53,0.0,8.2,75.4,3.337333917617798,23.47,2.72,7.61,148.1,3.358771324157715,355.34,6.1,7.64,115.5,3.359848976135254,71.81,2.8,6.31,156.5,3.3499159812927246,335.3,3.86,11.34,135.0,3.358048677444458,333.37,3.95,14.55,90.7,3.3523483276367188,37.18,0.26,15.97,136.1,3.3458268642425537,107.67,2.64,14.69,110.1,3.343759775161743,123.84,3.12,14.39,163.7,3.37406063079834,274.39,0.47,9.2,105.4,3.3473424911499023,178.86,9.18,8.12,89.9,3.366212844848633,253.56,3.31,9.7,129.1,3.3677382469177246,240.82,2.04,12.52,95.7,3.367358922958374,19.95,0.0,12.01,157.8,3.380974054336548,296.37,3.21,12.71,186.7,3.3847930431365967,216.39,0.24,16.23,119.5,3.4015493392944336,22.41,0.02,10.73,116.5,3.404850721359253,272.64,0.0,12.26,158.9,3.4107871055603027,114.08,9.39,13.81,99.6,3.4141902923583984,231.33,8.08,14.65,119.9,3.418257236480713,144.67,8.82,13.99,144.9,3.411040782928467,76.82,0.34,17.98,139.5,3.418995857238769,29.27,9.28,14.09,159.2,3.4163286685943604,234.4,0.64,13.13,101.0,3.4128613471984863,317.72,7.56,15.9,170.5,3.401875734329224,243.72,1.0,13.9,150.5,3.41501259803772,98.26,1.9,17.61,106.3,3.413295269012451,333.63,11.42,16.26,186.0,3.4249701499938965,96.68,0.0,9.85,113.0,3.422341108322144,69.61,0.0,16.39,165.5,3.433886766433716,,,,,,,,,,
146.6,12.46,0.03,0.4,3.188549518585205,161.19,7.85,2.27,22.5,3.2794530391693115,161.02,2.17,8.78,58.1,3.286073684692383,77.43,4.41,8.53,128.4,3.3235318660736084,292.68,0.0,7.21,86.9,3.372828722000122,216.74,0.0,10.92,84.4,3.362185001373291,2.9,10.69,16.36,61.3,3.3804028034210205,327.57,0.0,6.78,161.5,3.384253025054932,39.55,0.0,5.21,108.1,3.377690076828003,294.79,3.36,17.54,78.6,3.3819832801818848,288.46,6.98,15.53,90.1,3.380044221878052,346.11,11.13,8.33,100.1,3.3745243549346924,50.1,5.77,18.7,69.0,3.3718273639678955,59.85,8.56,8.56,132.9,3.3981423377990723,208.21,9.85,12.28,184.0,3.373708724975586,111.97,2.87,16.33,142.1,3.3880069255828857,178.42,6.04,11.38,112.1,3.392519474029541,161.1,0.0,11.02,147.9,3.3931541442871094,293.99,9.38,14.02,86.7,3.4095308780670166,202.59,6.9,13.03,190.0,3.4166789054870605,117.6,10.38,9.78,185.7,3.4254229068756104,279.93,10.94,13.18,174.9,3.4332284927368164,164.09,9.86,11.49,182.3,3.439192771911621,2.2,3.76,15.24,128.9,3.4375786781311035,110.92,0.0,10.59,94.7,3.446091890335083,17.67,1.83,16.46,114.8,3.4322166442871094,310.25,9.84,14.81,142.6,3.4428844451904297,257.26,0.0,14.57,85.0,3.4415993690490723,94.22,0.05,14.33,156.7,3.441105365753174,170.51,0.0,10.57,129.8,3.431038856506348,91.58,9.17,15.18,149.1,3.43959903717041,304.8,0.86,14.87,160.6,3.440248966217041,164.88,1.98,16.28,185.9,3.4478566646575928,300.15,0.86,16.94,165.8,3.451087713241577,259.37,11.8,18.95,174.6,3.461519479751587,,,,,,,,,,
146.6,5.89,0.02,0.2,3.212606191635132,161.1,2.15,2.25,13.8,3.307483196258545,161.02,0.0,6.82,87.1,3.313555955886841,70.49,0.0,4.92,77.9,3.344327211380005,280.81,0.52,13.99,168.6,3.398465156555176,199.25,7.97,12.09,109.6,3.3906490802764893,341.72,1.88,13.31,42.9,3.408978223800659,300.59,3.08,9.54,74.6,3.408735990524292,7.73,3.04,7.13,154.5,3.401627779006958,256.64,0.0,12.63,58.3,3.409691572189331,243.63,0.0,9.77,67.7,3.404322385787964,294.17,1.95,10.52,35.6,3.399580955505371,356.57,0.0,8.03,145.9,3.395756959915161,0.53,2.9,17.36,110.5,3.4221832752227783,141.33,0.0,14.3,74.6,3.39929747581482,37.35,0.0,11.24,129.3,3.4172279834747314,100.2,0.0,11.17,141.7,3.420719861984253,78.4,8.27,14.63,122.8,3.4196009635925293,207.6,2.68,11.55,111.6,3.433837413787842,108.81,0.0,7.5,134.5,3.440654993057251,17.23,1.82,15.08,92.9,3.453502655029297,172.18,0.0,11.95,88.8,3.4578306674957275,53.0,2.2,12.61,135.0,3.463596820831299,254.71,0.0,16.13,130.0,3.4666006565093994,352.97,1.3,12.93,149.4,3.473506212234497,255.85,0.39,17.99,143.6,3.460889339447021,178.77,0.0,9.69,80.6,3.468136787414551,127.62,0.26,14.4,157.2,3.469681024551392,316.76,8.83,14.36,167.1,3.46513032913208,22.68,1.2,16.87,144.0,3.453986406326294,303.31,0.54,14.91,131.7,3.468383312225342,146.78,8.34,14.94,144.7,3.470170736312866,0.62,0.0,12.72,161.5,3.47443962097168,131.75,7.64,17.02,154.4,3.474138736724853,79.54,1.79,14.72,186.3,3.489920854568481,,,,,,,,,,
146.6,0.0,0.01,0.1,3.2365753650665283,161.19,0.0,1.85,22.2,3.331930160522461,161.02,2.76,8.76,88.1,3.337602138519287,64.25,0.25,9.87,119.3,3.372519016265869,268.42,8.99,13.63,97.3,3.425905704498291,181.32,3.29,10.12,175.0,3.414599895477295,320.1,0.33,15.03,123.6,3.4370932579040527,274.13,10.92,6.5,116.7,3.436708688735962,337.06,9.94,15.74,114.2,3.429259777069092,218.06,3.85,10.74,108.6,3.4364399909973145,200.65,0.0,8.73,195.1,3.43241810798645,243.63,0.0,14.89,76.1,3.427426338195801,301.82,0.96,7.87,169.1,3.4248714447021484,301.99,0.0,16.01,131.8,3.4503331184387207,75.5,0.0,13.47,78.9,3.4270994663238525,326.16,12.22,11.05,72.5,3.441049337387085,20.13,3.98,14.26,167.4,3.447430372238159,356.66,2.36,15.46,128.6,3.444406747817993,119.79,0.0,16.46,151.3,3.461731195449829,16.79,0.96,9.66,129.9,3.469111442565918,284.24,0.0,11.83,138.4,3.477617025375366,70.75,0.0,11.21,156.9,3.486832618713379,306.74,0.0,12.15,155.1,3.492039680480957,140.89,11.52,12.02,177.6,3.495633125305176,231.33,7.45,12.76,150.8,3.5020411014556885,130.61,9.23,17.49,117.3,3.488538980484009,58.45,0.0,12.87,140.3,3.496858835220337,349.54,10.07,16.85,151.4,3.498552322387696,176.66,0.0,15.44,93.1,3.496578931808472,240.64,7.33,15.35,160.8,3.484388589859009,150.56,0.62,13.7,140.7,3.4926443099975586,348.05,0.0,10.26,104.0,3.499041080474853,209.71,6.69,16.36,189.7,3.499995708465576,322.21,0.0,12.6,121.8,3.502958059310913,269.65,0.21,16.31,161.9,3.5140397548675537,,,,,,,,,,
146.6,0.0,0.04,0.1,3.2645788192749023,161.19,2.74,2.25,22.4,3.355722188949585,161.02,9.52,8.78,87.6,3.361436367034912,57.48,6.79,11.75,159.9,3.39680814743042,256.2,0.0,11.21,69.6,3.4542720317840576,163.74,0.02,10.16,104.5,3.4426803588867188,297.86,10.11,14.03,80.4,3.4621872901916504,245.65,0.0,11.74,47.6,3.461115598678589,303.05,0.0,15.91,44.2,3.453774690628052,178.77,5.69,15.73,201.0,3.462765693664551,157.24,11.42,8.87,173.6,3.4562668800354004,194.24,11.5,9.33,119.6,3.4517247676849365,246.71,10.82,18.77,92.4,3.449147939682007,238.54,10.88,14.95,140.7,3.4783318042755127,11.34,3.07,14.38,71.0,3.450894594192505,252.6,2.42,15.44,102.8,3.469813108444214,303.66,5.13,17.39,151.2,3.475790739059448,272.9,0.0,10.75,99.6,3.4738593101501465,29.36,5.93,15.9,96.0,3.485569715499878,289.07,9.5,9.91,106.0,3.492534637451172,184.39,11.9,12.6,156.5,3.5051565170288086,328.36,9.84,15.29,99.4,3.511328935623169,196.17,10.87,12.56,150.1,3.516398668289185,19.69,2.54,12.45,134.1,3.518873691558838,112.06,0.0,9.04,100.5,3.5260231494903564,3.16,2.18,12.34,131.4,3.512872695922852,291.27,10.78,15.17,121.4,3.521076440811157,208.13,0.0,8.59,126.1,3.5230631828308105,40.08,0.0,12.68,176.4,3.521036386489868,94.57,0.0,14.03,124.1,3.509125232696533,356.75,7.17,16.62,147.5,3.5217111110687256,189.32,1.2,16.21,150.4,3.5216784477233887,46.32,3.1,18.51,159.7,3.525240898132324,154.25,2.68,17.8,169.3,3.531445503234864,95.71,11.64,17.23,167.0,3.5420258045196533,,,,,,,,,,
146.6,1.76,0.02,0.3,3.2887556552886963,161.19,8.54,2.26,22.6,3.3781633377075195,161.02,2.68,8.77,82.3,3.385479688644409,50.45,3.69,17.5,175.1,3.4251224994659424,243.54,0.5,13.17,169.7,3.478445529937744,145.99,11.24,12.3,104.7,3.470731019973755,275.71,1.22,12.4,88.3,3.4894449710845947,217.97,0.38,7.2,139.7,3.4885406494140625,270.0,0.37,11.03,149.1,3.481945276260376,139.04,0.0,12.3,63.7,3.486534833908081,110.92,2.16,11.71,133.5,3.484194755554199,143.35,2.31,15.02,115.9,3.479365110397339,190.2,0.0,12.34,74.6,3.4782254695892334,174.02,0.0,17.96,53.1,3.5057249069213867,308.06,4.79,6.29,87.8,3.475361585617065,180.0,0.0,11.79,170.6,3.4965507984161377,224.82,0.0,10.46,157.2,3.502127885818481,192.92,10.52,15.27,182.8,3.5033175945281982,307.18,4.94,12.9,84.3,3.5106375217437744,198.63,2.18,15.35,108.3,3.51917028427124,81.91,2.25,15.35,77.0,3.5315911769866943,226.32,2.24,14.75,97.7,3.535709381103516,81.91,0.0,13.16,100.0,3.545938968658448,268.07,0.0,18.2,150.3,3.547689437866211,353.23,3.02,13.5,116.7,3.5535876750946045,246.53,0.06,14.5,120.9,3.541255712509156,155.65,0.0,12.44,121.0,3.549102783203125,77.87,0.38,12.88,180.2,3.547487497329712,263.14,11.38,14.94,149.2,3.54996395111084,311.22,1.27,16.43,178.6,3.5380566120147705,203.2,0.0,10.8,118.7,3.545717716217041,32.08,9.42,16.7,150.3,3.5505616664886475,248.2,0.0,12.3,180.4,3.555704116821289,343.65,5.76,16.22,153.9,3.5557329654693604,279.4,1.67,17.5,119.6,3.565999984741211,,,,,,,,,,
146.6,11.67,0.03,0.3,3.313771963119507,161.19,2.37,2.25,15.2,3.402162790298462,161.02,0.0,8.04,86.3,3.409387588500977,43.68,0.0,7.24,74.4,3.4485023021698,230.71,10.66,12.51,137.8,3.5062434673309326,127.79,0.03,12.18,62.7,3.496456861495972,253.92,0.05,13.16,89.9,3.5136759281158447,191.25,12.07,8.83,136.7,3.5146563053131104,235.72,9.26,7.43,167.4,3.5084171295166016,101.34,3.01,10.61,135.6,3.5170586109161377,64.25,0.0,9.24,91.0,3.511180877685547,91.05,0.0,19.02,102.2,3.505504608154297,136.49,1.2,9.88,149.4,3.500295877456665,113.82,0.22,14.61,100.0,3.534147024154663,244.6,0.0,5.28,64.7,3.499222993850708,107.23,9.82,6.67,85.2,3.525563955307007,147.39,3.75,18.75,184.8,3.5275840759277344,106.79,2.28,9.47,58.2,3.527156114578247,221.13,0.0,6.79,109.8,3.540010929107666,105.03,0.18,15.91,93.3,3.544947385787964,348.57,0.02,11.72,184.0,3.5612566471099854,127.09,0.0,10.51,183.2,3.5644776821136475,335.39,1.85,16.48,138.1,3.567233800888061,153.54,9.71,16.44,136.8,3.570812702178955,232.12,8.49,13.92,179.9,3.5829854011535645,121.11,10.57,15.04,172.3,3.569758653640747,23.29,0.24,14.87,160.0,3.572974681854248,305.42,9.08,15.75,145.2,3.5763099193573,117.77,0.0,17.96,104.5,3.572807788848877,163.65,6.94,14.77,146.6,3.56078839302063,51.24,0.78,15.23,137.5,3.573244333267212,238.36,0.0,10.48,134.7,3.57326889038086,86.31,4.63,17.2,144.1,3.57993483543396,175.78,0.0,12.82,138.2,3.584336519241333,105.91,0.87,19.61,177.5,3.599043130874634,,,,,,,,,,
146.51,4.26,0.02,0.2,3.3375136852264404,161.19,0.0,2.1,21.7,3.4301633834838867,161.02,2.95,8.8,87.5,3.435964822769165,37.27,0.41,11.42,67.9,3.474734306335449,217.44,0.0,10.87,71.0,3.534454584121704,110.21,0.33,8.73,119.1,3.5230841636657715,231.77,11.31,11.39,58.0,3.5411243438720703,163.39,2.22,9.03,75.3,3.540717601776123,202.94,2.11,19.3,90.2,3.533756256103516,60.56,6.64,6.76,102.5,3.5426249504089355,22.5,2.96,20.07,65.7,3.533987283706665,40.78,5.52,14.77,151.3,3.527669668197632,80.68,11.09,15.61,69.2,3.527620792388916,49.66,12.44,7.16,174.9,3.5585813522338867,182.37,0.0,8.16,148.5,3.5239264965057373,38.5,4.44,16.16,190.0,3.547714233398437,67.94,4.36,16.56,183.3,3.5564610958099365,29.44,0.0,8.87,119.4,3.553079605102539,136.67,3.27,14.75,142.4,3.5616679191589355,13.45,9.26,11.13,161.7,3.569013833999634,248.12,10.61,9.73,148.8,3.5851387977600098,20.48,6.72,11.06,184.7,3.589040517807007,224.12,8.61,13.42,149.2,3.599470615386963,37.35,2.31,11.95,138.1,3.59875750541687,111.36,0.0,8.0,83.7,3.60609769821167,348.57,0.0,12.47,126.1,3.5986592769622803,256.9,10.66,17.86,137.2,3.600914239883423,169.72,0.46,15.47,92.9,3.59908127784729,335.74,0.76,13.61,140.2,3.6010069847106934,15.29,0.0,16.23,124.1,3.589774370193481,261.91,8.22,16.49,141.6,3.59751033782959,81.21,0.58,17.07,175.2,3.601516962051392,287.67,3.84,14.24,156.9,3.6078484058380127,5.89,1.28,19.05,170.9,3.609907388687134,289.51,7.3,15.85,164.2,3.6270039081573486,,,,,,,,,,
146.6,0.0,0.02,-0.3,3.3619425296783447,161.19,2.71,2.26,22.3,3.4594998359680176,161.02,9.54,8.8,88.1,3.4590108394622803,30.32,11.86,8.68,75.8,3.496748924255371,205.31,3.11,16.64,100.5,3.5578553676605225,92.37,12.52,9.52,76.0,3.5475871562957764,209.53,2.29,9.37,72.7,3.567922592163086,137.2,0.0,14.93,82.6,3.568835735321045,170.86,0.0,10.89,122.5,3.559114456176758,23.12,0.0,5.27,84.7,3.567150831222534,339.26,6.77,16.69,68.0,3.5599172115325928,349.98,2.57,15.78,90.4,3.5555624961853027,24.96,3.16,12.79,200.5,3.555840492248535,347.96,1.94,10.18,153.3,3.586655855178833,117.51,11.0,18.2,162.2,3.553701162338257,327.13,0.0,7.96,128.5,3.575359344482422,351.91,0.0,14.65,139.0,3.582263946533203,311.48,3.06,15.12,157.2,3.577592372894287,46.58,8.08,14.95,142.8,3.589108943939209,282.3,2.42,17.71,163.0,3.6008222103118896,149.59,1.94,17.22,67.4,3.6131880283355713,279.23,2.67,16.16,107.8,3.616576910018921,115.66,0.0,14.75,89.3,3.6238763332366943,286.08,0.09,16.73,157.3,3.626898765563965,358.59,0.32,11.62,168.5,3.6327059268951416,221.84,3.85,11.67,184.6,3.6238760948181152,121.82,0.0,12.92,104.3,3.628975629806519,38.58,0.27,13.7,155.0,3.6295595169067374,193.71,7.8,16.32,135.9,3.629409790039064,233.7,2.14,14.89,132.3,3.6158716678619385,110.39,0.0,10.35,127.6,3.626554250717163,287.58,8.28,15.88,156.7,3.6291873455047607,124.89,0.0,13.43,169.3,3.635923624038696,209.97,7.09,16.81,167.1,3.639134168624878,116.02,0.0,10.84,128.0,3.6514761447906494,,,,,,,,,,
146.6,0.27,0.03,0.2,3.385946273803711,161.19,8.88,2.27,22.6,3.4837257862091064,161.02,2.47,8.74,87.8,3.4852824211120605,23.91,4.48,7.25,112.7,3.5249664783477783,193.01,8.7,9.52,95.2,3.5859792232513428,75.32,5.16,6.31,103.2,3.5748748779296875,189.58,0.0,14.32,108.5,3.5892858505249023,110.3,5.84,11.31,185.7,3.593696594238281,137.2,10.3,13.28,191.4,3.590493679046631,347.78,0.05,11.02,131.4,3.590463161468506,294.79,0.0,12.24,79.6,3.588334560394287,300.06,0.0,7.46,80.9,3.583634614944458,329.5,0.0,10.23,194.2,3.579453468322754,284.59,0.34,9.1,118.4,3.61198663711548,46.32,2.11,13.94,79.4,3.578608751296997,256.55,8.47,12.6,81.7,3.601570844650269,272.11,5.32,15.22,160.0,3.6099720001220703,228.34,5.36,11.62,118.2,3.605767726898194,320.54,0.0,8.55,69.3,3.6176600456237793,188.7,0.0,17.14,163.7,3.624580144882202,53.09,0.0,11.05,157.8,3.6382839679718018,174.11,0.0,12.71,148.5,3.642390727996826,8.17,0.0,17.67,119.6,3.651976823806762,170.51,10.74,12.96,153.5,3.65579891204834,236.25,9.6,14.21,182.4,3.662104845046997,97.21,8.42,15.35,115.7,3.647303581237793,348.66,2.42,14.63,150.7,3.6575522422790527,265.96,10.92,17.62,139.6,3.658204078674317,52.47,0.0,13.25,110.9,3.654505252838135,86.75,8.04,15.82,156.4,3.643457174301148,315.79,4.24,13.83,149.5,3.6567771434783936,130.17,0.0,14.11,98.0,3.658447742462158,320.89,11.6,15.33,140.5,3.659727573394776,41.57,0.0,17.09,96.1,3.663200616836548,299.79,2.16,17.08,166.7,3.679040908813477,,,,,,,,,,
146.6,2.9,0.03,0.3,3.4101386070251465,161.19,2.06,2.26,21.3,3.507257461547852,161.02,0.0,7.13,85.4,3.5143370628356934,17.14,0.0,4.5,33.7,3.5486090183258057,181.76,2.2,12.23,79.6,3.614363670349121,58.62,0.0,9.62,54.0,3.599037170410156,167.61,11.51,16.88,65.0,3.620818853378296,81.56,5.1,8.68,167.4,3.616719961166382,101.69,0.0,13.37,67.0,3.614936828613281,307.44,11.73,15.07,196.4,3.618598461151123,249.79,0.66,10.01,67.7,3.612562894821167,251.89,2.84,17.65,136.7,3.611873388290405,272.72,12.91,9.31,162.4,3.608588457107544,223.77,12.17,10.03,90.0,3.6399762630462646,341.98,0.0,7.99,89.2,3.603620052337648,186.77,5.51,16.73,159.1,3.626121759414673,194.33,3.78,17.11,182.1,3.633906126022339,146.43,0.0,13.92,171.3,3.633953094482422,237.48,2.28,8.28,117.1,3.641846179962158,94.75,10.88,10.24,161.6,3.652815580368042,316.49,12.03,12.51,113.4,3.666152715682984,70.22,9.32,12.85,117.2,3.667905569076538,265.87,11.24,15.14,106.1,3.676704645156861,50.71,0.0,15.31,72.3,3.6794044971466064,117.07,1.18,13.7,70.6,3.686291456222534,333.9,0.0,11.83,125.9,3.677495241165161,218.14,6.38,13.52,187.7,3.686071395874024,126.39,0.0,14.74,104.4,3.682918310165405,275.63,1.7,16.08,141.2,3.685119390487671,303.49,0.0,9.72,87.5,3.669266223907471,163.65,6.12,14.34,150.7,3.6809403896331774,336.18,0.82,15.32,145.8,3.6824710369110094,151.08,1.88,14.97,107.1,3.6878981590271,244.78,0.34,14.86,150.4,3.687566518783569,125.77,5.7,17.29,172.4,3.7043402194976807,,,,,,,,,,
146.6,10.4,0.04,0.3,3.43810510635376,161.19,0.0,1.94,21.4,3.5312652587890625,161.02,1.52,8.73,87.4,3.5366172790527344,10.9,0.0,10.1,91.5,3.573624849319458,170.07,0.0,10.96,166.1,3.638448715209961,42.45,0.0,14.02,86.0,3.622915983200073,145.2,2.91,11.87,96.6,3.645036458969116,55.55,0.0,6.04,94.1,3.6434438228607178,68.64,0.03,15.61,85.4,3.638481616973877,266.48,0.0,14.66,69.9,3.6467630863189697,205.58,10.13,16.11,100.3,3.641274690628052,200.13,6.74,9.65,102.2,3.635321855545044,215.51,2.57,9.47,160.5,3.632500886917114,161.19,2.24,13.65,46.4,3.6659443378448486,279.05,2.87,7.37,87.1,3.627680540084839,113.73,0.0,5.43,112.6,3.656918525695801,116.19,0.0,18.23,163.8,3.6615781784057617,62.58,4.33,8.53,112.7,3.6589062213897705,153.28,10.48,14.53,135.1,3.6699395179748535,0.0,4.51,8.91,172.5,3.678383111953736,212.61,1.75,14.07,82.4,3.69123101234436,327.13,3.28,16.19,143.5,3.695644378662109,152.49,0.98,12.05,74.6,3.705830574035645,302.96,0.16,16.42,153.5,3.70679783821106,358.42,1.73,17.37,128.6,3.714590072631836,207.95,3.64,14.28,142.1,3.702928304672241,87.8,0.0,12.06,109.0,3.71040940284729,348.57,3.2,17.09,147.4,3.710852861404419,135.26,7.08,13.73,173.2,3.709709405899048,168.13,0.0,15.38,161.4,3.691434144973755,9.23,0.41,17.09,129.7,3.70613169670105,178.86,7.66,14.98,151.4,3.710171222686768,347.08,0.24,16.31,141.3,3.7199161052703857,77.26,11.41,17.9,165.7,3.715714931488037,310.43,0.0,13.21,163.6,3.732280969619751,,,,,,,,,,
146.6,2.35,0.02,0.1,3.4621169567108154,161.19,2.88,2.24,22.4,3.554910898208618,161.02,8.95,8.8,87.4,3.560770034790039,4.13,3.9,4.16,91.6,3.594296932220459,157.76,11.18,10.21,139.9,3.6658935546875,25.31,6.8,12.31,79.6,3.647295475006104,123.84,0.0,8.02,71.3,3.669335126876831,29.79,0.0,10.62,120.9,3.6644766330718994,36.56,5.06,15.36,147.7,3.668191909790039,227.64,2.69,13.02,78.0,3.670836210250856,158.12,0.0,5.01,103.8,3.664152622222901,151.52,0.0,7.25,54.7,3.659567356109619,161.81,0.0,12.08,86.4,3.660853862762451,100.81,0.14,15.83,137.4,3.691998481750488,215.33,6.66,8.21,105.3,3.656265258789064,42.63,3.42,14.26,102.0,3.678621530532837,36.65,7.81,18.77,160.6,3.686576128005981,344.79,6.45,18.44,152.6,3.6841461658477774,59.77,1.86,18.69,69.9,3.693559885025024,274.75,0.0,7.26,99.4,3.7012996673583984,117.95,0.02,13.19,159.7,3.721269845962525,222.01,0.0,16.22,155.3,3.723034858703613,46.67,0.0,14.37,99.7,3.727679491043091,188.09,10.04,15.67,163.7,3.737381219863892,237.39,9.1,12.14,181.5,3.738980531692505,82.35,7.3,15.25,135.1,3.7283685207366943,320.01,1.6,17.88,140.7,3.739169120788574,211.99,6.42,13.98,151.3,3.734705686569214,353.41,0.0,9.73,115.8,3.7387118339538574,20.48,10.84,13.18,138.9,3.7197890281677246,227.55,1.05,13.51,147.5,3.733096122741699,19.6,1.34,15.37,122.2,3.734217405319214,183.6,8.32,16.41,153.8,3.7445104122161865,267.01,0.0,14.28,111.4,3.740216493606568,136.05,3.24,16.37,161.5,3.760262250900269,,,,,,,,,,
146.51,0.0,0.03,0.2,3.482183694839477,161.19,9.69,2.26,22.5,3.5789365768432617,161.02,2.3,8.79,87.4,3.5859711170196533,358.24,9.0,5.46,104.0,3.620752096176148,144.76,0.0,15.33,70.8,3.6917803287506095,8.35,9.81,8.68,158.2,3.670954942703247,103.54,2.21,13.15,82.5,3.698457717895508,2.37,5.68,16.51,101.8,3.694746732711792,2.81,6.04,10.89,162.9,3.6906464099884033,189.76,11.3,13.11,63.2,3.699750900268554,114.08,0.69,6.39,132.2,3.6910462379455566,103.62,1.54,19.75,69.6,3.686018705368042,107.4,9.79,15.12,173.6,3.684594631195069,36.91,11.66,11.91,142.9,3.71686053276062,150.73,0.0,6.23,71.7,3.680647373199463,331.26,6.73,15.71,185.9,3.706170320510864,320.98,3.23,15.53,149.2,3.717484951019287,261.21,0.0,6.17,73.6,3.707340717315674,336.71,1.16,9.26,99.8,3.7202110290527344,188.0,2.84,16.24,89.8,3.725136995315552,17.49,12.27,18.69,94.1,3.742903470993042,117.51,12.11,12.8,99.9,3.7523953914642334,303.75,11.67,13.2,164.3,3.757676362991333,68.55,1.73,15.95,68.4,3.759281635284424,117.07,0.0,15.2,131.4,3.7669286727905273,319.75,0.0,8.32,123.5,3.752139806747437,189.14,7.74,15.81,154.2,3.767500877380371,76.46,0.0,10.34,85.9,3.758458614349365,216.3,3.06,13.65,175.0,3.761762142181397,232.12,0.17,14.86,98.8,3.7472448348999023,75.41,9.12,14.6,142.5,3.756959915161133,227.02,0.42,16.87,155.8,3.762376308441162,19.78,1.68,15.07,124.3,3.772109270095825,98.61,1.3,16.79,168.6,3.770185232162476,319.39,4.94,18.01,160.4,3.784337520599365,,,,,,,,,,
146.6,0.44,0.02,0.2,3.506220817565918,161.19,2.24,2.25,22.3,3.6029443740844727,161.02,0.0,6.43,85.3,3.612572908401489,351.3,1.58,14.08,95.5,3.644624710083008,132.71,0.42,12.7,136.7,3.718247413635254,352.18,2.06,16.62,54.3,3.697485446929932,81.56,8.58,6.37,142.4,3.721383810043335,336.36,4.4,19.24,66.2,3.7207350730896,331.0,0.0,6.79,69.7,3.717297315597534,150.64,2.0,8.81,50.6,3.726130485534668,68.82,11.96,17.61,111.7,3.7168684005737305,53.09,12.33,12.74,65.0,3.714419364929199,48.96,4.96,6.36,200.0,3.711661577224731,333.11,2.07,13.18,72.5,3.7474753856658936,87.89,0.0,6.52,129.4,3.704476594924927,257.7,0.0,6.05,92.3,3.7312166690826416,242.14,0.0,16.74,167.2,3.745859146118164,184.39,2.75,12.3,151.3,3.737243890762329,253.74,9.55,8.64,121.1,3.745736122131348,98.79,10.15,10.93,161.9,3.753122806549072,280.81,2.18,15.58,142.0,3.77126145362854,11.51,3.16,11.34,187.5,3.7764694690704346,189.05,2.06,14.0,106.2,3.7798686027526855,320.54,0.36,11.48,165.5,3.785790920257568,354.38,1.47,13.68,122.4,3.795345544815064,198.28,1.66,17.92,158.0,3.780885219573975,58.45,0.0,9.14,94.3,3.7874364852905273,309.29,0.59,13.35,178.4,3.788084983825684,76.46,7.8,14.95,158.3,3.790009260177612,91.05,0.0,13.27,164.6,3.774676322937012,287.14,0.0,14.88,134.2,3.7873518466949454,69.7,8.64,17.25,156.1,3.7894465923309326,222.01,0.35,15.65,140.0,3.7960073947906494,295.22,9.3,14.88,192.0,3.795482635498047,146.16,0.0,13.98,175.4,3.8124399185180655,,,,,,,,,,
146.6,6.88,0.02,0.3,3.530219316482544,161.19,0.0,2.0,22.2,3.6310372352600098,161.02,2.96,8.79,87.6,3.63647985458374,344.36,0.42,8.75,101.3,3.67260217666626,120.23,10.95,9.71,103.0,3.746150970458984,335.3,0.32,9.53,160.9,3.718855619430542,60.47,2.27,11.37,75.1,3.747960329055786,309.46,0.0,13.66,100.6,3.74863338470459,299.36,1.11,9.3,105.9,3.740006446838379,113.99,0.0,6.65,90.8,3.752019643783569,21.62,2.08,6.64,159.6,3.7444889545440674,2.46,3.78,16.03,92.4,3.7364368438720703,355.69,0.0,12.34,87.4,3.7402150630950928,271.76,0.22,6.73,164.2,3.771403551101685,23.91,6.56,12.83,148.4,3.7295949459075928,190.02,0.48,15.85,131.3,3.75961184501648,163.92,11.27,16.15,141.4,3.770033597946167,101.69,7.16,10.31,88.0,3.761672019958496,169.1,3.6,10.92,181.3,3.773423671722412,2.02,1.84,11.18,158.1,3.779989719390869,181.67,0.09,10.48,183.9,3.7991998195648193,269.56,0.0,11.09,103.9,3.802356243133545,80.6,0.0,12.12,139.6,3.808416128158569,204.7,9.43,14.88,113.8,3.815088272094727,232.65,6.9,14.4,138.8,3.81938362121582,73.3,10.58,11.63,155.4,3.8088343143463135,301.29,0.11,14.33,157.1,3.816837072372437,173.14,7.86,14.17,159.2,3.8173916339874254,298.92,0.0,12.88,119.2,3.8138060569763184,308.06,11.91,14.75,160.0,3.800119638442993,134.3,2.25,13.37,141.2,3.81025743484497,276.33,0.0,14.2,100.9,3.815586805343628,59.33,11.08,15.69,158.7,3.825148344039917,127.44,0.26,15.51,127.4,3.823333740234375,330.21,7.09,19.08,174.5,3.836517572402954,,,,,,,,,,
146.6,9.22,0.03,0.3,3.554220676422119,161.19,3.13,2.24,22.4,3.6548821926116943,161.02,9.92,8.77,88.0,3.660711765289306,337.06,11.68,9.78,81.8,3.700750589370728,107.49,0.0,13.22,81.6,3.774151086807251,317.81,11.9,12.21,102.9,3.7509896755218506,39.02,0.0,7.04,119.6,3.773327112197876,280.81,7.27,17.02,134.0,3.774334669113159,266.22,10.69,11.16,108.3,3.768516778945923,76.9,2.87,13.06,65.9,3.776426315307617,338.82,0.0,9.65,152.2,3.772330284118652,317.02,0.0,8.36,79.7,3.763494968414306,300.85,3.69,15.76,133.1,3.761752605438232,211.03,12.56,6.38,77.6,3.7964212894439697,317.81,3.56,17.82,136.6,3.757937431335449,117.95,9.8,12.88,158.0,3.7881031036376953,82.71,2.21,13.84,170.3,3.798102617263794,20.74,1.92,11.08,145.4,3.787096500396729,80.51,0.0,8.57,151.2,3.7974674701690674,275.01,0.36,11.66,184.6,3.809537887573242,82.88,11.88,15.85,115.3,3.827636241912842,165.23,11.17,12.93,145.0,3.8285975456237793,332.23,11.68,15.59,118.4,3.836294651031494,90.09,2.24,10.36,76.3,3.838824033737183,112.85,0.0,10.16,122.4,3.8467538356781006,305.07,0.0,10.72,106.3,3.8366215229034415,170.68,10.1,12.28,140.7,3.844117641448975,37.35,0.14,15.13,92.9,3.84265661239624,159.26,1.3,15.18,152.2,3.841968774795532,155.3,0.0,15.96,106.7,3.829094171524048,340.14,6.55,16.26,147.6,3.838478088378906,118.56,0.54,15.08,143.7,3.8400957584381104,254.97,0.0,9.32,111.2,3.847731351852417,317.37,1.15,15.04,160.1,3.85149359703064,156.36,3.06,16.25,189.7,3.8688888549804688,,,,,,,,,,
146.6,3.41,0.02,0.2,3.5782644748687744,161.19,8.58,2.27,22.5,3.679307699203491,161.02,2.95,8.76,88.1,3.6850624084472656,330.29,3.25,7.75,107.3,3.724440813064575,95.1,0.0,11.29,111.4,3.7984676361083984,299.0,2.01,12.13,55.7,3.77963137626648,18.63,2.93,10.6,174.7,3.798067569732666,252.77,3.93,13.3,70.0,3.798869609832764,230.01,0.0,3.69,114.8,3.799535036087036,39.29,10.01,7.99,102.6,3.800125598907471,293.99,8.1,12.81,145.6,3.7969071865081774,269.03,1.17,18.89,114.4,3.787377595901489,243.28,5.64,11.79,165.3,3.7935187816619873,150.91,3.34,15.18,90.5,3.824038505554199,249.26,0.0,11.31,71.7,3.782912254333496,43.77,0.0,6.81,44.2,3.812044143676758,5.89,0.0,12.56,165.6,3.821953535079956,299.44,1.14,12.32,117.8,3.8152477741241455,357.01,3.24,15.54,142.2,3.826047897338867,181.14,10.27,11.99,155.4,3.834437608718872,341.28,1.94,17.4,56.7,3.8518435955047607,55.63,2.02,14.95,124.3,3.856463670730591,217.35,0.0,12.2,97.2,3.8654067516326895,341.46,0.07,14.9,120.2,3.8674144744873047,349.89,3.5,12.85,169.4,3.874824285507202,179.03,3.67,15.7,133.0,3.8637869358062735,34.45,0.0,13.36,85.8,3.868176221847534,270.18,0.18,12.88,178.8,3.8673925399780273,16.44,8.92,16.71,159.6,3.8697009086608887,6.24,0.0,15.49,142.8,3.851747751235962,187.12,0.0,11.02,126.7,3.867013454437256,319.57,8.23,14.63,157.6,3.871069669723511,98.35,0.06,14.51,161.2,3.875633716583252,149.24,7.0,16.1,168.6,3.8749840259552,340.58,0.0,14.68,160.2,3.893409490585327,,,,,,,,,,
146.6,0.0,0.01,0.4,3.6022794246673584,161.19,2.34,2.25,22.4,3.707326650619507,161.02,0.0,5.71,85.2,3.708488702774048,323.26,0.0,11.24,175.9,3.753482580184937,82.97,8.04,4.57,60.8,3.823192596435547,281.34,0.4,8.11,148.9,3.803786039352417,356.92,5.26,8.76,136.9,3.823761463165283,225.35,0.0,8.42,163.2,3.8276195526123047,197.84,0.76,16.03,105.8,3.8241217136383057,0.62,2.65,10.42,81.7,3.825651168823242,247.24,2.28,7.55,102.3,3.820919990539551,216.83,7.73,10.28,104.6,3.815842628479004,186.68,0.0,6.01,163.8,3.8183844089508057,90.97,0.0,6.45,175.7,3.848017930984497,184.31,5.76,6.16,121.3,3.809682130813599,338.12,0.0,18.49,147.1,3.836569786071777,292.94,7.76,13.25,134.2,3.847195863723755,216.3,7.97,15.49,166.9,3.8430442810058594,267.36,4.8,8.97,87.1,3.850724935531616,83.85,1.01,12.27,100.6,3.8632051944732666,245.13,0.32,14.96,155.0,3.8809256553649902,313.95,0.21,10.5,151.4,3.882200956344605,113.29,0.28,11.78,118.6,3.889839410781861,226.05,10.51,17.02,117.3,3.8965158462524414,228.34,6.32,12.52,116.7,3.9027838706970215,53.26,8.19,13.51,127.9,3.888721466064453,271.85,0.68,13.42,117.4,3.897866487503052,135.35,10.36,18.02,126.7,3.8946592807769775,239.77,0.0,8.65,107.5,3.893988847732544,230.19,11.6,17.68,158.0,3.880565643310547,34.63,2.24,15.13,134.3,3.894052743911743,161.1,0.0,10.71,105.3,3.892804145812988,300.23,10.65,17.14,162.2,3.9044270515441895,339.79,0.0,10.71,143.1,3.9033281803131104,166.73,10.71,17.97,168.7,3.9254262447357178,,,,,,,,,,
146.6,0.13,0.02,0.2,3.622296571731568,161.19,0.0,1.87,22.3,3.730881690979004,161.02,3.08,8.81,87.6,3.735398530960083,316.05,11.59,8.77,74.9,3.7779600620269775,71.98,8.12,14.19,100.7,3.851928949356079,264.02,11.85,9.23,72.1,3.827430486679077,334.78,0.0,4.28,95.6,3.851044178009033,198.72,5.3,8.24,90.3,3.851951122283936,164.44,8.16,16.11,104.3,3.8517544269561768,325.37,0.0,13.26,68.7,3.847954034805298,203.12,0.0,12.38,139.8,3.851121187210083,166.11,0.0,6.46,144.4,3.8396379947662354,132.8,3.09,13.11,120.9,3.846078634262085,31.2,0.98,9.11,100.7,3.8723087310791016,118.83,4.66,11.76,129.5,3.8346197605133057,264.11,12.78,11.76,153.3,3.866421937942505,214.54,2.4,13.35,164.7,3.876711368560791,133.77,0.0,7.53,66.1,3.866264343261719,185.8,0.0,7.07,116.0,3.874056577682495,351.04,2.19,18.68,148.6,3.8875131607055664,146.78,10.44,11.42,109.0,3.907681465148926,208.56,9.86,16.51,96.7,3.91250228881836,1.14,10.53,13.04,104.6,3.917823791503906,106.52,0.0,15.72,92.7,3.920027732849121,108.63,0.0,8.96,128.5,3.92683744430542,291.18,0.0,7.76,136.7,3.9130489826202393,142.65,10.5,12.36,172.7,3.920495986938477,351.83,0.0,8.44,99.2,3.9178192615509033,105.03,1.18,17.75,172.8,3.9231419563293457,78.49,2.22,14.63,109.1,3.9035897254943848,245.39,7.7,16.53,140.0,3.922385454177856,2.64,0.3,15.76,176.5,3.9217333793640137,131.4,0.0,17.11,133.7,3.931769847869873,170.95,3.29,16.02,194.7,3.9297633171081534,344.18,1.35,17.77,133.4,3.9494471549987793,,,,,,,,,,
146.6,2.47,0.02,0.3,3.646275997161865,161.19,2.88,2.25,22.4,3.755207061767578,161.02,10.08,8.8,87.5,3.761093616485596,309.2,3.96,8.24,97.4,3.8019187450408936,60.12,0.0,9.33,101.1,3.8752481937408447,246.71,3.1,9.35,96.0,3.85241174697876,313.77,0.34,10.81,103.3,3.87531304359436,173.41,8.57,7.4,162.9,3.8764803409576416,130.17,0.0,7.85,55.9,3.8761277198791504,286.88,8.68,10.86,74.8,3.8762013912200928,157.5,12.36,16.51,70.2,3.877249002456665,116.46,3.5,9.68,173.1,3.867496490478516,75.67,7.43,17.49,75.8,3.869992733001709,332.75,9.08,12.7,94.1,3.897258758544922,50.1,0.0,10.42,155.5,3.8636786937713614,188.7,1.87,8.72,60.5,3.887221813201904,136.85,0.01,16.55,134.0,3.905661821365357,56.34,0.0,8.19,121.3,3.8929598331451416,100.81,3.1,11.49,159.9,3.9025719165802,256.64,7.06,18.95,149.3,3.916325807571411,42.63,1.53,15.65,71.2,3.932770013809204,108.9,1.63,12.65,75.8,3.9365780353546143,254.53,2.21,18.12,95.7,3.942915916442871,354.81,0.23,12.22,104.8,3.945939302444458,350.07,2.88,10.91,182.2,3.955350637435913,169.89,2.94,11.93,147.1,3.940783023834229,4.57,2.3,13.25,124.7,3.949232816696167,225.79,0.4,12.85,128.6,3.947545766830444,322.73,8.86,13.88,142.5,3.951062917709351,294.96,0.35,15.86,166.7,3.935661554336548,93.69,0.0,10.63,95.9,3.946737766265869,215.33,9.22,18.09,170.3,3.949250459671021,326.78,1.84,17.39,145.5,3.96000862121582,2.02,8.15,16.28,151.8,3.958949089050293,169.1,1.88,18.55,172.1,3.978055000305176,,,,,,,,,,
146.6,8.76,0.03,0.3,3.6742734909057617,161.19,9.18,2.26,22.6,3.779221534729004,161.02,2.64,8.74,60.9,3.788853168487549,302.43,0.0,2.6,36.0,3.825250625610352,48.25,0.18,8.67,157.9,3.8990225791931152,230.36,0.0,10.01,47.7,3.8782663345336914,291.53,8.09,5.53,138.4,3.904160022735596,146.51,0.24,11.91,124.9,3.905413866043091,98.96,0.05,11.6,121.4,3.9004909992218018,248.47,4.95,9.39,107.3,3.9034883975982666,111.36,2.76,6.77,169.7,3.901152849197388,66.36,10.85,8.91,129.9,3.894351005554199,21.71,1.93,6.97,77.4,3.893966197967529,272.02,2.07,18.19,53.0,3.924143552780152,343.39,2.88,13.5,66.7,3.886000871658325,121.73,0.0,17.02,145.3,3.919475793838501,57.57,9.22,16.96,158.5,3.929925441741944,338.82,5.49,17.86,142.1,3.919651746749878,10.2,9.72,15.54,128.1,3.929246187210083,162.69,0.0,11.23,74.4,3.940742015838623,309.81,0.0,9.95,183.2,3.95664119720459,5.71,0.0,8.57,145.7,3.961247205734253,149.41,0.0,14.89,105.0,3.97046422958374,238.27,9.66,13.33,133.2,3.9720475673675537,228.25,5.35,15.89,166.7,3.983415126800537,44.12,9.06,15.72,137.6,3.967748641967773,243.19,0.36,17.2,129.2,3.976957321166992,90.7,11.88,16.62,162.4,3.977848052978516,181.49,0.0,15.02,109.2,3.974898815155029,147.48,9.41,13.95,151.4,3.960132598876953,310.61,2.34,15.03,145.7,3.970063447952272,58.62,2.15,16.87,124.0,3.977495193481445,163.74,6.51,15.89,170.2,3.984418869018554,205.75,0.0,14.42,104.3,3.980440378189087,354.64,9.27,15.7,190.1,4.001712322235107,,,,,,,,,,
146.6,3.23,0.02,0.1,3.698319673538208,161.19,2.56,2.24,22.4,3.80720591545105,161.02,0.0,7.92,86.6,3.812731981277466,295.93,0.8,10.09,101.7,3.8545711040496826,36.21,6.34,10.28,79.8,3.922924280166626,213.31,2.91,9.91,170.9,3.906526565551758,270.18,1.56,7.57,59.8,3.928479433059693,118.56,3.16,12.13,155.7,3.928077459335327,65.39,9.26,12.26,125.2,3.929422855377197,210.15,0.0,5.12,67.4,3.92671275138855,66.62,0.0,10.75,74.8,3.929023742675781,15.38,1.84,14.29,79.6,3.9194176197052,331.17,0.0,10.46,110.3,3.918863296508789,211.38,0.0,9.58,154.1,3.951997041702272,277.56,7.5,13.18,96.0,3.913833618164064,47.55,9.82,8.05,92.2,3.9439871311187744,341.28,2.85,13.88,141.2,3.957383871078491,254.79,2.69,10.31,104.4,3.943797826766968,283.71,0.0,9.7,60.6,3.9542276859283447,72.33,0.28,11.44,185.3,3.968972206115722,213.93,10.87,15.86,113.0,3.984734058380127,273.08,2.92,12.04,119.4,3.985582113265991,38.41,11.47,13.21,142.4,3.996361970901489,124.19,0.0,8.14,105.0,3.996870279312134,108.81,0.0,8.74,115.3,4.008986711502075,280.81,0.0,12.78,88.0,3.9967753887176514,112.94,9.13,14.79,143.5,4.002424240112305,313.24,1.51,14.94,85.1,4.002108097076416,40.78,2.74,13.11,131.2,4.00273585319519,0.0,2.92,15.96,141.3,3.988935708999634,158.55,8.76,17.25,147.7,3.998042583465576,264.29,0.49,15.59,146.2,4.000803709030151,0.09,1.58,16.43,104.8,4.007941722869873,37.88,1.0,16.02,179.2,4.004396438598633,178.86,0.0,9.77,123.0,4.029712200164795,,,,,,,,,,
146.6,0.0,0.01,0.2,3.722323656082153,161.19,0.0,1.86,21.4,3.831233978271485,161.02,3.42,8.77,87.4,3.8377373218536377,288.72,9.06,14.15,148.6,3.8843204975128174,24.26,5.31,9.98,98.2,3.946887493133545,195.91,7.12,10.15,74.6,3.930492401123047,249.08,0.0,13.07,105.7,3.953378915786743,89.65,9.76,11.69,91.6,3.956355571746826,32.17,4.27,9.85,66.8,3.9486804008483887,173.94,3.24,6.78,168.7,3.956598997116089,22.68,2.93,9.3,163.2,3.953422546386719,327.66,0.0,7.16,96.1,3.943582057952881,273.69,11.69,13.84,143.0,3.949894666671753,151.7,12.58,10.64,173.9,3.979824304580689,211.64,0.0,4.33,78.0,3.9381158351898193,341.02,6.02,18.19,146.5,3.9681200981140137,261.65,0.22,14.14,173.7,3.983693838119507,171.83,0.0,17.11,151.1,3.974174737930298,201.53,0.0,11.74,161.3,3.982413053512573,340.22,8.88,13.83,184.6,3.992276430130005,111.88,0.0,18.73,70.6,4.010802268981934,167.96,4.02,15.41,137.2,4.01358437538147,287.4,1.95,12.31,104.1,4.0227906703948975,10.9,0.0,11.42,170.2,4.0282628536224365,350.42,4.29,18.07,153.4,4.038408756256104,160.93,0.62,16.82,142.0,4.020810604095459,339.96,0.76,15.37,88.0,4.029824733734131,181.85,1.46,13.72,141.3,4.027191638946533,263.06,7.8,15.56,147.6,4.029464483261108,223.42,0.0,13.39,147.4,4.011314153671265,4.04,2.5,13.08,151.9,4.022331237792969,107.4,8.77,14.75,145.2,4.0301432609558105,208.48,0.42,15.39,186.2,4.035857677459717,234.14,9.08,16.97,195.5,4.037244558334351,11.34,0.21,16.67,175.2,4.053773403167725,,,,,,,,,,
146.6,0.12,0.02,0.2,3.7463533878326416,161.19,3.08,2.25,22.4,3.855432510375977,161.02,9.49,8.78,87.5,3.861473321914673,281.25,0.0,6.96,61.9,3.905859470367432,12.48,1.66,8.93,99.7,3.96706748008728,178.86,0.0,8.1,86.9,3.954435586929321,226.23,11.04,13.61,77.5,3.981076955795288,63.81,2.54,7.12,107.2,3.980871438980103,0.62,0.0,11.76,80.9,3.972472667694092,136.67,10.05,8.78,130.7,3.978750228881836,339.87,8.63,8.0,96.2,3.977109670639038,280.02,4.78,15.01,145.4,3.971568584442138,214.45,1.35,13.8,91.8,3.977396249771118,86.04,2.71,10.53,148.8,4.005781412124634,149.85,0.38,8.85,123.5,3.967046022415161,267.71,0.0,12.21,143.9,3.996955394744873,183.87,11.12,18.02,149.9,4.009783029556274,89.74,8.53,11.13,105.9,3.9995312690734863,113.55,10.11,16.19,164.0,4.010385751724243,245.39,0.0,10.75,118.6,4.0228331089019775,14.5,0.0,13.65,132.7,4.041021108627319,63.11,0.0,9.02,124.0,4.039056777954102,177.8,0.23,11.41,141.2,4.051854133605957,259.89,10.63,15.76,167.3,4.0565502643585205,228.34,4.97,11.82,163.0,4.06297779083252,33.31,10.61,15.88,136.6,4.048249006271362,214.28,0.0,14.73,123.2,4.058683395385742,46.14,10.89,16.78,181.4,4.055726051330566,123.4,0.0,8.73,139.6,4.054789066314697,76.46,11.94,14.55,151.6,4.040127277374268,222.28,0.24,15.59,147.5,4.050198316574097,307.62,0.0,14.77,96.1,4.05319356918335,45.97,8.94,18.91,158.0,4.064231157302856,67.06,0.84,15.33,100.1,4.061376333236694,202.5,10.08,17.27,171.3,4.085703372955322,,,,,,,,,,
146.51,2.82,0.02,0.3,3.766340494155884,161.19,10.23,2.26,22.6,3.8793561458587646,161.02,2.43,8.75,86.9,3.8860421180725098,274.66,0.0,9.33,67.7,3.933802366256714,1.23,0.0,8.53,81.0,3.994937896728516,162.86,0.0,15.88,112.8,3.9827702045440674,204.61,2.32,9.61,141.2,4.005724668502808,36.39,0.0,11.17,71.7,4.005749464035034,330.91,0.43,16.15,137.2,4.001582145690918,96.42,2.03,15.19,82.3,4.005661487579346,297.07,2.34,20.13,78.1,4.004339218139648,227.81,4.6,12.94,89.2,3.996525764465332,160.4,0.04,6.49,108.8,4.001402139663696,24.35,0.0,5.94,135.5,4.028072357177734,84.2,8.74,9.97,132.3,3.990942239761353,194.41,5.28,8.67,78.7,4.019961833953857,102.66,0.0,18.07,127.9,4.038140535354614,7.73,6.48,18.07,176.3,4.023859262466431,20.13,1.68,10.86,72.8,4.034537315368652,152.4,2.26,13.06,149.8,4.050231218338013,278.44,10.32,13.85,110.2,4.066519498825073,324.49,3.68,16.13,100.2,4.065670013427734,67.24,9.92,12.4,139.6,4.0771424770355225,140.36,0.0,11.31,104.2,4.079981803894043,108.72,0.0,10.52,137.2,4.091803073883057,267.28,0.0,10.65,93.7,4.072916030883789,83.94,10.89,14.84,134.8,4.083219051361084,268.51,0.05,13.16,108.2,4.085100173950195,345.94,0.42,14.66,155.6,4.082627773284912,286.7,1.95,15.76,179.1,4.063100576400757,70.22,11.54,16.67,172.2,4.078056573867798,156.09,0.17,14.82,153.9,4.081687688827515,247.59,0.34,15.7,130.4,4.091721534729004,262.88,2.27,15.56,145.9,4.090129375457764,21.53,1.74,15.9,109.0,4.109891891479492,,,,,,,,,,
146.6,11.25,0.03,0.3,3.794382572174072,161.19,2.15,2.25,14.4,3.907359600067138,161.02,0.0,7.97,83.9,3.909605264663696,267.8,8.33,9.24,87.5,3.957819700241089,350.6,0.97,17.02,108.8,4.023218393325806,145.46,10.39,15.74,129.0,4.010811567306519,183.34,0.0,8.11,90.2,4.029985666275024,9.76,1.11,13.99,71.3,4.029529333114624,295.75,10.24,8.25,106.8,4.0282251834869385,59.24,0.0,16.14,62.6,4.027190685272217,252.16,0.08,7.59,114.8,4.030905246734619,178.95,0.0,5.44,95.1,4.019403219223023,105.91,12.54,19.25,68.3,4.030275344848633,325.72,11.51,7.02,90.3,4.051540374755859,19.95,4.26,10.81,137.1,4.014978408813477,127.71,7.6,14.95,140.5,4.0478620529174805,22.76,0.35,18.45,176.5,4.061435699462891,290.65,0.0,7.69,76.2,4.047527313232422,296.98,0.0,8.62,138.4,4.060342788696289,57.74,9.28,9.59,186.9,4.072592973709106,175.25,0.0,14.71,75.7,4.090945243835449,219.2,6.77,14.39,175.3,4.092391729354858,320.19,1.78,10.64,163.8,4.099833011627197,23.82,3.16,15.79,132.9,4.108009576797485,345.67,5.08,16.41,135.0,4.1161627769470215,146.34,0.34,18.16,116.8,4.100651502609253,311.22,0.0,15.66,112.2,4.111889839172363,133.15,0.53,13.11,176.1,4.108259916305542,205.31,7.17,14.62,165.8,4.111081123352051,141.15,0.19,14.66,147.1,4.091569185256958,275.19,1.68,14.23,105.0,4.107460260391235,356.57,8.43,15.83,159.9,4.105712175369263,85.52,0.22,18.72,160.2,4.11553692817688,95.62,10.48,17.08,149.4,4.117667675018311,211.99,2.05,15.8,161.5,4.137876033782959,,,,,,,,,,
146.6,3.49,0.02,0.1,3.8143813610076895,161.19,0.0,2.15,22.1,3.931333780288696,161.02,2.25,8.73,87.7,3.935060501098633,261.12,6.61,6.71,83.5,3.981712579727173,337.94,7.62,15.56,101.8,4.04735255241394,126.83,0.0,9.69,77.4,4.037238121032715,162.69,3.21,17.6,63.9,4.0588154792785645,344.97,9.81,9.91,140.3,4.055048227310181,261.91,1.96,7.16,43.3,4.054077386856079,21.8,2.74,7.98,140.2,4.052050352096558,207.69,11.82,11.98,101.6,4.056313514709473,131.48,1.12,14.14,88.0,4.045543432235718,47.9,2.86,14.83,135.2,4.054776430130005,265.17,3.96,17.25,78.3,4.083852529525757,313.59,0.0,16.12,136.0,4.044299840927124,53.88,0.0,9.23,68.8,4.067660093307495,306.65,8.96,17.81,157.8,4.094094276428223,213.84,2.66,15.15,137.7,4.075412750244141,210.76,10.11,16.39,181.0,4.089151620864868,329.5,0.01,9.27,70.6,4.100182771682739,79.8,0.0,14.95,112.8,4.118328094482422,115.05,0.0,12.38,120.8,4.121324777603149,209.71,0.36,12.82,102.3,4.131665229797363,271.76,8.28,15.06,116.5,4.132465600967407,224.21,3.1,17.39,138.3,4.145107984542847,19.69,9.35,14.17,178.1,4.127565383911133,180.18,1.1,18.54,126.9,4.139777660369873,354.81,7.03,17.43,131.5,4.137156248092651,63.72,0.0,13.75,103.5,4.134849548339844,352.0,10.68,17.72,164.2,4.123132228851318,123.31,0.35,14.69,154.5,4.130569934844971,198.81,0.0,16.8,112.2,4.133894681930542,286.26,10.27,14.65,163.1,4.144328594207764,285.56,0.0,18.94,135.0,4.141587018966675,38.76,9.96,17.02,171.0,4.162320137023926,,,,,,,,,,
146.51,0.0,0.02,0.3,3.838424205780029,161.19,2.75,2.25,22.4,3.955686569213867,161.1,10.51,8.76,87.6,3.964186906814575,254.44,0.19,12.25,92.9,4.005935907363892,325.28,0.0,9.41,75.5,4.072702646255493,109.95,0.01,15.81,86.5,4.062651634216309,141.68,5.7,13.15,99.0,4.082781076431274,317.46,2.48,10.11,69.1,4.078221321105957,229.75,0.03,14.59,68.3,4.081697940826416,344.97,6.6,14.08,122.6,4.079945087432861,160.4,2.19,14.63,66.7,4.081620931625366,82.09,10.42,14.2,132.1,4.074401140213013,351.56,0.0,9.06,132.2,4.079728364944458,204.43,0.0,11.37,69.2,4.107476711273193,244.95,8.49,15.83,89.8,4.067064523696899,347.34,0.34,18.66,139.8,4.096495866775513,227.64,0.0,11.64,119.5,4.118282318115234,131.66,7.61,12.12,87.1,4.099708557128906,119.88,0.0,9.39,70.8,4.110781192779541,242.05,0.0,14.78,119.6,4.123949289321899,342.42,12.0,18.07,92.7,4.146617412567139,9.4,1.18,10.37,179.2,4.145930290222168,100.28,9.42,11.28,126.4,4.159952878952026,157.68,0.0,12.11,82.3,4.160085439682007,104.24,0.0,10.2,165.1,4.173556089401245,256.82,0.59,12.77,102.7,4.156740188598633,49.48,9.86,16.16,137.7,4.164130210876465,218.41,0.0,8.99,111.3,4.158807516098023,286.08,1.51,14.4,164.9,4.162743091583252,198.37,0.0,8.43,111.3,4.147074222564697,328.18,7.48,16.11,174.2,4.159948825836182,40.78,0.32,16.54,148.6,4.160306692123413,118.12,0.0,12.87,119.4,4.174242258071899,117.69,1.55,16.44,170.5,4.170822858810425,229.22,1.31,16.94,125.5,4.190006256103516,,,,,,,,,,
146.6,0.04,0.0,0.1,3.866485118865967,161.19,8.73,2.27,22.5,3.9796841144561768,161.02,0.55,8.75,55.6,3.986032962799072,247.24,0.52,6.88,66.2,4.0321128368377686,313.68,0.28,9.45,176.8,4.100030899047852,92.29,12.13,9.98,124.4,4.090711116790772,120.94,0.0,5.5,118.5,4.111222267150879,290.57,0.37,7.71,95.6,4.104335308074951,197.05,8.88,5.68,142.9,4.105811834335327,304.63,0.0,4.29,81.6,4.1076483726501465,116.72,0.34,11.79,91.9,4.113130331039429,28.92,0.0,11.06,44.9,4.096525430679321,296.54,7.39,15.68,96.8,4.109085559844971,145.46,1.71,13.47,142.8,4.136879920959473,179.38,5.6,8.98,67.9,4.0941667556762695,273.52,10.47,10.16,131.7,4.128354549407959,149.94,2.45,18.65,181.2,4.147065401077271,50.89,0.0,10.04,76.7,4.124595642089844,35.95,0.0,9.84,80.6,4.138342380523682,149.06,12.63,15.99,92.5,4.152576446533203,242.75,0.97,11.33,112.3,4.174587488174439,271.41,7.54,18.64,115.9,4.1738035678863525,348.57,0.0,9.44,72.9,4.183837175369263,45.44,0.32,15.72,111.1,4.187860250473023,341.19,9.4,14.63,181.5,4.194589853286743,132.28,1.79,12.75,180.7,4.183847665786743,281.51,0.0,13.15,96.0,4.188139915466309,88.42,0.99,15.94,117.6,4.19059681892395,146.34,8.39,13.56,146.5,4.188594818115234,57.13,0.35,16.96,173.0,4.175750255584717,176.04,0.0,10.51,108.3,4.188567399978638,247.68,9.5,14.62,156.1,4.190924644470215,312.89,2.52,15.06,189.5,4.195982456207275,307.44,6.53,15.5,158.1,4.193204879760742,55.28,0.04,15.86,162.5,4.214265584945679,,,,,,,,,,
146.6,3.56,0.02,0.3,3.8904154300689697,161.19,1.78,2.24,18.0,4.007683038711548,161.02,0.0,8.31,87.0,4.013377666473389,240.56,10.56,6.15,107.0,4.060697555541992,301.99,11.16,7.73,92.5,4.124445199966431,74.79,3.84,15.64,118.0,4.114781379699707,99.23,0.74,13.1,146.3,4.138837099075317,263.94,8.81,6.54,151.2,4.134669542312622,164.44,4.54,14.56,199.9,4.133689641952515,267.71,3.18,6.29,128.8,4.132044553756714,71.1,7.23,6.74,138.4,4.137520551681519,340.75,0.4,14.15,88.9,4.128434658050537,241.26,5.01,12.88,87.4,4.131707191467285,81.91,7.02,12.92,164.7,4.159931898117065,116.81,0.0,5.95,56.3,4.118504762649536,197.58,0.0,7.31,76.6,4.152651786804199,70.49,10.0,18.29,175.7,4.169925689697266,332.4,0.25,12.91,129.8,4.154658317565918,316.93,3.55,8.83,145.9,4.162378311157227,54.14,2.68,18.03,133.0,4.176509141921997,144.4,1.94,9.59,169.7,4.200135946273804,167.26,0.0,6.05,146.2,4.1971070766448975,246.36,0.03,12.34,136.3,4.207472324371338,293.2,9.15,15.36,146.1,4.215946197509766,219.9,2.87,14.58,118.8,4.226035118103027,4.39,12.13,14.0,123.2,4.209072113037109,157.24,1.16,12.11,158.2,4.217516899108887,315.0,9.92,13.21,172.6,4.21476674079895,3.87,1.78,13.26,149.1,4.210845947265625,274.39,10.12,13.87,128.0,4.200488567352295,22.32,0.58,14.36,144.3,4.212977409362793,90.35,1.22,14.36,112.7,4.213904142379761,150.91,6.34,15.65,187.7,4.227928876876831,140.01,0.0,11.02,138.2,4.225241422653198,246.71,9.08,18.18,163.1,4.24224591255188,,,,,,,,,,
146.6,10.08,0.03,0.3,3.914453506469727,161.1,0.0,2.01,21.9,4.031686067581177,161.02,2.74,8.74,87.8,4.037431955337524,233.35,3.01,8.15,103.6,4.085537672042847,289.69,2.34,7.46,78.1,4.150642156600952,57.92,0.0,5.66,162.9,4.138754844665527,77.7,12.4,18.14,69.6,4.159172773361206,236.51,5.54,10.58,152.8,4.158431529998779,130.52,0.0,12.01,160.8,4.159571647644043,229.22,9.99,11.41,104.2,4.161470174789429,27.51,6.52,16.39,120.3,4.160933256149292,291.18,11.42,6.35,142.4,4.1525654792785645,186.94,0.0,7.42,138.0,4.158299446105957,20.65,0.0,8.77,103.6,4.185802698135376,53.61,0.0,10.19,97.6,4.143651485443115,130.25,0.0,12.94,155.6,4.180489778518677,351.56,0.0,11.22,131.6,4.198121309280396,249.7,10.74,14.59,118.5,4.183760404586792,230.45,8.04,10.17,146.6,4.190844535827637,322.47,0.0,16.19,139.1,4.204074859619141,47.64,11.4,13.25,161.7,4.226267099380493,66.18,3.26,13.16,143.3,4.222087621688843,137.55,10.55,10.62,123.4,4.236727476119995,178.07,0.24,11.44,114.7,4.23759651184082,99.93,0.0,16.26,140.1,4.2498939037323,243.46,0.0,12.42,82.0,4.233309030532837,24.43,11.74,13.75,134.4,4.239814519882202,179.03,0.0,10.79,102.2,4.243295907974243,233.35,0.46,15.16,143.6,4.240325689315796,121.55,0.0,13.18,106.3,4.230127573013306,234.32,8.58,16.55,153.8,4.240915536880493,297.16,0.6,15.78,149.8,4.243603944778442,345.15,0.0,13.69,119.0,4.251650094985962,329.68,3.1,17.23,162.6,4.253284454345703,72.69,1.95,19.55,174.0,4.270349025726318,,,,,,,,,,
146.6,2.99,0.01,0.1,3.9384281635284415,161.19,2.63,2.25,22.6,4.055773735046387,161.02,7.02,8.76,87.6,4.062110424041748,226.23,0.0,8.99,102.3,4.114320755004883,278.17,0.0,11.63,90.8,4.179149866104126,41.04,1.0,9.51,99.3,4.162915229797363,56.51,2.16,13.72,135.4,4.191090822219849,208.3,0.0,8.37,138.4,4.186707496643066,96.15,5.1,15.02,73.8,4.188483476638794,189.67,0.0,9.68,57.3,4.18556809425354,342.69,0.0,8.55,183.9,4.185366153717041,239.15,2.16,19.79,58.8,4.176631927490234,132.71,2.98,13.69,91.8,4.183528184890747,322.03,0.36,7.33,162.1,4.212254047393799,349.54,9.51,7.45,101.4,4.171159744262695,56.34,11.26,6.47,76.0,4.205567836761475,271.93,3.02,15.93,147.2,4.226624011993408,163.3,0.0,10.57,90.7,4.208194017410278,142.73,0.0,11.66,92.7,4.215549945831299,227.99,11.58,16.25,136.4,4.2325170040130615,307.35,1.98,9.98,89.2,4.251815319061279,323.35,8.25,15.11,124.8,4.252806901931763,21.45,2.0,11.83,79.4,4.259673833847046,62.67,0.08,16.02,125.8,4.265804290771484,341.63,11.52,12.85,156.3,4.278374195098877,122.52,0.32,15.21,145.3,4.260578155517578,253.04,1.45,13.33,108.3,4.268398284912109,42.8,0.44,15.08,147.0,4.2676286697387695,92.46,11.02,13.33,178.5,4.2696404457092285,333.28,4.03,17.02,170.9,4.258840560913086,82.09,0.0,15.36,98.2,4.266829252243042,139.48,8.96,15.22,165.9,4.267786264419556,182.55,4.08,18.7,154.7,4.280135154724121,162.42,4.42,15.45,167.3,4.27731990814209,263.76,0.11,15.92,192.9,4.298221111297607,,,,,,,,,,
146.6,0.0,0.01,0.0,3.962437868118286,161.19,9.3,2.26,22.5,4.079792499542236,161.02,2.08,8.75,77.9,4.08653736114502,219.38,9.03,11.82,83.5,4.1390485763549805,265.69,4.71,15.62,107.2,4.203052043914795,24.61,12.52,17.08,82.9,4.187166929244995,34.45,0.0,12.51,129.3,4.215508699417114,181.67,3.01,9.41,88.1,4.2113964557647705,63.81,7.07,13.38,200.6,4.212714195251465,153.81,0.22,11.05,163.7,4.214828252792358,297.77,3.22,6.14,148.6,4.2131712436676025,190.11,0.19,7.36,137.6,4.205850839614868,77.61,10.05,9.1,163.2,4.208265066146851,261.74,12.1,11.99,98.7,4.237109899520874,283.71,2.67,11.57,148.6,4.19533896446228,347.7,2.66,15.51,174.6,4.228830814361572,193.54,5.61,13.89,152.0,4.253912448883057,83.94,0.51,10.57,158.5,4.236163139343262,56.78,0.52,15.18,102.7,4.240842580795288,130.69,1.29,13.19,65.3,4.2591233253479,214.72,0.0,14.14,135.4,4.278573036193848,218.23,0.0,9.69,121.4,4.273820161819458,279.32,0.18,10.27,187.1,4.287804365158081,310.34,8.6,17.64,112.0,4.294261693954468,215.16,1.86,13.01,114.2,4.3061347007751465,355.17,10.39,11.65,129.2,4.28913140296936,122.78,3.3,15.34,177.5,4.300089120864868,271.14,8.82,13.62,159.6,4.2975404262542725,309.73,0.42,15.84,86.8,4.294929265975952,185.27,6.23,15.16,155.8,4.282261848449707,299.62,0.26,14.26,157.8,4.289165496826172,340.66,0.0,15.26,96.9,4.295947551727295,18.37,5.92,16.02,151.4,4.3045876026153564,351.91,0.0,13.52,156.6,4.305938482284546,90.35,12.27,17.99,165.9,4.322205066680908,,,,,,,,,,
146.6,0.39,0.01,0.2,3.982440948486328,161.19,2.23,2.26,22.3,4.106394052505493,161.02,0.0,7.4,87.1,4.110724687576294,212.34,5.02,10.68,94.1,4.162771463394165,253.13,4.79,9.8,101.3,4.22671365737915,6.86,4.63,9.64,73.3,4.210612058639526,12.57,5.06,8.52,124.3,4.239400148391724,156.09,8.11,11.55,191.3,4.235698223114014,29.71,0.0,10.55,61.0,4.237704515457153,114.26,10.98,11.9,129.0,4.243011474609375,253.04,7.36,11.91,119.4,4.240012884140015,140.54,12.77,10.08,163.7,4.234504699707031,21.8,2.1,16.59,51.1,4.236063718795776,198.98,0.73,7.19,76.1,4.263918161392212,214.89,0.0,14.61,188.8,4.224323511123657,273.69,0.0,12.56,160.5,4.257176399230957,116.02,0.0,12.49,141.4,4.2816321849823,1.93,11.92,15.86,152.5,4.2611730098724365,329.77,9.54,8.36,120.4,4.269389152526856,39.55,0.08,17.03,127.7,4.2814671993255615,116.46,11.92,10.42,177.6,4.306931972503662,118.12,0.34,9.24,156.6,4.305281400680542,169.98,10.06,12.71,153.8,4.3196234703063965,194.85,0.0,12.54,97.1,4.318952798843384,95.19,0.0,16.15,141.8,4.332698822021484,223.15,0.0,11.59,110.7,4.312403678894043,350.16,7.43,15.64,146.1,4.324230194091797,135.26,0.0,17.44,110.2,4.319666624069214,174.2,0.46,16.77,174.3,4.322766542434692,38.32,0.0,12.16,114.3,4.309746503829956,146.95,9.7,16.67,153.0,4.3178675174713135,188.17,3.3,18.47,155.5,4.320746898651123,220.61,0.0,15.06,133.8,4.334439277648926,183.25,4.76,16.33,193.7,4.329988241195679,274.22,0.0,18.04,109.2,4.350225448608398,,,,,,,,,,
146.6,5.66,0.02,0.3,4.006465911865234,161.19,0.0,1.93,21.6,4.13040018081665,161.02,3.38,8.73,87.3,4.135771989822388,205.05,0.0,4.6,69.0,4.1878955364227295,240.91,0.0,10.23,107.6,4.255175828933716,351.74,0.0,4.42,138.9,4.23822283744812,351.47,5.41,7.14,134.5,4.263111114501953,127.97,0.0,5.13,74.4,4.26008152961731,358.07,0.7,7.27,156.2,4.25941014289856,72.33,1.86,14.95,87.7,4.2678751945495605,206.81,0.0,4.41,58.7,4.2612597942352295,87.1,2.63,10.39,158.1,4.256756067276001,328.36,0.34,13.4,190.8,4.264061212539673,142.03,0.0,12.41,103.3,4.292329788208008,147.22,11.77,12.02,60.4,4.253619432449341,200.65,10.76,10.35,99.1,4.280336380004883,35.95,2.88,14.39,137.0,4.3065571784973145,281.25,2.22,10.37,82.3,4.285449981689453,243.9,0.0,13.22,116.5,4.292643785476685,307.44,11.39,16.09,126.9,4.313339710235596,11.87,2.32,12.52,103.8,4.331149101257324,15.91,11.36,10.36,184.1,4.329552888870239,55.55,1.79,11.62,66.2,4.3438990116119385,84.02,0.0,11.62,113.2,4.346610069274902,336.53,9.99,16.76,121.8,4.362062931060791,98.17,3.55,14.82,136.6,4.343837738037109,218.85,0.0,8.39,108.7,4.351682901382446,357.54,1.8,14.12,136.5,4.348980188369751,33.31,10.06,16.07,152.5,4.348561525344849,254.97,1.21,15.73,138.1,4.334714412689209,352.97,1.6,15.07,94.3,4.342459440231323,30.32,10.07,17.12,154.9,4.350097179412842,58.01,1.61,14.65,179.7,4.35573673248291,14.68,5.69,15.85,149.3,4.360256910324097,100.46,2.97,17.47,178.0,4.378222227096558,,,,,,,,,,
146.6,9.53,0.02,0.2,4.034475326538086,161.19,2.9,2.26,22.5,4.15903902053833,161.02,8.21,8.77,87.3,4.165294170379639,198.63,1.04,8.82,123.0,4.216091871261597,228.52,2.76,14.92,127.4,4.282793521881104,334.69,0.84,12.04,89.8,4.26671838760376,330.47,0.0,5.58,121.8,4.291281700134277,101.51,0.62,16.42,118.8,4.287670612335205,324.93,10.31,15.7,82.1,4.289285182952881,34.98,0.0,5.24,106.3,4.290124893188477,164.79,0.29,16.81,127.1,4.293191194534302,35.86,0.0,5.82,183.9,4.280465841293335,271.05,10.66,10.0,183.7,4.291383981704712,78.93,5.83,19.6,88.9,4.317494630813599,79.1,3.62,12.75,90.7,4.2750866413116455,127.71,1.94,18.13,128.0,4.312342405319214,319.92,4.86,12.7,117.2,4.336073398590088,201.36,0.0,16.77,132.4,4.31383490562439,155.57,3.52,14.11,124.2,4.32284951210022,209.53,0.0,12.96,55.7,4.341505765914917,275.63,0.0,18.35,91.8,4.360128879547119,270.35,0.47,10.92,77.9,4.358086824417114,312.1,0.34,13.17,153.8,4.371752262115479,332.05,11.34,12.96,140.0,4.376764535903931,215.24,1.62,11.99,155.4,4.38598895072937,335.48,7.24,12.92,163.0,4.368235349655151,93.87,0.12,18.14,136.6,4.376954317092896,220.96,6.87,15.83,179.3,4.3773064613342285,250.31,0.0,16.3,116.7,4.374456882476807,109.07,6.08,17.73,147.7,4.363100290298462,205.14,0.43,16.07,148.8,4.370177507400513,230.71,0.0,15.57,95.5,4.371607780456543,259.37,5.04,16.16,148.7,4.387769460678101,211.38,0.0,12.86,145.3,4.38313889503479,284.77,8.04,15.49,176.5,4.402472257614136,,,,,,,,,,
146.6,2.77,0.02,0.2,4.0584776401519775,161.19,8.05,2.27,22.5,4.183653116226196,161.02,2.08,8.76,55.4,4.186694860458374,191.95,10.32,17.84,165.1,4.2442498207092285,216.47,3.77,13.39,107.2,4.308198690414429,317.46,9.3,8.17,164.3,4.290549278259277,308.76,1.17,11.22,116.6,4.317652702331543,73.04,11.43,18.4,81.4,4.315111875534058,290.48,1.74,16.45,47.5,4.311875343322754,357.54,10.45,11.77,164.0,4.319277286529541,118.92,9.01,10.73,198.7,4.3221940994262695,347.61,10.04,16.85,122.4,4.308807134628296,211.38,0.0,12.94,89.5,4.3175742626190186,20.21,5.22,14.22,191.9,4.340790510177612,14.77,0.0,5.34,58.1,4.3034987449646,54.32,0.0,10.52,120.9,4.336832284927368,240.56,0.0,8.38,112.6,4.357470989227295,119.09,10.2,11.64,114.9,4.343824863433838,66.53,10.21,11.02,91.4,4.347316026687622,119.71,0.51,16.34,89.2,4.36533260345459,180.18,11.58,11.41,141.7,4.388150930404663,169.54,0.08,11.74,161.3,4.383183002471924,202.32,9.38,13.4,159.1,4.3973424434661865,211.11,0.0,10.71,71.8,4.398294925689697,95.36,0.0,14.22,117.7,4.414664506912232,208.74,0.0,8.1,116.2,4.397614002227783,325.81,8.63,14.41,143.1,4.406876802444458,85.52,0.0,17.41,93.8,4.400648832321167,110.3,1.02,14.59,132.6,4.399805545806885,320.1,0.0,10.65,103.5,4.390034198760986,53.26,10.6,17.19,178.0,4.396913528442383,80.07,0.35,15.54,146.8,4.403587579727173,97.12,0.0,9.57,132.2,4.411738872528076,43.59,3.14,17.2,173.8,4.411472797393799,111.09,0.0,12.92,119.4,4.430472135543823,,,,,,,,,,
146.6,0.0,0.02,0.2,4.082489252090454,161.19,2.37,2.24,22.4,4.208375930786133,161.02,0.0,7.58,87.0,4.214426279067993,184.57,0.0,4.55,57.4,4.267947435379028,204.26,0.0,11.94,146.2,4.335954666137695,299.88,2.25,14.43,43.4,4.31632661819458,286.26,7.07,6.69,122.9,4.346097230911255,45.09,2.52,7.89,111.5,4.343469619750977,257.17,0.05,13.08,130.5,4.343773603439331,316.05,2.36,7.55,130.5,4.345620393753052,71.81,1.75,6.76,131.1,4.3454954624176025,293.82,2.38,13.93,133.4,4.340834140777588,157.5,2.73,12.76,140.6,4.344322919845581,319.83,0.0,9.73,154.1,4.369738578796387,313.68,3.4,7.36,82.0,4.327205657958984,342.33,11.98,8.22,83.9,4.365874528884888,166.2,3.01,9.87,103.4,4.385309934616089,31.46,1.91,15.53,134.0,4.36540675163269,339.7,1.41,11.02,98.9,4.372741460800171,28.65,12.22,16.57,162.8,4.393191814422607,77.87,2.05,13.1,91.9,4.412514686584473,64.86,12.81,11.48,143.4,4.412309646606445,92.99,2.07,9.85,167.6,4.419605255126953,101.69,1.05,12.08,155.4,4.4266884326934814,336.53,11.06,17.09,161.0,4.439018964767456,88.42,0.28,11.62,166.6,4.419952392578125,194.94,0.0,15.31,83.5,4.428239583969116,318.08,0.44,14.24,140.1,4.428090333938599,327.39,6.72,15.5,145.4,4.430187940597534,173.06,4.46,14.68,162.3,4.41892147064209,258.22,0.53,14.42,112.7,4.426712512969971,286.52,9.47,14.74,145.8,4.427224397659302,304.98,1.14,16.39,138.7,4.440936088562012,240.03,4.93,16.73,164.6,4.434771537780762,294.87,4.48,16.85,170.0,4.458781003952026,,,,,,,,,,
146.6,0.0,0.01,0.1,4.106537103652954,161.19,0.0,1.9,22.1,4.233181476593018,161.02,3.62,8.71,87.6,4.238297700881958,177.98,0.03,8.3,98.2,4.294686555862427,191.95,6.5,16.1,122.2,4.363758325576782,282.48,0.0,9.8,165.5,4.344417333602905,264.29,0.0,4.94,132.2,4.368494749069214,17.93,0.0,10.94,119.6,4.367756843566895,223.33,10.3,10.83,196.7,4.372691631317139,277.73,0.0,7.34,90.0,4.36824631690979,28.56,0.0,14.65,144.3,4.371007442474365,241.61,0.07,7.33,175.0,4.365279674530029,101.07,8.96,7.1,108.9,4.3688805103302,258.93,2.95,13.43,164.9,4.394140958786011,250.4,11.79,8.16,86.8,4.35279393196106,271.76,2.3,13.96,144.9,4.390573501586914,90.44,7.35,9.04,95.3,4.407467365264893,310.87,1.18,10.01,129.9,4.394088506698608,253.21,2.03,15.17,145.6,4.400262832641602,293.82,1.82,15.66,160.9,4.419687986373901,343.56,0.0,12.77,154.5,4.436544179916382,317.9,0.0,13.15,94.2,4.433722257614136,349.63,0.0,16.61,138.1,4.448161840438843,343.92,8.8,15.28,184.9,4.450912952423096,210.23,0.0,9.39,93.6,4.462923049926758,325.28,8.52,14.01,177.6,4.448076963424683,68.99,0.0,11.83,133.2,4.4561402797698975,182.11,7.82,12.59,132.3,4.457205057144165,186.77,0.0,7.64,109.5,4.45537805557251,25.05,7.1,13.37,175.5,4.43979024887085,106.61,0.52,15.06,159.2,4.45435094833374,129.29,1.12,14.9,112.1,4.454205989837647,142.03,7.71,13.78,147.6,4.466044187545776,72.51,0.0,10.03,160.6,4.463421583175659,121.46,5.44,17.62,185.1,4.487390995025635,,,,,,,,,,
146.51,3.2,0.02,0.3,4.130535840988159,161.19,2.7,2.25,22.4,4.257514238357544,161.02,9.12,8.74,87.7,4.262362241744995,171.47,9.52,6.13,93.2,4.317072629928589,179.65,3.65,12.3,98.3,4.3923540115356445,265.08,12.75,10.66,101.2,4.370586633682251,242.58,1.67,8.75,98.3,4.396115303039551,350.77,7.61,7.48,112.1,4.39165997505188,188.0,0.0,9.99,66.3,4.397113800048828,240.56,3.67,10.0,81.1,4.396780014038086,343.56,11.88,15.04,147.8,4.400143146514893,192.04,12.67,6.98,161.5,4.392673492431641,45.0,2.49,9.73,181.2,4.392766952514648,196.52,6.74,17.02,135.6,4.4220967292785645,184.92,2.21,6.49,112.1,4.37549614906311,198.9,0.01,16.47,151.4,4.419375419616699,19.51,2.51,10.87,79.9,4.430834293365479,226.76,9.8,13.82,130.4,4.421006679534912,165.5,8.83,10.91,83.2,4.429261684417725,199.34,0.39,15.24,176.0,4.448071479797363,243.98,11.72,11.91,165.4,4.46434760093689,216.91,0.88,15.29,161.6,4.465451240539551,238.97,10.9,10.08,168.5,4.479588508605957,228.6,0.0,16.75,102.0,4.481098890304565,99.23,0.0,15.52,133.1,4.492985963821411,199.16,0.0,11.84,104.7,4.475759267807007,301.99,11.68,14.79,135.1,4.484551429748535,46.05,1.18,16.95,108.2,4.481040239334106,50.63,1.78,17.18,143.1,4.483090162277222,242.84,0.0,10.81,116.1,4.472206354141235,311.66,6.68,16.59,175.3,4.478498220443726,329.06,2.0,17.07,146.6,4.4801061153411865,337.94,0.0,10.94,122.5,4.494345664978027,268.42,5.89,14.52,160.0,4.491675615310669,304.63,0.0,12.15,154.0,4.511969566345215,,,,,,,,,,
146.6,10.51,0.03,0.3,4.154536247253418,161.19,8.75,2.27,22.6,4.27984881401062,161.02,2.5,8.74,67.6,4.2862935066223145,165.23,6.0,8.95,158.9,4.343832015991211,167.7,0.0,11.99,149.8,4.416144847869873,246.45,1.92,11.06,85.4,4.39854097366333,222.36,11.96,17.72,63.4,4.424431800842285,323.17,4.58,12.38,101.5,4.41902232170105,156.97,0.16,15.61,143.1,4.421919107437134,202.5,5.37,14.25,68.9,4.420304298400879,294.96,0.26,12.5,69.7,4.421814441680908,140.8,2.1,11.35,103.9,4.416134834289551,351.47,0.0,10.94,127.6,4.424572467803955,134.74,0.0,10.57,84.6,4.447500944137573,120.15,0.0,11.75,161.4,4.403960466384888,126.91,11.23,10.45,99.1,4.4467644691467285,306.74,0.0,9.14,82.0,4.462829828262329,144.58,0.0,7.5,100.5,4.449886798858643,79.37,2.5,8.69,155.3,4.453242540359497,106.08,9.98,14.78,112.3,4.470937728881836,141.59,0.0,11.05,75.7,4.491993427276611,113.03,9.77,14.09,172.2,4.489805221557617,125.42,0.0,15.65,65.3,4.504030466079712,113.73,2.85,17.96,113.3,4.507392406463623,341.46,11.78,13.44,139.7,4.521807432174683,74.18,1.1,14.97,173.6,4.499958515167236,165.67,0.0,14.83,112.4,4.513649702072144,273.96,0.79,13.31,153.8,4.50950026512146,273.52,9.11,14.25,132.8,4.508460998535156,96.5,2.7,17.73,179.3,4.496240139007568,159.08,0.0,9.43,101.1,4.50739312171936,172.18,7.16,15.58,175.6,4.510331869125366,174.11,3.22,15.7,137.8,4.518679141998291,101.16,4.54,15.39,162.8,4.5200793743133545,131.84,3.82,16.34,174.4,4.5400238037109375,,,,,,,,,,
146.6,3.18,0.03,0.1,4.174536943435669,161.19,2.54,2.25,19.1,4.304717540740967,161.02,0.0,8.07,86.0,4.310297727584839,158.38,0.0,8.59,80.3,4.365777015686035,155.13,9.98,16.62,169.3,4.444179058074951,229.13,0.0,11.37,114.3,4.423155784606934,200.39,2.29,13.48,44.3,4.448050737380981,294.61,0.0,8.9,159.3,4.4443464279174805,123.22,11.71,18.05,90.5,4.4504828453063965,165.06,0.0,6.65,55.7,4.4461705684661865,250.31,0.23,19.0,66.4,4.451162815093994,89.12,0.0,5.91,128.3,4.441034555435181,293.91,11.34,12.82,81.2,4.448275327682495,74.44,2.02,10.76,174.0,4.476808547973633,50.8,6.59,15.55,178.3,4.4277307987213135,52.38,2.76,14.68,110.3,4.469883680343628,233.61,3.86,10.0,72.9,4.487375974655151,64.69,0.08,12.65,125.3,4.474070549011231,356.22,0.0,8.71,152.4,4.477035760879517,10.55,1.14,13.35,132.2,4.500016212463379,45.35,0.0,11.32,187.4,4.520111322402954,6.68,2.87,17.24,106.7,4.514804124832153,18.54,0.0,11.36,173.6,4.528072357177734,356.48,6.42,13.28,127.9,4.535921335220337,214.8,1.84,11.73,75.2,4.542767524719238,310.25,9.86,14.39,155.6,4.527744054794312,34.72,1.45,15.69,175.5,4.5381340980529785,137.9,9.32,14.22,138.4,4.534815073013306,132.98,0.0,8.71,105.1,4.537047147750855,313.59,6.56,14.82,154.3,4.524150848388672,10.72,0.27,14.65,160.4,4.531579256057739,12.92,0.0,17.18,114.0,4.531215667724609,11.07,7.12,13.9,154.2,4.546942234039307,290.39,0.0,12.24,169.3,4.5449607372283936,315.44,3.87,17.43,165.2,4.567962884902954,,,,,,,,,,
146.6,0.0,0.03,0.3,4.202584743499756,161.19,0.0,1.6,21.6,4.328794956207275,161.02,2.84,8.74,87.2,4.336045265197754,151.61,0.23,7.04,101.5,4.394259929656982,142.65,3.44,12.03,102.7,4.472688674926758,211.11,12.52,7.24,168.1,4.451555967330933,179.21,0.1,13.34,114.8,4.47689962387085,267.19,3.18,14.24,93.5,4.4744713306427,88.68,1.97,9.7,122.0,4.475341320037842,128.67,0.34,11.33,130.5,4.476603031158447,205.93,11.37,16.23,118.3,4.474612712860107,39.99,3.24,9.74,186.3,4.46857213973999,236.69,2.11,18.68,69.0,4.477585315704346,12.48,9.36,7.48,190.2,4.4984049797058105,344.53,3.1,17.08,71.2,4.456934452056885,341.37,0.18,19.6,150.0,4.496600151062012,158.2,5.69,10.1,71.3,4.510968208312988,342.69,11.32,14.31,176.6,4.502950429916382,270.0,7.48,16.09,170.7,4.505387544631958,279.67,0.79,14.03,186.7,4.526402235031128,307.88,11.79,9.62,150.8,4.544354677200317,268.59,0.0,11.45,174.2,4.54332447052002,271.67,11.86,12.04,155.6,4.556603908538818,240.38,0.0,7.65,112.1,4.559798717498779,100.2,0.71,14.63,118.7,4.573200941085815,185.01,0.0,8.88,73.1,4.55184531211853,267.28,9.34,15.58,155.8,4.566704511642456,1.23,2.02,11.67,163.7,4.563144207000732,355.69,0.49,13.71,140.0,4.561744928359985,165.85,0.0,9.34,148.1,4.550029516220093,223.15,7.89,15.16,174.0,4.561013460159302,220.25,2.62,16.54,145.4,4.5634613037109375,212.61,0.0,10.2,133.9,4.570986747741699,123.66,3.79,16.79,188.2,4.57368016242981,141.94,0.0,14.7,152.5,4.591963768005371,,,,,,,,,,
146.6,0.28,0.02,0.2,4.226586103439331,161.19,2.73,2.26,22.4,4.352980613708496,161.02,9.2,8.76,87.8,4.358616590499878,145.11,10.93,8.25,64.9,4.42149019241333,130.25,0.0,11.23,127.4,4.495920896530151,193.36,1.1,7.81,51.0,4.475513696670532,157.32,11.58,12.14,71.8,4.4998815059661865,239.24,5.56,15.15,88.2,4.4958176612854,56.25,0.0,9.19,119.6,4.499703884124756,88.51,9.86,14.42,177.4,4.497835397720337,158.38,0.0,10.11,40.5,4.502551317214966,351.74,6.8,6.06,189.1,4.49684739112854,181.93,0.0,10.35,115.9,4.501806735992432,314.21,1.97,10.13,83.2,4.525747299194336,278.35,0.0,7.76,96.3,4.483768463134766,268.07,10.55,12.49,165.3,4.525429725646973,83.5,0.0,7.54,45.8,4.536513090133667,255.67,0.0,9.07,71.0,4.527546167373657,181.67,2.99,10.8,86.7,4.530009031295776,185.1,9.31,14.5,184.8,4.554616451263428,208.74,2.24,17.36,73.0,4.571778535842896,164.18,10.88,17.2,119.1,4.571401357650757,158.38,0.0,12.06,74.9,4.585539817810059,130.87,3.17,13.89,163.2,4.5886549949646,336.53,9.92,14.4,154.8,4.598926067352295,68.99,0.0,15.77,142.1,4.579655408859253,137.72,0.56,13.17,91.4,4.589961290359497,234.49,0.24,17.07,159.0,4.587182521820068,214.19,8.64,16.67,151.1,4.590780973434448,24.17,3.86,14.85,127.9,4.576494932174683,71.02,1.6,13.68,112.5,4.5857579708099365,62.84,10.24,14.98,152.7,4.591478109359741,50.36,3.02,16.17,158.0,4.598742246627808,312.8,2.83,16.26,195.2,4.600601434707642,325.63,6.8,17.52,177.6,4.620268106460571,,,,,,,,,,
146.51,4.37,0.02,0.3,4.250584363937378,161.19,9.46,2.26,22.5,4.37700080871582,161.02,2.97,8.74,87.5,4.386817932128906,138.16,2.54,8.88,117.7,4.445211172103882,117.6,12.1,17.46,153.8,4.524257659912109,177.28,0.0,8.05,132.8,4.503576993942261,135.18,2.09,12.22,87.3,4.529117822647095,212.26,0.0,3.64,115.6,4.524030447006226,23.99,3.3,15.3,116.8,4.528207302093506,49.92,2.2,7.18,156.1,4.525482892990112,114.17,0.36,13.75,97.6,4.530824661254883,301.55,0.0,9.01,81.9,4.521053552627564,125.68,12.32,8.8,160.7,4.529845952987671,253.48,0.65,9.29,84.7,4.550099611282349,215.51,2.7,9.57,109.9,4.5049684047698975,192.04,0.0,9.09,64.9,4.550053358078003,12.83,0.0,8.48,76.4,4.559044599533081,179.21,0.22,14.04,184.6,4.555677175521851,96.59,0.0,7.31,109.1,4.55351185798645,91.85,2.04,14.19,116.3,4.579328536987305,113.91,0.05,15.48,157.3,4.59661602973938,54.67,2.01,11.22,96.1,4.595333576202393,52.12,0.0,10.68,148.5,4.609655380249023,13.71,7.46,12.66,158.2,4.613232135772705,214.72,1.5,17.21,103.5,4.627024412155151,306.21,12.5,15.27,119.3,4.606856107711792,9.58,0.0,17.09,150.5,4.615837812423706,99.4,11.94,13.77,138.5,4.616414546966553,74.0,1.59,13.38,87.3,4.615167140960693,241.88,7.73,15.42,164.6,4.600351810455322,282.13,0.6,14.6,163.3,4.6137375831604,263.58,0.0,12.45,110.2,4.616024255752564,251.98,6.58,14.24,159.8,4.624519109725952,145.55,0.0,13.89,169.4,4.623370409011841,152.49,3.06,15.02,174.5,4.648220777511597,,,,,,,,,,
146.6,8.52,0.03,0.2,4.274589538574219,161.19,2.95,2.25,22.4,4.405457258224487,161.02,0.0,7.46,85.6,4.410641670227051,130.96,0.0,11.99,170.3,4.474389314651489,105.03,0.29,10.82,64.7,4.552598714828491,160.31,5.29,8.47,71.8,4.527582168579102,113.64,0.0,12.37,91.1,4.552154302597046,185.19,1.11,9.21,139.8,4.551809787750244,350.42,5.04,10.37,85.3,4.550610542297363,12.22,0.0,7.05,109.4,4.549856185913086,68.99,8.83,13.43,153.5,4.559197902679443,253.48,1.14,13.38,149.2,4.54576301574707,68.03,2.86,11.7,88.1,4.553923606872559,195.73,9.71,19.32,112.1,4.5775182247161865,151.17,7.52,11.91,198.4,4.533505201339722,125.68,0.0,13.3,100.1,4.578661918640137,302.52,4.78,8.07,91.3,4.585562229156494,95.71,12.61,10.47,109.1,4.579463005065918,13.27,3.66,10.7,134.1,4.584885120391846,0.0,0.0,8.46,147.1,4.602238893508911,12.66,11.83,12.62,113.4,4.626599788665772,317.37,0.15,12.42,128.6,4.623543739318848,304.54,11.3,12.02,129.8,4.638015031814575,261.74,0.0,7.64,124.9,4.640941858291626,95.01,0.0,14.33,157.0,4.652987718582153,174.99,2.0,18.28,80.8,4.635803937911987,248.55,12.3,15.5,147.3,4.642984867095947,321.06,1.77,12.61,113.6,4.639531850814819,301.03,1.13,16.82,158.3,4.643562078475952,95.62,1.11,13.14,111.6,4.629826545715332,129.46,9.48,17.04,155.0,4.638075590133667,106.0,1.85,15.0,163.8,4.644166707992554,89.56,0.0,15.02,109.3,4.653574466705322,335.39,11.6,15.14,154.1,4.651999235153198,336.01,0.0,15.54,149.7,4.672220706939697,,,,,,,,,,
146.6,3.13,0.02,0.2,4.298635482788086,161.19,0.0,1.9,20.5,4.433099031448364,161.02,2.67,8.74,87.4,4.438841819763184,124.01,12.26,7.57,63.4,4.497788429260254,93.25,0.0,9.48,141.8,4.580264091491699,144.05,5.71,8.89,174.8,4.55236291885376,92.55,7.57,17.81,121.7,4.580026149749756,157.85,10.58,18.66,95.0,4.575785636901856,317.37,0.0,6.43,89.5,4.577541828155518,335.39,3.62,8.15,84.2,4.573715686798096,23.55,4.32,18.87,139.3,4.5830934047698975,201.71,9.14,10.73,181.5,4.574595212936401,14.85,0.0,6.51,123.1,4.579638957977295,133.95,3.51,18.09,92.0,4.602339744567871,83.14,0.0,16.34,78.0,4.56092095375061,51.77,12.01,16.53,149.8,4.606234073638916,230.27,7.58,9.52,101.7,4.606771230697632,11.95,2.58,14.28,133.0,4.607072591781616,286.88,7.42,15.53,180.4,4.60930323600769,275.36,10.31,9.72,88.4,4.630948066711426,272.46,1.97,13.36,93.4,4.651111125946045,211.38,10.58,10.29,148.6,4.647555112838745,190.02,0.95,18.18,71.8,4.661334753036499,152.05,2.93,12.99,117.8,4.666830062866211,337.15,9.21,13.73,133.7,4.678952693939209,54.05,0.0,11.29,147.7,4.659746885299683,113.03,1.86,15.45,80.0,4.667433977127075,185.63,2.54,14.36,150.2,4.667322397232056,160.58,10.05,13.01,132.0,4.664743900299072,311.92,0.42,15.89,152.4,4.656110048294067,335.65,0.0,15.19,104.6,4.667200565338135,306.39,6.23,16.87,151.2,4.670130729675293,290.92,2.22,14.59,164.5,4.676629066467285,160.84,1.88,16.59,96.7,4.68146014213562,161.98,11.5,16.37,175.3,4.704773187637329,,,,,,,,,,
146.6,0.0,0.01,0.0,4.322633981704712,161.19,2.76,2.25,22.5,4.457195997238159,161.02,10.48,8.75,87.4,4.464217901229858,117.16,3.08,7.51,41.3,4.523427248001099,81.21,3.47,10.22,119.6,4.604080677032471,126.91,0.0,6.74,62.7,4.578106880187988,70.4,4.66,9.71,134.4,4.604090213775635,130.25,0.0,5.71,82.8,4.60034966468811,285.21,0.48,13.99,134.0,4.604046583175659,299.0,6.94,6.87,173.7,4.601966142654419,338.55,0.0,12.06,164.0,4.611700773239136,150.91,0.0,10.07,43.3,4.597177028656006,321.68,2.15,14.71,111.4,4.608256340026856,73.12,0.0,10.73,181.1,4.626546859741211,18.98,0.21,15.63,94.6,4.584624767303467,337.76,1.88,9.54,98.2,4.630377531051636,155.48,0.04,11.01,69.7,4.637205600738525,290.39,0.04,9.13,109.4,4.634075403213501,197.31,0.0,7.62,70.0,4.63324236869812,184.83,4.79,16.03,91.6,4.654796361923218,177.28,0.0,14.29,141.5,4.676523923873901,103.8,0.0,13.42,52.6,4.676430940628052,85.25,0.04,12.16,152.5,4.686731815338135,35.24,10.22,14.59,171.0,4.69581937789917,215.16,0.0,16.48,91.2,4.703729391098023,291.09,11.68,14.12,127.3,4.688503742218018,346.11,0.0,15.25,133.6,4.696674108505249,48.69,9.17,14.91,146.4,4.691736459732056,13.1,1.02,16.33,90.0,4.696934938430786,165.85,7.05,17.56,161.4,4.680818557739258,181.93,1.1,15.01,145.0,4.690712928771973,149.06,0.0,11.19,155.5,4.696771144866943,128.58,6.02,14.72,164.3,4.707904577255249,357.36,0.19,16.64,177.8,4.707815647125244,339.52,1.72,18.56,149.8,4.732789754867554,,,,,,,,,,
146.6,0.21,0.02,0.2,4.342631578445435,161.19,10.13,2.26,22.4,4.481295824050903,161.02,0.98,8.76,57.4,4.487252950668335,110.57,0.0,6.44,95.1,4.549882650375366,68.91,5.5,3.06,45.8,4.62826681137085,110.21,0.8,13.04,118.8,4.606708526611328,49.13,0.0,7.2,118.9,4.632033348083496,103.62,0.0,15.23,146.6,4.628371238708496,250.75,10.02,13.2,69.8,4.629474639892578,259.98,0.0,6.42,84.8,4.627248525619507,292.15,11.81,20.3,63.3,4.635426044464111,101.16,0.62,15.5,67.3,4.625986099243164,263.94,6.31,17.52,90.0,4.633463621139526,11.07,3.14,8.7,134.8,4.6566784381866455,315.35,12.39,8.82,93.4,4.609318733215332,269.82,0.0,14.6,118.8,4.656707763671875,80.42,0.14,12.06,132.5,4.662988662719727,210.76,11.72,18.57,152.7,4.65949010848999,116.81,0.35,11.9,111.2,4.66194486618042,95.01,0.0,9.88,128.9,4.679147481918335,77.61,11.7,10.15,106.3,4.708345890045166,0.97,0.0,9.52,133.9,4.703238248825073,337.5,10.64,10.75,185.6,4.717531442642212,279.05,0.0,7.69,135.8,4.717483997344971,100.37,0.12,14.43,167.1,4.732642412185669,160.31,1.64,12.9,89.2,4.712546110153198,214.28,10.12,14.18,179.4,4.725887060165405,276.86,0.9,13.13,121.3,4.719754457473755,242.4,0.03,14.34,129.4,4.721251010894775,17.23,0.0,15.21,94.7,4.708924293518066,28.39,9.03,16.06,143.8,4.719364404678345,350.16,4.26,17.23,156.1,4.725953102111816,323.26,0.0,12.47,125.8,4.7318878173828125,189.23,10.23,16.85,191.0,4.737049341201782,164.88,1.35,17.67,189.2,4.757211208343506,,,,,,,,,,
146.6,2.68,0.02,0.2,4.366632699966431,161.19,1.04,2.24,14.3,4.50571608543396,161.02,0.0,8.24,87.8,4.511793375015259,103.89,0.77,5.12,101.3,4.575334072113037,57.57,1.89,16.27,104.2,4.652855157852173,92.02,12.63,12.81,125.2,4.628206014633179,28.12,0.5,12.89,107.0,4.658006429672241,74.97,11.33,7.23,117.9,4.654641628265381,216.56,0.0,7.38,44.1,4.651797771453857,223.24,0.0,8.47,93.5,4.651589393615723,245.57,3.03,8.11,192.2,4.661349296569824,50.1,12.13,16.39,111.0,4.652734994888306,209.36,0.0,9.88,118.5,4.657876253128052,313.24,7.58,9.79,118.0,4.682019233703613,249.79,3.42,7.45,131.8,4.637165546417236,196.26,9.8,14.96,156.8,4.685353994369507,3.34,9.77,14.61,143.2,4.6882078647613525,124.72,0.35,9.15,48.1,4.687084913253784,26.02,9.88,13.55,130.9,4.685375690460205,6.24,0.24,9.18,91.8,4.706829309463501,336.88,1.71,11.61,106.3,4.732366561889648,267.98,11.99,18.5,129.1,4.7316508293151855,222.54,0.0,14.9,65.9,4.746039390563965,169.01,2.64,17.87,129.2,4.74691367149353,336.53,10.29,11.86,122.0,4.76293420791626,39.29,0.0,13.1,125.3,4.739912509918213,79.37,1.78,18.41,148.6,4.751115083694458,141.33,0.98,17.32,139.0,4.748130798339844,101.69,8.95,15.5,142.8,4.750196218490601,240.64,0.19,17.59,167.5,4.733370542526245,240.73,0.0,14.6,113.8,4.745973348617554,191.07,4.07,15.26,170.8,4.751410007476807,161.28,3.3,16.47,148.5,4.760866165161133,12.83,1.89,15.82,106.9,4.761857509613037,350.16,9.29,15.37,176.4,4.786243200302124,,,,,,,,,,
146.6,10.78,0.04,0.3,4.395016431808472,161.19,0.0,2.15,22.3,4.53034234046936,161.02,2.56,8.76,87.7,4.535161733627319,97.03,11.46,5.93,71.9,4.601862192153931,44.82,0.12,6.75,141.8,4.676179647445679,74.09,1.5,7.64,115.1,4.6564226150512695,6.59,11.31,11.53,174.4,4.681201457977295,47.2,3.1,11.14,181.0,4.680734157562256,184.92,0.21,12.0,107.3,4.683758020401001,186.86,9.6,6.8,170.3,4.676891088485718,201.18,0.0,10.9,189.1,4.69083833694458,357.54,1.72,14.33,50.0,4.680199384689331,155.39,3.5,6.6,93.5,4.681817531585693,252.42,0.0,12.76,49.5,4.706458568572998,184.48,0.0,13.32,193.6,4.663800001144409,124.37,2.17,10.67,139.5,4.710719347000122,290.65,3.57,13.64,140.6,4.7164599895477295,47.37,0.0,9.95,150.7,4.71136736869812,299.79,0.86,17.87,97.2,4.713644981384277,286.26,6.44,16.23,91.9,4.731387138366699,236.78,0.36,18.82,91.0,4.761270046234131,159.61,2.22,12.34,181.0,4.756312370300293,117.33,0.2,12.84,133.9,4.770400047302246,52.91,9.52,14.65,169.9,4.770168304443359,210.32,0.0,9.25,76.7,4.784198760986328,276.15,11.35,15.85,128.3,4.768388509750366,311.57,0.32,17.46,144.3,4.779136419296265,4.48,11.08,14.7,142.0,4.77630090713501,318.69,0.0,12.69,95.9,4.773125648498535,94.22,11.99,14.66,128.2,4.761084794998169,88.07,0.78,15.34,154.1,4.772351264953613,33.84,0.0,10.71,132.6,4.780118942260742,356.31,3.81,15.48,174.9,4.78849196434021,210.76,0.84,14.72,159.4,4.790266990661621,174.9,0.0,10.78,116.3,4.810752630233765,,,,,,,,,,
146.6,2.41,0.01,0.2,4.415806531906128,161.19,2.54,2.25,22.6,4.554592847824097,161.02,7.8,8.8,87.5,4.559587001800537,90.62,3.73,11.14,86.9,4.62631630897522,33.31,8.9,8.58,109.7,4.703754186630249,57.74,0.0,13.59,141.8,4.6847569942474365,344.97,2.44,12.12,56.8,4.709062576293945,19.07,0.0,8.65,70.8,4.703409910202026,151.26,11.58,15.17,139.6,4.7119622230529785,149.15,4.29,10.09,121.4,4.706135988235474,155.57,11.54,12.46,107.5,4.719152212142944,307.35,0.65,7.05,97.1,4.705158233642578,102.66,11.6,9.46,129.1,4.709931373596191,192.13,1.36,14.85,120.3,4.734076023101807,117.77,11.92,11.07,103.1,4.69263482093811,50.8,0.0,10.16,75.2,4.738588809967041,212.34,0.0,14.38,171.1,4.739983320236206,329.77,2.84,14.08,95.8,4.735591650009155,214.28,0.14,15.56,92.3,4.740372180938721,195.47,4.9,16.57,147.2,4.755382537841797,142.29,11.6,10.35,151.9,4.784424543380737,54.05,0.0,13.36,159.0,4.785051584243774,5.63,11.7,10.59,174.3,4.799258708953857,300.06,0.78,17.88,101.4,4.802078008651733,99.58,0.0,16.16,112.0,4.8128039836883545,146.69,0.61,15.55,72.1,4.7955482006073,180.62,9.34,14.32,137.9,4.802982568740845,232.29,0.0,12.17,96.8,4.800657272338867,182.99,0.2,15.03,151.1,4.801507234573364,306.04,0.0,16.86,86.9,4.785389423370361,299.36,8.35,13.92,163.6,4.798792839050293,240.38,4.9,15.59,144.4,4.803208112716675,193.01,0.0,11.92,148.1,4.813676834106445,42.1,9.29,15.62,157.9,4.814527988433838,0.53,0.17,17.44,190.4,4.8383612632751465,,,,,,,,,,
146.6,0.0,-0.03,0.1,4.443808078765869,161.19,9.08,2.27,22.6,4.578933000564575,161.02,2.02,8.8,84.2,4.585812568664551,84.11,0.0,5.24,122.3,4.647268772125244,21.45,6.16,12.43,94.3,4.728637933731079,40.34,4.72,11.01,114.5,4.708942174911499,323.0,0.0,16.01,83.4,4.733536958694458,354.02,2.98,7.14,122.7,4.732536315917969,115.75,0.0,10.74,54.2,4.737410306930542,109.25,0.0,6.43,97.1,4.727983713150024,107.75,1.92,9.07,170.9,4.743542909622192,259.54,12.22,15.88,79.8,4.728524446487427,44.91,2.01,6.11,91.6,4.733440399169922,129.73,8.7,15.94,140.7,4.758168458938599,45.88,2.91,8.12,102.0,4.717057228088379,341.46,7.17,17.55,177.8,4.759434700012207,134.91,11.61,16.94,155.4,4.767587184906006,248.82,5.22,11.74,156.4,4.764218091964722,129.9,11.71,10.63,90.3,4.769158840179443,102.22,0.0,14.23,140.2,4.784112930297852,37.79,0.6,11.24,60.0,4.812917470932007,311.57,12.75,12.78,155.1,4.809828042984009,259.45,1.79,14.89,113.6,4.82378888130188,185.19,3.08,16.96,130.5,4.826945066452026,341.28,11.53,12.83,132.3,4.8409528732299805,23.73,0.0,16.55,159.3,4.820114374160767,48.96,0.86,15.3,94.0,4.826971769332886,102.48,0.25,15.56,159.4,4.828591823577881,42.36,9.7,14.16,133.3,4.825772047042847,164.27,0.71,13.8,156.8,4.813215017318726,147.04,0.0,11.49,105.0,4.827699184417725,83.58,5.09,15.66,144.0,4.83084774017334,29.53,5.27,16.44,184.5,4.841021537780762,238.97,1.52,16.01,142.1,4.841522932052612,198.63,10.5,16.78,179.7,4.862751245498657,,,,,,,,,,
146.6,0.92,0.02,0.2,4.467809677124023,161.19,2.16,2.25,20.8,4.602851152420044,161.02,0.0,8.07,87.9,4.615453481674194,77.34,1.01,12.17,80.5,4.675641775131226,9.76,2.17,4.85,87.2,4.75302791595459,22.76,4.24,8.53,125.0,4.73267126083374,301.82,12.36,16.5,88.8,4.76359224319458,326.69,9.06,11.7,189.5,4.756770133972168,82.44,0.34,13.77,67.8,4.759942531585693,72.07,0.84,7.43,65.9,4.7553465366363525,62.4,0.0,13.64,123.1,4.770941019058228,207.86,2.9,11.08,92.4,4.7571892738342285,353.23,0.0,10.36,183.0,4.758562088012695,66.18,2.0,12.6,94.3,4.787746906280518,342.07,0.0,10.47,156.7,4.74530553817749,268.15,3.74,10.4,107.9,4.791134595870972,51.94,2.26,15.02,151.4,4.796534299850464,166.11,0.0,7.84,87.5,4.788611888885498,39.73,2.46,10.6,157.1,4.79170036315918,6.24,3.12,10.22,172.9,4.808345079421997,304.89,0.12,15.21,158.8,4.837043046951294,202.76,0.0,15.77,89.6,4.837458848953247,150.29,0.32,18.38,126.1,4.848881244659424,69.96,8.68,12.47,144.2,4.855249643325806,215.07,1.36,15.89,90.2,4.865146398544312,261.91,12.4,18.55,133.9,4.848635196685791,287.58,0.0,13.01,148.4,4.8574934005737305,323.96,10.03,14.19,141.0,4.858090400695801,264.99,1.66,14.23,131.7,4.856044292449951,16.61,11.88,16.3,151.9,4.844882726669312,353.06,1.17,16.24,152.3,4.849821090698242,289.69,0.0,11.1,130.6,4.855019569396973,232.21,4.92,15.51,185.5,4.86653995513916,71.02,0.11,19.52,169.9,4.865664482116699,17.75,1.82,17.06,100.7,4.891229152679443,,,,,,,,,,
146.6,10.63,0.02,0.4,4.491843223571777,161.19,0.0,2.0,21.3,4.630854606628418,161.02,2.92,8.8,87.9,4.639688014984131,70.75,12.52,15.58,109.3,4.70339560508728,0.0,0.0,8.12,104.3,4.777031660079956,6.33,0.0,13.64,71.5,4.757365465164185,279.67,2.86,11.82,85.2,4.787755966186523,297.69,0.0,4.38,124.4,4.784326553344727,49.75,7.14,12.03,68.5,4.783308029174805,36.3,12.0,8.37,150.6,4.77992844581604,17.49,3.61,13.52,105.4,4.795105934143066,158.64,0.0,15.22,72.5,4.78107476234436,295.58,9.47,9.45,141.2,4.788295269012451,6.94,0.0,14.2,68.9,4.806444406509399,273.78,12.47,11.94,69.0,4.769418001174927,195.12,0.0,11.69,69.1,4.8163001537323,335.74,0.11,13.65,133.9,4.820058107376099,89.91,0.52,10.75,138.6,4.814107894897461,313.33,0.0,15.49,150.1,4.814871549606323,278.79,6.42,11.04,159.8,4.836294412612915,205.93,11.04,11.68,172.6,4.865112066268921,102.3,0.82,9.81,170.8,4.862010478973389,39.38,11.08,12.03,115.8,4.876700162887573,317.37,0.0,14.98,116.5,4.880021572113037,99.67,0.04,12.62,132.3,4.893285036087036,131.75,0.0,13.73,89.3,4.8734962940216064,156.18,10.78,14.46,153.5,4.88600492477417,183.25,0.0,8.51,133.6,4.880765438079834,123.93,1.4,13.93,148.6,4.880247592926025,228.43,1.49,17.03,114.5,4.869379997253418,199.25,6.26,15.47,144.2,4.8782830238342285,133.33,3.94,17.19,150.7,4.8870062828063965,69.08,0.0,9.98,134.1,4.891903400421143,266.84,10.8,18.29,168.5,4.894245624542236,208.74,0.71,17.67,171.2,4.916321516036987,,,,,,,,,,
146.6,6.01,0.03,0.2,4.515865325927734,161.19,2.74,2.24,22.5,4.658956050872803,161.02,7.97,8.78,88.1,4.665017604827881,63.46,2.47,10.27,94.5,4.727697610855103,348.49,3.37,16.94,107.7,4.8019068241119385,350.6,0.84,5.62,105.8,4.781709909439087,257.43,0.0,14.2,95.3,4.810090065002441,270.35,3.23,11.76,120.9,4.809291839599609,17.58,6.31,12.9,129.3,4.811551570892334,356.48,2.65,15.99,57.6,4.804007291793823,332.67,2.74,6.75,141.3,4.82091212272644,109.07,7.72,6.68,120.3,4.80556845664978,240.21,5.02,16.29,82.9,4.809996604919434,311.22,3.75,17.09,90.5,4.837011337280273,205.66,2.49,10.12,123.9,4.796681880950928,125.42,7.86,18.81,161.0,4.844436407089233,256.99,9.0,10.82,113.6,4.85209584236145,7.65,11.58,13.38,121.6,4.840139865875244,223.51,12.16,10.32,139.3,4.843619346618652,184.66,0.0,8.26,142.8,4.860866785049439,103.36,0.0,10.95,97.4,4.8916566371917725,0.09,4.53,17.62,100.9,4.883817911148071,288.37,0.0,7.38,96.4,4.905689001083374,201.88,3.04,14.62,174.1,4.908792734146118,341.28,10.87,12.67,150.0,4.917060613632202,9.23,0.0,11.72,134.4,4.901601076126099,20.57,2.03,12.81,119.8,4.908018350601196,52.65,0.39,16.65,160.8,4.907574653625488,341.37,9.82,13.37,155.9,4.909525156021118,83.06,1.43,15.88,131.5,4.895922183990479,47.2,0.0,9.61,110.4,4.905865669250488,332.84,4.49,15.83,181.5,4.911821126937866,276.94,2.57,15.92,158.8,4.916597604751587,92.9,0.1,15.2,97.9,4.920280456542969,35.42,9.56,17.58,192.5,4.944324016571045,,,,,,,,,,
146.6,2.12,0.01,0.1,4.539855241775513,161.19,7.8,2.26,22.6,4.682933807373047,161.02,2.51,8.75,55.0,4.688537120819092,56.6,0.0,6.75,83.6,4.753354072570801,336.36,6.74,16.96,72.5,4.828840970993042,333.37,12.61,11.15,83.1,4.809715747833252,235.81,2.77,14.58,83.3,4.841796875,241.26,8.52,7.12,122.2,4.837587118148804,344.18,0.0,8.57,164.8,4.839520215988159,318.43,0.0,8.39,102.9,4.831970691680908,287.93,0.0,5.23,116.3,4.850277662277222,58.45,6.94,12.42,70.4,4.829477548599243,185.8,0.0,10.97,157.1,4.841886043548584,250.4,5.94,14.2,109.9,4.86125636100769,138.6,0.0,14.6,192.7,4.824984788894653,51.33,4.82,7.81,122.0,4.8690879344940186,178.24,0.0,10.19,66.1,4.876866102218628,286.88,0.0,16.94,90.6,4.864800930023193,132.63,1.25,14.97,98.7,4.875911712646484,94.13,1.15,10.47,129.0,4.884343147277832,6.15,0.0,9.63,126.8,4.917343378067017,262.53,4.06,11.17,182.6,4.915888071060181,186.42,0.02,14.48,156.4,4.928743124008179,87.1,8.14,14.42,144.8,4.933139085769653,214.89,0.0,11.19,92.4,4.945914268493652,251.72,9.17,14.36,180.2,4.926662921905518,252.6,0.51,16.23,160.4,4.937300443649292,280.28,9.4,13.19,150.7,4.9364118576049805,199.86,0.46,14.38,105.6,4.93085789680481,298.83,9.7,17.06,176.8,4.920685768127441,263.76,1.3,17.0,177.7,4.934743165969849,175.87,0.0,13.0,151.7,4.940232276916504,114.7,6.11,18.97,165.6,4.948669672012329,294.96,0.24,16.01,151.0,4.950140237808228,226.05,1.69,16.53,119.8,4.967879772186279,,,,,,,,,,
146.6,0.0,0.02,0.2,4.5666491985321045,161.19,2.27,2.25,22.4,4.706932306289673,161.02,0.0,7.47,86.6,4.712628602981567,50.63,0.83,6.91,87.0,4.775485038757324,324.4,0.0,5.22,114.0,4.8537962436676025,315.44,1.84,8.8,140.8,4.836522579193115,214.89,4.76,15.24,106.9,4.86621356010437,214.1,0.0,11.64,126.2,4.863709211349487,310.96,3.08,12.22,66.3,4.86358642578125,279.4,9.72,6.07,100.2,4.85707950592041,242.75,2.82,11.34,202.7,4.8724892139434814,10.02,1.28,15.69,64.3,4.861448764801025,129.64,3.72,12.0,191.8,4.865697145462036,187.65,0.0,9.85,106.5,4.890092372894287,70.49,8.61,19.15,92.3,4.848697662353516,342.95,0.0,7.46,74.6,4.893557786941528,103.1,0.44,9.26,90.1,4.899816989898682,206.89,0.17,9.42,107.1,4.890024185180664,45.53,0.1,16.99,115.4,4.900120258331299,2.2,10.59,14.24,94.2,4.912651062011719,277.29,8.89,17.24,139.5,4.945444583892822,158.12,0.0,14.98,102.1,4.939632892608643,77.87,11.46,12.31,171.6,4.957344770431519,334.16,0.0,8.05,124.5,4.961693525314331,99.58,0.13,11.07,184.2,4.971804857254028,126.65,2.96,14.45,167.7,4.95502519607544,123.66,8.54,14.51,137.3,4.964128255844116,144.32,0.42,13.96,110.5,4.964920520782471,59.94,2.59,13.15,154.0,4.962697982788086,152.4,0.83,13.89,93.7,4.951336145401001,112.15,9.09,14.87,134.2,4.956717014312744,16.7,4.19,16.39,146.5,4.965160369873047,309.9,0.0,11.67,148.0,4.969869375228882,127.79,10.36,16.78,148.3,4.9755470752716064,52.65,0.38,17.54,158.3,4.995912790298462,,,,,,,,,,
146.6,3.0,0.01,0.2,4.591159343719482,161.19,0.0,1.79,22.4,4.73093843460083,161.02,3.04,8.77,87.3,4.736200571060181,44.12,11.98,10.72,89.1,4.799969911575317,311.92,3.15,6.75,154.8,4.877050399780273,298.04,0.0,11.78,81.0,4.861982107162476,192.66,0.0,12.51,85.2,4.894157409667969,185.54,3.04,8.28,147.8,4.889250993728638,277.91,7.86,7.12,66.4,4.891486644744873,240.64,4.22,10.17,175.4,4.885488748550415,196.88,5.76,6.59,76.0,4.895714998245239,321.77,0.46,8.56,158.4,4.885822534561157,72.51,5.8,10.92,133.6,4.895381927490234,128.14,3.87,10.75,173.1,4.913973569869995,5.71,6.09,17.16,111.9,4.873563528060913,274.83,2.63,15.01,177.3,4.921045064926148,29.62,5.09,7.56,86.5,4.925907611846924,127.09,12.24,15.33,150.9,4.9182209968566895,319.13,11.11,8.73,117.7,4.928410291671753,274.39,1.86,14.43,64.5,4.939313650131226,178.42,2.87,12.73,168.8,4.970845460891724,52.12,7.41,13.3,124.5,4.967690467834473,325.55,1.98,15.56,60.1,4.980671644210815,223.24,0.93,14.67,129.3,4.986667156219482,341.46,10.27,16.37,111.1,4.998593807220459,0.0,0.0,11.32,148.5,4.977572679519653,350.07,0.0,11.59,99.3,4.992039203643799,7.21,0.11,11.99,169.2,4.988755702972412,281.6,8.73,15.98,172.6,4.986954212188721,9.67,0.0,12.43,170.9,4.975813627243042,317.46,0.0,9.27,109.7,4.987494945526123,224.12,3.44,14.39,157.4,4.993548393249512,146.95,4.74,14.74,188.6,5.001819372177124,310.17,0.0,18.12,127.4,5.003424406051636,243.37,9.44,16.45,173.2,5.020103216171265,,,,,,,,,,
146.6,10.24,0.04,0.3,4.615732908248901,161.19,2.61,2.25,22.3,4.75510835647583,161.02,8.95,8.79,87.5,4.760377645492554,36.74,3.81,6.44,119.6,4.82517147064209,299.71,10.19,8.38,126.1,4.904949903488159,280.9,11.54,7.86,166.0,4.887126207351685,171.3,3.04,14.78,78.0,4.9193925857543945,158.55,9.69,10.86,145.7,4.914658308029175,245.57,2.14,7.46,66.0,4.91735315322876,201.09,0.0,15.17,56.2,4.9072041511535645,155.04,0.0,6.45,102.0,4.928317070007324,271.58,10.99,8.03,175.3,4.914765119552612,16.44,0.0,9.59,89.1,4.919083118438721,63.98,6.75,6.63,110.8,4.937578439712524,302.61,0.0,6.94,58.8,4.901090621948242,201.97,7.57,8.48,110.6,4.94636607170105,318.78,6.28,7.63,68.3,4.948538303375244,40.17,1.9,7.63,94.8,4.943925857543945,229.75,2.04,12.22,97.4,4.952320575714111,184.75,0.33,18.03,95.0,4.964856386184692,78.84,0.0,13.73,98.1,4.994575262069702,310.43,3.34,15.38,103.1,4.992484092712402,219.55,0.15,12.15,170.5,5.008569002151489,108.46,9.11,10.29,126.4,5.014013051986694,215.16,0.0,14.63,80.5,5.023200750350952,242.31,5.07,13.94,140.4,5.00155234336853,223.86,0.38,13.92,136.8,5.016619920730591,240.64,10.72,17.38,154.0,5.01206374168396,141.5,0.0,13.8,98.0,5.014940500259399,233.88,12.03,13.57,156.6,5.00062894821167,170.51,1.6,17.82,155.8,5.012479305267334,66.8,0.0,9.86,139.4,5.018245220184326,342.69,3.84,16.49,153.2,5.026010036468506,143.26,3.6,16.16,166.3,5.031630516052246,69.35,2.25,17.25,173.7,5.052165508270264,,,,,,,,,,
146.6,4.22,0.01,0.2,4.63646936416626,161.19,8.32,2.28,22.6,4.7791831493377686,161.02,2.44,8.77,70.5,4.785102128982544,30.15,0.0,9.0,131.1,4.848272085189819,286.96,0.0,8.07,99.1,4.933182239532471,262.97,2.7,11.76,79.2,4.917787313461304,150.21,5.9,6.37,112.2,4.943453073501587,130.52,0.0,6.96,85.0,4.941882610321045,214.54,0.0,12.88,109.8,4.939975023269653,162.86,3.31,11.44,114.4,4.939690589904785,110.74,1.16,14.96,87.4,4.952620506286621,219.46,2.12,17.63,70.8,4.9386303424835205,325.37,2.2,11.81,88.3,4.944517374038696,5.01,2.48,15.76,116.5,4.961402416229248,238.97,1.78,6.86,109.8,4.925683498382568,132.45,0.0,11.42,51.8,4.970379829406738,246.01,0.0,7.19,49.4,4.972558975219727,325.28,0.0,13.47,181.4,4.97386360168457,144.93,0.0,18.0,126.0,4.981584310531616,94.04,10.91,13.59,186.6,4.993401527404785,345.5,7.96,15.61,152.9,5.023274421691895,205.05,0.0,11.91,174.4,5.022815942764282,110.04,9.97,14.95,134.3,5.036414861679077,351.39,0.0,8.32,130.9,5.037529468536377,99.4,0.0,11.44,166.1,5.054298400878906,116.81,3.87,17.67,158.6,5.030317783355713,93.96,9.73,15.77,136.4,5.045846939086914,100.46,0.0,13.77,108.6,5.040583610534668,3.96,0.0,12.56,137.5,5.039667367935181,81.39,2.54,14.16,146.2,5.029009103775024,16.44,10.21,14.67,135.4,5.040808439254761,279.67,3.02,16.06,149.0,5.046743154525757,179.21,0.0,14.31,147.3,5.054764747619629,332.23,6.35,16.33,165.0,5.06010365486145,259.98,0.05,15.62,160.8,5.076529264450073,,,,,,,,,,
146.6,0.0,0.01,0.0,4.660999774932861,161.19,2.44,2.26,15.7,4.803167343139648,161.02,0.0,8.16,86.5,4.809393405914307,23.29,0.7,17.82,155.8,4.87688684463501,275.1,0.0,10.31,81.5,4.961769819259644,245.92,0.0,13.22,127.4,4.942611455917358,129.55,0.0,4.97,121.4,4.971053838729858,103.97,0.3,12.18,98.3,4.969942808151245,180.35,11.33,15.32,72.9,4.969690561294556,123.4,3.45,9.67,156.7,4.963657140731812,66.09,11.78,9.62,72.4,4.97762942314148,170.24,0.0,12.58,150.0,4.962939739227295,269.91,10.77,13.87,183.9,4.9733171463012695,306.39,0.0,16.78,141.2,4.993067264556885,174.73,11.06,9.92,174.8,4.953752517700195,61.52,0.15,13.81,173.0,4.999322891235352,173.94,0.0,10.15,86.9,5.0010364055633545,241.17,10.91,10.83,93.5,4.99712872505188,55.81,11.9,11.06,108.1,5.005320310592651,358.68,2.26,18.52,137.9,5.018260478973389,245.83,3.84,10.18,108.0,5.051066637039185,100.72,11.67,16.94,128.5,5.051477909088135,0.0,3.05,18.08,142.4,5.06066370010376,240.12,3.12,18.33,138.2,5.066711187362671,341.54,9.69,12.53,134.1,5.077708959579468,349.19,0.0,16.79,136.2,5.059602499008179,326.07,1.43,14.55,97.6,5.070086479187012,321.94,1.9,15.18,165.9,5.069283723831177,233.53,11.45,14.82,151.1,5.069458484649658,298.13,0.0,14.76,177.5,5.053004503250122,223.15,0.0,12.29,125.0,5.068883895874023,121.9,4.59,15.23,148.7,5.071294069290161,15.21,3.18,15.63,182.1,5.07804274559021,164.53,0.0,10.22,153.2,5.083492279052734,86.57,10.15,17.73,174.1,5.105879545211792,,,,,,,,,,
146.6,0.0,0.0,0.2,4.685702800750732,161.19,0.0,1.92,22.1,4.831145763397217,161.02,2.21,8.73,87.9,4.837337732315064,16.0,10.77,7.3,97.4,4.904411315917969,263.06,12.08,10.97,94.7,4.986361026763916,227.81,10.28,8.38,91.9,4.970771789550781,107.84,0.61,9.77,161.0,4.997659921646118,76.29,9.2,7.04,138.7,4.99515700340271,146.95,2.53,15.41,114.9,4.994121551513672,84.55,0.0,7.19,144.6,4.987548589706421,22.32,3.22,10.14,200.9,5.005984783172607,118.92,11.05,16.4,90.8,4.990950584411621,210.5,0.0,17.76,61.3,4.997859239578247,243.46,10.2,15.36,134.0,5.017998695373535,106.79,0.0,14.26,93.0,4.978127479553223,349.63,10.7,7.78,90.8,5.025419473648071,98.79,9.16,11.6,83.9,5.026471376419067,158.91,3.01,17.99,187.1,5.025936603546143,325.37,1.48,16.95,109.8,5.034339189529419,263.23,0.15,17.92,88.6,5.04633092880249,147.04,0.0,13.64,130.6,5.07536768913269,350.24,1.79,11.5,157.8,5.072204828262329,255.94,0.0,14.24,179.3,5.088821649551392,125.77,8.43,13.22,144.1,5.091008186340332,219.2,1.16,12.64,97.8,5.106989860534668,222.71,12.44,16.62,142.2,5.086543798446655,199.78,0.0,14.18,162.8,5.099154710769653,187.03,6.12,15.32,142.1,5.093524217605591,87.89,2.27,13.29,161.7,5.091111660003662,151.35,11.86,16.38,143.8,5.082025051116943,70.49,1.65,15.6,173.0,5.093353986740112,322.65,0.0,11.44,165.4,5.100139379501343,217.44,3.02,15.1,143.7,5.106275320053101,354.29,2.36,14.77,171.9,5.111352920532227,270.44,0.0,16.85,108.0,5.129552364349365,,,,,,,,,,
146.6,3.09,0.03,0.2,4.709481954574585,161.19,2.69,2.25,22.4,4.855518341064453,161.02,10.08,8.78,87.7,4.865679979324341,9.14,3.09,6.71,115.0,4.929505348205566,250.58,2.82,13.46,100.0,5.014495134353638,210.85,4.02,16.17,83.5,4.9945361614227295,85.69,12.05,17.28,62.4,5.019394874572754,48.96,5.97,19.07,86.5,5.017582654953003,113.38,0.0,13.08,66.6,5.021639823913574,46.67,0.47,14.11,158.6,5.011804103851318,337.94,0.0,19.25,64.9,5.030411005020142,66.36,2.32,11.69,63.9,5.0158531665802,156.36,0.33,8.8,164.3,5.02193808555603,178.42,0.0,10.18,52.0,5.04601788520813,40.34,0.0,14.57,152.3,5.004085302352905,279.32,2.52,12.14,82.8,5.048216819763184,25.22,6.41,9.61,129.5,5.04993200302124,75.59,0.0,8.79,108.0,5.050377130508423,236.16,0.42,14.33,84.5,5.060333013534546,173.06,11.11,17.48,128.7,5.074948072433472,47.2,6.8,10.66,190.1,5.103264331817627,244.86,0.3,16.77,133.6,5.104742050170898,147.22,11.14,11.99,150.0,5.116766691207886,8.0,2.44,11.56,121.6,5.116610050201416,104.33,0.0,13.51,115.4,5.132003545761108,92.81,2.39,15.61,135.6,5.111717462539673,70.05,11.46,14.09,161.1,5.120836496353149,50.27,0.0,10.55,83.3,5.118809461593628,310.43,0.0,14.81,137.1,5.12062406539917,358.15,0.0,14.45,96.2,5.109905004501343,281.6,7.88,13.63,138.9,5.116653203964233,164.97,4.23,18.48,168.0,5.123490810394287,54.93,0.0,10.42,155.0,5.13057279586792,185.8,4.41,14.75,156.1,5.134709358215332,96.68,0.21,17.05,168.6,5.157979726791382,,,,,,,,,,
146.6,12.2,0.03,0.3,4.733515739440918,161.19,8.99,2.26,22.5,4.883556365966797,161.02,2.08,8.79,53.0,4.890105724334717,2.64,0.0,4.07,47.1,4.950211048126221,238.36,0.01,9.68,69.9,5.038562774658203,193.89,0.0,7.84,144.4,5.019213914871216,64.51,2.88,10.92,109.2,5.051097869873047,22.15,0.02,7.87,101.0,5.043764591217041,79.8,8.46,14.32,65.0,5.048553228378296,7.21,11.26,12.12,170.7,5.040062427520752,293.55,6.06,15.79,116.9,5.054685354232788,17.49,0.0,15.47,112.4,5.04544734954834,101.78,10.19,13.8,73.1,5.050083160400391,118.48,0.51,15.48,82.5,5.074011564254761,333.46,12.26,7.12,96.2,5.031078338623047,208.83,0.0,12.1,163.1,5.076478481292725,311.92,0.0,7.34,78.2,5.076650619506836,357.45,7.94,17.36,143.4,5.078355312347412,150.82,11.65,10.76,129.3,5.085609436035156,75.59,2.11,17.32,127.1,5.099942445755005,310.08,3.26,10.88,123.0,5.130510091781616,140.01,9.71,12.28,129.5,5.132952690124512,32.08,2.18,9.84,181.0,5.143727540969849,261.65,0.38,14.21,117.2,5.145885229110718,340.93,10.83,14.39,185.1,5.159607887268066,329.77,0.0,16.87,145.7,5.138099670410156,296.46,0.09,18.05,96.4,5.149342060089111,283.18,1.63,13.61,159.3,5.147186756134033,168.93,9.24,16.69,174.5,5.143927335739136,215.16,0.28,14.69,131.9,5.13306450843811,129.46,0.0,9.35,115.3,5.146774530410767,6.33,5.79,17.72,152.6,5.152698755264282,256.46,5.35,14.97,136.1,5.158787965774536,16.35,0.0,12.28,121.7,5.167238473892212,287.58,10.02,15.17,163.7,5.185523748397827,,,,,,,,,,
146.6,4.51,0.02,0.2,4.757911205291748,161.19,2.69,2.25,21.7,4.907572507858276,161.02,0.0,8.4,87.7,4.914565801620483,356.31,0.07,10.65,92.9,4.97365403175354,227.02,9.14,15.49,118.4,5.063632965087891,177.28,4.49,12.52,104.9,5.04790997505188,42.45,0.0,15.48,94.0,5.0720508098602295,355.69,0.56,10.69,170.8,5.070152044296265,47.55,6.29,10.26,140.0,5.069894552230835,328.8,0.0,7.32,64.5,5.066206216812134,246.88,3.88,8.71,194.5,5.082744121551514,327.13,6.27,6.88,152.9,5.066883087158203,43.15,2.2,12.07,195.6,5.075083017349243,57.13,12.33,8.72,127.2,5.097462177276611,267.8,2.36,9.57,113.5,5.055892705917358,136.49,11.83,9.02,104.8,5.106926918029785,238.18,0.21,15.36,155.6,5.102083921432495,274.39,3.49,10.37,84.2,5.103857040405273,57.92,0.0,15.48,113.7,5.11363959312439,343.39,0.3,16.56,122.8,5.128166913986206,210.5,0.0,15.1,117.1,5.158836841583252,34.54,0.69,16.41,63.5,5.156402587890625,290.21,0.0,16.94,146.1,5.168989896774292,145.9,9.29,15.73,144.1,5.172479152679443,215.16,0.0,7.52,102.3,5.183793067932129,203.47,11.09,17.75,118.1,5.167395830154419,171.83,0.06,16.14,158.8,5.176670551300049,147.66,9.66,16.76,152.6,5.178048849105835,27.86,2.02,15.69,153.2,5.172957420349121,69.08,11.41,14.23,162.4,5.160852909088135,341.46,2.08,15.11,173.2,5.172282457351685,219.38,0.0,9.7,130.5,5.176850080490112,94.13,5.71,13.6,152.7,5.184674739837647,214.1,3.37,18.28,171.6,5.192046165466309,106.52,0.0,15.42,127.7,5.209578990936279,,,,,,,,,,
146.6,0.0,0.02,-0.6,4.781938791275024,161.19,0.0,1.96,21.9,4.931560039520264,161.02,3.0,8.77,87.8,4.938612461090088,349.54,11.86,9.41,110.5,4.999556303024292,214.45,3.1,17.32,146.0,5.092776775360107,159.87,5.33,11.77,162.5,5.073329210281372,21.18,2.85,7.79,146.6,5.099892854690552,326.69,8.9,7.66,168.5,5.095109939575195,13.89,0.0,5.48,50.9,5.097645282745361,291.27,0.0,8.62,141.5,5.089400291442871,203.03,0.0,7.39,159.6,5.1066436767578125,277.21,4.53,14.92,64.0,5.094283580780029,347.43,0.0,8.67,156.7,5.10408878326416,355.43,1.98,7.27,120.9,5.122358798980713,202.59,0.0,12.48,186.4,5.08367133140564,62.4,3.28,14.02,100.9,5.129120826721191,161.19,9.06,16.66,133.5,5.130200386047363,193.62,0.0,11.22,181.8,5.133058547973633,331.35,0.84,10.75,82.2,5.141594886779785,248.82,10.34,16.17,93.4,5.1507568359375,111.8,9.45,14.8,135.7,5.183675289154053,296.28,0.05,14.08,92.9,5.1824469566345215,180.18,11.37,15.44,161.6,5.19638204574585,29.97,2.17,15.29,102.7,5.196555614471436,99.84,0.5,17.44,137.9,5.213345527648926,73.39,0.62,18.06,94.2,5.191695690155029,39.46,11.71,17.77,136.9,5.205788373947144,10.63,0.17,14.67,88.6,5.1988160610198975,251.02,0.2,17.01,163.7,5.200069427490234,280.28,1.59,14.44,109.3,5.18886661529541,187.82,7.24,14.96,143.7,5.200233697891235,68.55,1.6,14.86,153.6,5.201785326004028,295.93,0.0,11.39,150.7,5.214682102203369,45.26,6.91,16.25,165.2,5.220450162887573,291.01,4.36,17.16,169.1,5.240469455718994,,,,,,,,,,
146.6,0.23,0.02,0.2,4.806000709533691,161.19,2.84,2.25,22.4,4.955671548843384,161.02,8.69,8.78,87.7,4.962523937225342,342.33,2.08,10.6,68.6,5.025333881378174,201.97,0.0,13.31,94.3,5.114060878753662,141.77,0.0,6.23,163.6,5.10141921043396,0.18,10.24,15.05,79.3,5.1241607666015625,299.62,2.13,11.28,113.4,5.125505685806274,343.83,0.49,12.17,107.5,5.12594485282898,252.6,7.18,7.24,75.1,5.115368604660034,159.52,3.03,9.61,202.1,5.135984659194946,227.29,0.0,8.84,74.9,5.118900060653687,292.15,11.31,11.65,90.2,5.128514289855957,294.87,0.0,12.31,70.7,5.149738788604736,135.35,11.77,14.13,127.7,5.114449977874756,351.39,0.0,12.78,154.5,5.157859563827515,81.65,1.89,17.78,140.9,5.151231527328491,111.45,8.34,8.14,73.7,5.1573591232299805,244.95,10.67,8.42,135.8,5.165482997894287,155.83,0.0,17.48,57.1,5.179906845092773,11.16,2.65,11.5,110.4,5.212604284286499,195.38,12.54,12.75,185.9,5.21129035949707,66.01,2.06,13.06,149.1,5.221341609954834,277.38,0.11,17.07,127.1,5.227315425872803,341.46,10.72,12.34,166.0,5.241865634918213,315.0,0.1,11.84,165.3,5.220002889633179,267.8,1.84,12.24,89.1,5.22984766960144,244.16,0.15,13.02,121.6,5.227215528488159,111.01,10.14,15.04,127.5,5.229426383972168,133.51,3.52,15.12,155.7,5.217526197433472,34.19,0.0,14.97,106.9,5.224733591079712,274.92,8.68,14.47,141.4,5.230140924453735,132.45,6.52,15.69,137.1,5.23971152305603,242.14,0.0,12.38,135.4,5.245166778564453,116.81,5.86,19.4,169.0,5.265193939208984,,,,,,,,,,
146.6,3.39,0.02,0.3,4.829991817474365,161.19,9.72,2.27,22.5,4.979728698730469,161.02,1.47,8.8,62.6,4.987177848815918,335.74,0.0,10.37,92.6,5.056011199951172,190.28,5.94,8.93,148.2,5.146245718002319,124.63,3.65,11.4,93.3,5.127458095550537,339.26,0.53,10.87,46.6,5.148629903793335,270.44,0.76,7.93,142.4,5.149859189987183,308.67,9.52,18.44,68.0,5.149875640869141,215.86,5.02,14.15,83.1,5.1419525146484375,115.66,6.4,9.97,65.6,5.160944223403931,180.09,0.84,17.31,114.0,5.146842002868652,235.02,2.27,18.32,69.3,5.157717943191528,233.88,9.4,16.26,62.4,5.177253723144531,63.46,2.53,8.04,90.6,5.137069225311279,277.73,11.74,7.41,108.5,5.18182897567749,4.92,0.0,14.44,154.1,5.180014610290527,33.57,7.59,12.69,153.7,5.1811363697052,156.62,1.94,15.04,81.4,5.19420337677002,64.42,0.04,14.5,177.4,5.202706813812256,274.66,0.0,14.88,110.1,5.237015724182129,86.84,2.56,11.38,113.1,5.233018636703491,318.78,0.15,11.13,181.6,5.2498698234558105,163.13,8.48,16.6,120.0,5.252259731292725,214.89,0.0,12.13,121.6,5.264308214187622,189.05,10.36,12.82,149.3,5.249036312103272,142.29,0.35,14.55,138.5,5.258641242980957,109.51,10.24,16.36,146.4,5.2561023235321045,322.21,0.0,15.51,102.2,5.256770849227905,344.62,7.42,15.81,165.8,5.246342897415161,246.45,2.37,16.52,153.1,5.253936767578125,118.12,0.0,9.3,94.4,5.253562688827515,328.27,3.63,16.02,138.3,5.266959190368652,74.62,2.57,15.66,161.8,5.273817300796509,300.15,0.0,10.75,165.8,5.29383659362793,,,,,,,,,,
146.6,9.19,0.04,0.3,4.854701280593872,161.19,2.35,2.25,22.4,5.003780364990234,161.02,0.0,7.91,87.0,5.011569499969482,329.15,6.94,9.96,104.7,5.080451011657715,178.07,4.54,11.51,133.4,5.170033931732178,107.93,6.3,5.3,106.5,5.153434038162232,318.43,0.11,15.29,95.0,5.1780924797058105,242.84,10.24,10.43,168.7,5.177847146987915,276.24,2.13,7.17,69.4,5.174596548080444,177.54,0.0,6.96,59.8,5.167233467102051,72.69,0.89,10.62,42.3,5.186183214187622,128.58,6.66,6.66,131.7,5.170899629592896,180.26,0.0,9.84,127.0,5.182096242904663,173.67,3.48,14.07,137.0,5.205922365188599,2.02,0.0,9.7,52.4,5.157376289367676,204.08,2.24,9.23,89.5,5.209530591964722,291.97,11.72,17.46,172.0,5.208110332489014,312.36,0.0,6.2,86.4,5.2072155475616455,70.66,0.0,15.86,124.7,5.219090700149536,332.93,11.71,14.69,180.9,5.234899997711182,175.87,12.68,12.34,184.1,5.264082908630371,345.15,0.43,11.88,124.3,5.264378547668457,208.56,9.96,13.07,104.2,5.278143405914307,46.58,1.77,11.72,132.0,5.281152248382568,95.54,0.75,12.38,154.2,5.292734622955322,57.57,1.86,13.0,108.8,5.2725207805633545,10.02,11.9,15.94,137.0,5.282573699951172,325.72,0.0,15.29,90.8,5.280888319015503,181.76,3.59,12.8,147.8,5.281250476837158,197.84,0.0,7.75,111.3,5.27001953125,93.78,9.94,13.96,145.3,5.278451442718506,330.56,0.24,16.75,152.7,5.282531261444092,165.06,0.0,12.07,153.2,5.296771764755249,270.97,6.49,15.53,162.4,5.298577308654785,127.27,2.82,15.63,170.4,5.32209038734436,,,,,,,,,,
146.6,3.46,0.02,0.1,4.875122785568237,161.19,0.0,1.89,21.2,5.028836727142334,161.02,3.0,8.82,88.0,5.035870552062988,322.21,4.1,7.15,76.7,5.105073213577271,166.03,0.0,3.14,64.5,5.194102048873901,91.05,0.03,11.49,58.1,5.178549528121948,296.46,10.59,15.56,81.9,5.202527523040772,213.22,0.0,11.71,56.7,5.203977823257446,244.07,0.0,5.73,73.8,5.198163032531738,140.98,1.04,13.9,161.5,5.1935694217681885,29.62,0.0,8.73,162.2,5.210061550140381,78.31,1.86,10.31,131.5,5.19876503944397,125.86,6.37,13.66,118.6,5.210514307022095,111.09,0.0,14.18,174.9,5.229704856872559,304.1,0.54,11.83,66.8,5.183845281600952,137.55,0.0,14.35,152.5,5.237780809402466,209.88,0.92,14.33,114.9,5.236529588699341,234.84,1.22,14.44,186.4,5.235386848449707,344.27,10.98,8.11,108.0,5.246440410614014,234.14,0.79,18.73,62.5,5.259279727935791,72.6,2.76,9.62,152.2,5.290193796157837,238.8,10.48,13.95,155.7,5.292325973510742,98.96,2.42,13.77,171.8,5.301882266998291,294.61,0.33,16.62,166.9,5.305677175521851,336.18,8.16,17.66,116.8,5.320206165313721,295.58,2.52,11.64,185.8,5.300843238830566,238.18,1.64,12.32,109.5,5.310115575790405,195.38,0.73,13.63,163.0,5.308767318725586,40.25,7.95,14.61,144.4,5.309947729110718,55.9,0.11,15.54,172.8,5.293495178222656,305.24,0.0,12.95,97.9,5.3070056438446045,172.88,9.8,15.52,177.0,5.309160709381104,1.41,4.31,16.03,153.5,5.3215086460113525,102.74,0.0,10.49,139.3,5.326040267944336,310.43,4.14,17.24,157.5,5.347209692001343,,,,,,,,,,
146.6,0.0,0.01,0.6,4.899366617202759,161.19,2.97,2.25,22.4,5.053382873535156,161.02,7.3,8.78,88.2,5.062510251998901,316.05,0.0,5.56,76.0,5.128582954406738,154.86,3.01,10.97,66.7,5.222671031951904,74.0,0.0,16.75,76.0,5.2020957469940186,273.96,2.15,10.31,107.5,5.2309486865997314,185.98,0.8,12.64,78.2,5.226067781448364,212.34,3.46,15.17,109.8,5.228652477264404,101.07,9.41,7.32,66.3,5.217935800552368,346.82,5.67,8.8,93.9,5.234689950942993,27.51,0.0,11.63,87.4,5.225913763046265,68.38,3.11,15.91,153.2,5.235501766204834,47.64,3.81,11.28,151.7,5.258516311645508,237.83,11.64,7.49,101.7,5.210080146789551,64.07,2.98,6.86,86.2,5.261153221130371,132.19,0.46,14.48,139.6,5.264432430267334,152.75,8.56,8.2,76.7,5.258668184280396,254.36,2.1,14.23,85.0,5.271468162536621,145.11,0.88,19.0,144.2,5.288365364074707,339.43,0.0,17.57,103.6,5.316795587539673,131.31,0.0,9.23,103.5,5.317671060562134,352.18,0.32,12.12,153.0,5.329952239990234,179.3,9.67,13.9,164.5,5.332632780075073,215.6,0.0,7.56,117.3,5.348254680633545,169.1,8.24,11.84,158.5,5.327913284301758,108.63,1.02,16.37,146.8,5.338327407836914,59.41,10.02,17.93,146.3,5.337675094604492,263.14,0.0,9.02,133.7,5.332808017730713,272.99,8.79,13.98,148.6,5.321664810180664,158.47,1.32,15.69,159.4,5.330520868301392,13.71,2.21,15.21,130.5,5.330472230911255,209.44,4.74,14.13,159.9,5.345890760421753,292.94,4.09,17.05,191.5,5.351115703582764,137.29,0.0,13.25,164.2,5.372262477874756,,,,,,,,,,
146.6,0.18,0.01,0.3,4.927346706390381,161.19,10.38,2.26,22.5,5.081397771835327,161.02,2.12,8.77,87.3,5.09101128578186,309.46,0.37,10.31,149.0,5.157804727554321,143.17,8.97,16.34,96.2,5.246759653091431,57.13,6.69,9.64,77.4,5.22773814201355,251.89,0.24,9.94,79.2,5.2556023597717285,159.26,9.72,14.1,124.1,5.254357576370239,179.47,5.07,18.45,124.4,5.251683235168457,63.46,2.95,7.79,168.5,5.246413230895996,304.01,6.7,19.29,146.5,5.262704610824585,338.99,9.98,16.91,68.5,5.248031377792358,12.57,0.0,4.32,98.2,5.259784698486328,345.94,4.38,8.79,179.5,5.28290605545044,170.6,2.31,9.88,117.2,5.233774900436401,357.54,8.67,18.72,169.4,5.286252498626709,52.56,11.07,11.78,105.6,5.28978705406189,75.59,3.41,12.48,152.2,5.284423351287842,168.93,0.0,15.08,96.1,5.2957799434661865,50.36,10.86,13.71,186.4,5.309877634048462,239.41,11.87,14.7,159.9,5.344814777374268,29.44,0.0,10.46,163.0,5.342048168182373,241.61,9.38,10.52,165.7,5.358295679092407,64.34,1.14,13.12,106.0,5.357529163360596,99.93,0.03,17.03,164.6,5.372958660125732,43.59,1.58,15.64,84.3,5.356561899185181,336.09,7.8,13.04,154.5,5.362225770950317,281.16,0.0,10.46,104.8,5.362493753433228,128.32,1.65,13.64,150.0,5.3609938621521,126.56,0.0,14.27,90.1,5.345562696456909,4.57,10.53,14.91,155.0,5.359866619110107,221.4,0.54,17.4,154.2,5.3624022006988525,47.11,0.0,12.45,122.4,5.374497175216675,124.45,4.49,15.97,190.5,5.379678010940552,320.98,8.15,17.02,171.9,5.396793603897095,,,,,,,,,,
146.6,2.67,0.01,0.3,4.951343774795532,161.19,1.8,2.24,17.6,5.109405755996704,161.02,0.0,8.08,87.7,5.114315986633301,301.99,10.03,14.49,79.6,5.185655117034912,131.75,0.0,13.3,97.1,5.273158073425293,40.87,9.04,8.75,154.3,5.252588987350464,231.42,8.7,14.03,78.0,5.279569625854492,130.61,0.0,18.44,66.3,5.281885862350464,145.46,0.0,5.45,107.2,5.279861688613892,25.58,0.0,8.22,76.5,5.267127990722656,257.7,0.0,11.52,98.8,5.286765813827515,288.98,2.61,7.2,111.7,5.275176048278809,321.5,3.38,8.55,109.4,5.283887624740601,285.38,0.0,6.14,120.0,5.308356285095215,105.21,0.16,18.83,142.6,5.26596736907959,283.97,0.0,6.65,91.2,5.309473991394043,332.67,0.0,8.4,63.2,5.314107179641724,353.32,0.0,8.95,106.6,5.313885927200317,83.67,6.34,11.48,82.4,5.320008993148804,314.03,0.0,18.45,88.9,5.339083671569824,136.93,1.58,11.06,141.3,5.370968341827393,287.31,9.22,14.76,92.4,5.369607448577881,132.98,1.05,14.01,66.4,5.3820319175720215,311.31,1.02,12.33,178.8,5.386952638626099,341.46,8.88,16.97,133.1,5.40184211730957,286.0,0.93,16.02,146.7,5.377471446990967,204.61,0.0,8.94,101.4,5.390127182006836,146.43,2.52,15.18,153.8,5.389897108078003,345.67,7.38,13.8,158.6,5.388795375823975,344.0,0.26,14.54,154.8,5.377314329147339,216.65,2.09,16.42,98.2,5.384389638900757,63.98,10.87,15.29,138.3,5.390852212905884,248.91,4.22,15.02,160.2,5.399322986602783,313.77,0.0,11.61,157.8,5.407330751419067,147.83,3.48,16.42,171.7,5.429447412490845,,,,,,,,,,
146.6,10.69,0.03,0.3,4.975779294967651,161.19,0.0,2.09,21.9,5.134289741516113,161.02,3.75,8.75,87.8,5.139847755432129,294.87,0.0,5.67,66.5,5.209923982620239,120.15,0.52,6.91,110.2,5.301867961883545,23.99,2.42,9.87,124.3,5.27876091003418,209.71,5.29,6.64,109.7,5.307955741882324,103.62,0.44,8.3,162.8,5.309788227081299,112.94,3.25,12.31,163.9,5.30372953414917,349.63,2.14,14.31,175.9,5.295517683029175,213.31,3.06,13.87,125.0,5.310847997665405,238.45,0.0,5.29,129.3,5.301081418991089,265.87,10.15,11.31,113.3,5.311911344528198,224.21,3.8,11.35,75.1,5.336811542510986,36.21,12.87,14.55,145.7,5.293937921524048,215.95,0.47,14.55,93.7,5.337076902389526,260.07,0.25,7.62,78.8,5.338221549987793,273.43,8.49,18.27,146.7,5.335237979888916,0.0,8.16,10.38,90.7,5.343458890914917,223.95,0.56,14.05,138.4,5.362362623214722,36.65,0.0,15.62,117.0,5.400045394897461,186.33,2.08,12.76,104.7,5.3938586711883545,25.4,0.0,13.7,107.7,5.407230138778687,195.82,8.8,15.39,166.1,5.412234783172607,219.81,0.0,12.53,106.4,5.424387216567993,160.4,9.79,13.78,146.9,5.407860994338989,79.28,0.06,15.4,144.3,5.418206691741943,8.7,9.03,17.78,162.8,5.413482427597046,203.82,0.0,8.25,108.0,5.416880130767822,196.26,10.17,14.27,144.7,5.405766487121582,71.28,0.0,13.1,152.0,5.408704996109009,264.55,0.12,15.37,94.3,5.4143548011779785,86.48,5.43,18.01,146.3,5.427385091781616,146.43,5.69,14.9,153.6,5.432263374328613,331.52,0.0,15.39,162.5,5.45703125,,,,,,,,,,
146.6,3.29,0.02,0.2,4.999891519546509,161.19,2.65,2.25,22.6,5.157501220703125,161.02,8.54,8.82,87.6,5.1649250984191895,288.28,0.04,4.61,50.4,5.235398054122925,108.19,11.93,7.29,66.5,5.324459075927734,7.56,0.0,11.85,121.5,5.3030266761779785,188.26,0.0,7.71,136.8,5.331080198287964,75.59,8.88,16.31,131.0,5.335059642791748,78.57,6.2,19.97,84.4,5.329374551773071,309.29,6.76,10.56,107.2,5.321031093597412,168.05,6.71,11.65,164.1,5.34154486656189,188.88,2.91,7.64,103.8,5.328635931015015,206.54,0.0,4.78,104.4,5.337428092956543,164.62,6.68,15.89,63.2,5.3619160652160645,327.48,1.96,6.94,79.7,5.318103790283203,146.87,11.42,14.64,186.1,5.366237640380859,186.86,7.82,9.82,76.7,5.3634021282196045,189.67,2.76,8.55,91.3,5.363038778305054,281.16,1.11,11.26,105.3,5.3751380443573,130.69,8.55,17.98,132.5,5.394885301589966,299.79,9.48,12.45,122.0,5.421040058135986,82.35,0.0,11.79,175.2,5.422806978225708,279.58,10.57,13.88,134.0,5.436322450637817,81.3,0.0,11.98,75.0,5.4365174770355225,99.67,0.22,15.65,134.3,5.453758478164673,33.75,2.07,16.13,138.4,5.43466854095459,311.57,9.1,14.14,127.6,5.44683837890625,242.31,0.0,15.02,91.4,5.4373157024383545,69.52,0.2,12.78,155.3,5.440367698669434,43.15,0.0,17.12,106.4,5.429724931716919,281.69,12.04,14.64,158.9,5.436673879623413,114.17,0.09,15.2,145.5,5.4425225257873535,287.67,0.0,12.09,151.3,5.451941967010498,336.01,2.84,17.02,162.6,5.4609339237213135,156.88,11.88,17.44,180.5,5.485926151275635,,,,,,,,,,
146.6,0.0,0.03,0.2,5.025410175323486,161.19,7.49,2.27,22.6,5.181547403335571,161.02,2.16,8.79,54.8,5.187711477279663,281.6,4.12,8.93,107.6,5.257577419281006,96.42,3.17,14.47,90.1,5.348203420639038,351.21,4.08,8.84,111.5,5.328229904174805,167.26,2.82,9.53,169.2,5.358090400695801,46.93,3.74,13.19,74.9,5.357867479324341,46.49,0.72,19.91,87.3,5.358121156692505,268.42,0.0,8.4,77.1,5.346225500106812,122.43,0.0,6.77,87.4,5.363444566726685,139.83,6.86,11.53,90.8,5.352633953094482,152.14,1.07,17.39,79.0,5.36413836479187,104.33,0.0,15.56,76.3,5.386016607284546,263.94,0.0,11.27,140.4,5.343845844268799,69.87,0.2,6.9,57.8,5.389164686203003,114.96,5.98,7.69,76.0,5.389720678329468,113.91,0.0,7.8,141.0,5.391886472702026,191.69,1.19,16.0,162.7,5.400217771530151,35.16,1.66,14.84,144.9,5.419163942337036,200.65,0.03,14.76,97.2,5.451567649841309,338.91,12.12,12.59,119.3,5.452375173568726,165.41,0.0,10.55,118.3,5.466817140579224,333.19,0.21,15.78,114.3,5.46581506729126,341.37,9.99,11.92,119.9,5.480121374130249,271.05,0.24,17.81,145.2,5.462973594665527,180.35,0.0,13.56,81.8,5.470191240310669,112.94,0.35,14.21,135.5,5.467534780502319,291.45,8.26,14.93,142.6,5.465176105499268,260.33,1.18,14.44,153.0,5.458986520767212,124.45,1.88,17.58,99.0,5.466529130935669,314.03,8.76,14.68,164.9,5.466577291488648,125.86,2.93,15.45,181.1,5.480189800262451,168.57,0.0,16.03,181.0,5.485272169113159,335.39,1.87,17.47,114.9,5.50952935218811,,,,,,,,,,
146.6,0.09,0.01,0.2,5.050137758255005,161.19,2.2,2.25,22.4,5.20651388168335,161.02,0.0,6.88,87.2,5.211367845535278,274.66,4.26,10.79,130.3,5.286211967468262,84.46,0.0,9.82,141.9,5.372616767883301,334.07,5.67,13.41,81.1,5.35628604888916,146.43,8.36,7.81,140.5,5.383146047592163,20.74,0.0,4.47,107.8,5.383687496185303,14.15,0.0,15.59,121.8,5.381702661514282,231.68,1.46,13.64,183.9,5.373822927474976,79.89,2.22,15.94,89.5,5.390910863876343,89.91,0.0,10.22,81.6,5.380293846130371,97.47,10.38,8.55,137.4,5.389285326004028,43.59,0.42,9.72,161.5,5.4111058712005615,195.91,12.3,17.23,150.2,5.371213674545288,3.96,0.0,11.12,137.4,5.4177727699279785,41.22,0.0,11.41,55.2,5.416725873947144,32.7,1.12,16.18,144.0,5.413712739944458,103.97,7.69,10.32,85.1,5.427189350128174,303.22,0.44,15.27,127.2,5.447489500045776,105.12,0.23,17.31,113.8,5.478632211685181,229.92,0.0,13.51,87.7,5.474628448486328,55.72,0.15,12.98,153.9,5.49137282371521,217.62,9.99,17.11,114.8,5.492198705673218,219.38,0.0,10.7,122.2,5.508226156234741,145.9,8.27,17.33,115.0,5.487704277038574,55.02,0.0,14.13,135.6,5.496599912643433,334.86,8.8,15.77,154.7,5.497652053833008,151.17,0.0,13.28,114.6,5.492931842803955,114.17,8.28,15.27,168.7,5.481433153152466,335.13,0.0,14.5,132.9,5.489779233932495,156.36,0.0,17.21,96.1,5.494065523147583,320.36,4.98,18.58,165.4,5.504333019256592,358.24,11.79,16.64,161.1,5.514258861541748,160.84,0.87,16.08,178.6,5.537107229232788,,,,,,,,,,
146.6,2.94,0.02,0.3,5.069984674453735,161.19,0.0,1.9,22.4,5.2300896644592285,161.02,2.59,8.74,88.0,5.235352277755737,267.28,0.0,5.26,57.9,5.314646482467651,72.6,0.58,4.12,77.0,5.39992094039917,316.58,0.0,3.25,117.1,5.378498315811157,125.07,0.0,11.3,103.3,5.4110188484191895,353.85,3.31,12.24,187.6,5.410488843917847,341.54,11.11,10.48,75.9,5.409738063812256,191.16,9.43,10.71,68.9,5.401310443878174,37.09,12.54,11.72,119.5,5.420041084289551,40.61,0.0,9.37,97.9,5.400187730789185,41.31,2.04,13.97,74.1,5.415797710418701,344.27,12.02,6.59,111.2,5.439652442932129,125.77,1.44,7.59,50.7,5.395341873168945,295.66,4.53,8.5,103.8,5.441496133804321,328.45,0.41,13.44,106.1,5.442049980163574,312.28,6.87,9.32,127.4,5.44115686416626,16.35,2.0,10.18,82.0,5.451624870300293,209.0,9.95,15.24,124.1,5.472158908843994,5.01,6.32,13.17,165.5,5.502553939819336,129.9,0.33,15.8,121.3,5.502491235733032,308.06,10.01,13.83,167.2,5.536286354064941,102.66,1.6,11.59,85.5,5.516540050506592,99.14,1.17,14.16,145.1,5.5335986614227295,18.98,1.69,12.47,176.0,5.514678239822388,287.58,11.97,13.4,184.3,5.521795749664307,198.46,0.0,14.65,89.9,5.518859386444092,8.53,0.0,14.87,156.2,5.520442485809326,324.49,0.0,8.85,125.1,5.509902715682983,182.37,9.82,14.97,139.8,5.518567562103272,3.52,0.0,13.44,182.0,5.520450115203857,158.29,0.0,15.75,151.8,5.53467869758606,183.78,1.85,18.78,109.3,5.542181015014648,345.94,7.64,16.11,154.7,5.565118074417114,,,,,,,,,,
146.6,9.55,0.03,0.3,5.094085931777954,161.19,3.92,2.24,22.5,5.25775957107544,161.02,9.26,8.75,88.1,5.263265132904053,260.77,1.92,8.96,91.3,5.338003635406494,61.61,9.02,13.73,118.6,5.427732706069946,299.27,1.13,11.07,53.7,5.406007289886475,102.48,3.22,9.23,174.7,5.439218997955322,325.02,8.31,8.9,160.7,5.4357898235321045,307.18,2.15,19.81,80.9,5.437370300292969,153.72,0.0,8.83,85.5,5.4262895584106445,350.77,2.12,10.82,56.5,5.444071769714356,354.02,7.08,7.05,194.2,5.428431272506714,347.87,0.0,7.65,120.5,5.443910837173462,281.16,2.43,7.35,117.8,5.464189052581787,61.88,0.0,10.04,84.9,5.419279336929321,224.82,6.86,17.77,162.6,5.466886520385742,248.82,10.28,11.19,112.2,5.470316410064697,231.33,0.0,14.22,106.7,5.4696149826049805,294.35,0.0,8.95,148.0,5.475094795227051,115.4,0.0,10.12,74.7,5.500642538070679,271.76,2.64,15.86,96.7,5.531165599822998,23.47,11.73,15.72,151.3,5.52726674079895,193.8,0.0,9.34,74.3,5.543882131576538,350.07,0.51,11.2,141.3,5.546911716461182,341.02,9.43,16.99,160.4,5.5617835521698,256.64,0.58,11.73,166.1,5.538363933563232,152.49,0.0,15.91,87.8,5.547028064727783,68.29,0.0,13.59,137.6,5.5464582443237305,238.1,11.41,14.09,164.6,5.548751354217529,183.69,1.24,16.56,141.3,5.537226915359497,28.92,2.19,17.64,155.3,5.5424017906188965,217.27,10.76,16.87,156.2,5.549969434738159,353.5,8.11,16.06,183.7,5.560114145278931,14.06,0.33,16.55,152.2,5.56890606880188,171.04,0.0,13.8,109.0,5.593281030654907,,,,,,,,,,
146.6,3.79,0.02,0.2,5.118113994598389,161.19,8.28,2.26,22.6,5.281710147857666,161.02,2.77,8.75,80.6,5.287792444229126,253.92,11.53,9.82,101.6,5.36368727684021,49.13,3.7,7.1,159.9,5.453123331069946,282.04,9.13,7.41,160.0,5.434181928634644,80.24,11.17,11.04,117.5,5.46384596824646,297.77,0.0,7.24,88.0,5.46017599105835,274.57,0.0,10.51,120.9,5.461907625198364,116.54,0.0,13.16,95.2,5.450465679168701,306.39,0.44,14.79,67.7,5.471871376037598,303.84,4.19,11.07,161.3,5.4554877281188965,292.59,8.88,18.25,81.0,5.4683802127838135,220.52,0.0,11.27,92.0,5.492535591125488,358.24,6.57,9.87,111.7,5.449115037918091,152.67,0.0,8.67,108.2,5.496103763580322,167.78,0.0,8.64,80.6,5.494989156723023,149.15,0.69,9.55,118.8,5.493857383728027,207.6,12.22,16.12,153.5,5.503492832183838,23.64,0.38,15.38,154.8,5.524188041687012,176.66,0.0,8.76,165.0,5.556365728378296,278.26,1.17,17.49,58.5,5.553245067596436,92.64,0.0,15.75,115.7,5.568041563034058,234.05,9.18,16.53,136.1,5.572344064712524,219.55,0.59,13.34,113.5,5.584532976150513,131.22,9.65,13.01,151.1,5.567739725112915,25.14,0.0,16.72,153.8,5.577568292617798,295.93,11.15,11.76,179.3,5.574538707733154,92.46,0.58,15.26,98.1,5.572962760925293,36.12,9.52,13.39,157.6,5.565111875534058,241.0,0.01,14.1,154.2,5.569839239120483,53.35,2.27,15.0,167.8,5.575201034545898,190.46,3.26,15.26,190.1,5.58798360824585,212.08,10.15,15.93,150.0,5.595844507217407,356.84,2.46,17.62,169.5,5.621464967727661,,,,,,,,,,
146.6,0.0,0.01,-0.3,5.142140865325928,161.19,2.49,2.25,14.2,5.306176900863648,161.02,0.0,7.73,85.3,5.313154935836792,246.36,0.0,6.67,48.1,5.391445159912109,37.88,0.0,6.08,66.2,5.474067687988281,264.81,2.0,16.26,43.2,5.457911014556885,58.01,2.09,10.22,100.1,5.492278814315796,270.97,0.2,10.56,130.4,5.487705230712891,240.03,12.22,13.68,193.9,5.490658521652222,77.26,5.23,18.94,145.6,5.475432872772217,262.27,11.74,13.51,94.7,5.496644020080566,251.28,0.0,12.27,66.6,5.48401951789856,237.13,4.4,11.0,116.1,5.497482061386108,161.1,11.7,9.32,65.2,5.517136573791504,292.32,5.52,11.11,141.1,5.474409341812134,81.74,3.32,15.35,98.0,5.517974853515625,95.71,0.0,13.21,101.3,5.523477077484131,68.99,10.11,16.63,127.2,5.522276163101196,116.98,1.73,8.44,105.3,5.531308174133301,292.5,10.69,16.03,133.1,5.552619457244873,82.18,2.76,16.44,116.8,5.58019495010376,177.36,0.49,12.79,105.9,5.582016468048096,345.59,11.12,15.88,164.4,5.596975088119507,119.36,0.0,14.34,79.7,5.60004472732544,99.32,2.4,13.02,137.3,5.612567663192749,3.25,2.13,14.37,135.1,5.590873003005981,258.13,11.06,17.37,154.3,5.607049465179443,154.6,0.0,9.49,104.9,5.599166870117188,320.27,0.09,14.3,165.5,5.601115465164185,253.83,0.16,14.08,124.9,5.590041637420654,88.95,10.72,16.15,145.0,5.598258256912232,259.72,0.0,15.4,152.0,5.603860139846802,26.72,0.0,11.51,154.6,5.61695408821106,36.56,1.53,16.6,109.8,5.620363235473633,181.41,7.5,18.75,174.6,5.645464897155762,,,,,,,,,,
146.6,1.29,0.02,0.2,5.166112184524536,161.19,0.0,1.88,22.3,5.334169149398804,161.02,2.87,8.77,87.3,5.338018417358398,239.94,0.0,10.49,128.8,5.416088104248047,26.63,0.2,13.4,146.7,5.502485513687134,247.68,0.57,9.93,172.9,5.483579397201538,36.12,0.26,10.93,106.4,5.518088340759277,242.4,10.95,12.56,97.1,5.516251802444458,205.22,0.0,13.6,71.6,5.519212961196899,37.88,4.79,11.11,112.4,5.502789735794067,216.65,2.45,10.84,53.0,5.524261713027954,201.62,4.16,11.78,156.8,5.506791830062866,180.53,0.0,10.27,139.7,5.520512580871582,100.99,3.4,14.65,116.0,5.545801401138306,223.68,0.0,13.28,108.8,5.50276255607605,12.57,11.78,9.52,133.4,5.545365333557129,19.69,9.44,12.89,96.1,5.548224687576294,344.44,0.0,8.68,92.6,5.546403169631958,29.53,0.0,8.74,152.8,5.559096813201904,194.59,0.0,15.03,93.1,5.579340219497681,344.09,5.61,9.63,181.8,5.608197450637817,72.51,11.26,12.48,110.0,5.612107753753662,230.54,1.18,11.12,90.6,5.6263816356658936,7.47,0.0,12.29,153.1,5.624109268188477,340.66,8.88,17.36,137.8,5.640083312988281,246.88,0.0,14.92,136.5,5.619165658950806,123.4,1.35,13.92,90.8,5.629922389984131,22.85,0.0,15.69,136.0,5.628170490264893,179.03,10.72,13.74,146.4,5.629959344863892,107.58,1.56,16.87,176.0,5.619052171707153,294.35,0.31,16.74,110.8,5.626671314239502,103.54,11.25,14.86,149.4,5.627673625946045,229.13,9.42,15.28,190.3,5.640227317810059,233.96,0.5,16.86,161.0,5.650064945220947,6.42,0.08,16.65,102.0,5.669465780258179,,,,,,,,,,
146.51,4.82,0.02,0.3,5.193652153015137,161.19,2.86,2.24,22.5,5.357837677001953,161.02,9.58,8.77,87.7,5.364991903305054,232.73,12.22,17.71,75.1,5.445204496383667,14.77,11.4,8.51,139.6,5.525293588638306,230.01,12.54,11.14,73.5,5.512147426605225,14.15,11.88,12.53,78.0,5.541196823120117,213.66,0.0,15.0,44.1,5.543477296829224,172.97,0.32,9.21,83.7,5.544311285018921,358.51,0.0,7.74,115.7,5.526848554611206,173.06,0.0,8.3,66.8,5.550158977508545,150.03,4.94,11.32,89.7,5.5370848178863525,124.19,11.36,6.53,105.0,5.548424959182739,36.91,0.0,14.03,104.1,5.5685694217681885,156.53,3.01,13.4,91.7,5.527336835861206,300.85,0.82,10.81,44.7,5.57352876663208,305.95,4.01,12.36,103.4,5.572955846786499,266.66,0.1,15.73,113.2,5.574349403381348,306.47,11.24,17.94,159.4,5.583524703979492,104.33,2.97,15.09,119.4,5.604748249053955,248.47,0.0,9.96,75.4,5.632620096206665,326.34,0.0,17.04,92.7,5.633356094360352,126.39,0.68,10.37,150.6,5.648044109344482,260.77,11.7,11.12,146.3,5.652098894119263,219.55,0.0,10.8,90.9,5.66758131980896,122.08,11.22,13.4,120.6,5.647502660751343,355.52,0.96,14.25,121.7,5.6584553718566895,250.75,11.13,13.01,175.2,5.657326459884644,32.26,1.92,16.25,102.2,5.652817964553833,318.16,7.39,13.7,141.1,5.641525030136108,142.03,1.78,15.17,145.9,5.655407667160034,296.81,0.0,16.08,114.6,5.655504465103149,66.62,4.1,18.19,162.6,5.667807340621948,65.48,9.06,16.17,194.5,5.6724467277526855,204.96,0.56,18.14,166.3,5.698877573013306,,,,,,,,,,
146.6,10.05,0.04,0.4,5.217658758163452,161.19,9.07,2.27,22.5,5.381994962692261,161.02,2.38,8.73,87.6,5.38695240020752,225.35,2.02,6.75,77.8,5.468968629837036,2.81,4.16,14.02,64.3,5.549076557159424,212.17,2.23,15.93,75.2,5.536587953567505,352.71,2.66,11.42,126.6,5.569614887237549,186.77,0.34,13.89,105.0,5.5716283321380615,142.03,8.13,12.37,168.2,5.568454742431641,320.01,3.85,19.53,80.2,5.550226449966431,131.66,4.73,11.11,187.4,5.572343111038208,100.37,0.0,9.22,53.5,5.562039852142334,66.62,4.4,19.41,64.1,5.572837829589844,335.92,9.09,13.09,79.3,5.593921184539795,91.05,6.92,7.26,68.2,5.552706956863403,230.36,0.13,14.34,144.4,5.598253965377808,227.72,0.0,9.49,84.0,5.597373723983765,184.04,11.3,10.94,139.8,5.597302436828613,213.93,2.04,8.49,128.1,5.611545562744141,8.35,11.88,11.66,170.1,5.63245153427124,156.97,0.59,11.67,122.5,5.661922693252564,224.65,0.65,14.48,143.5,5.6654746532440186,14.94,10.58,18.57,126.3,5.679886102676392,141.15,1.74,14.22,148.9,5.677387237548828,103.45,0.2,11.55,125.5,5.692937612533569,349.01,0.0,15.53,80.8,5.674935817718506,224.03,9.71,12.73,132.8,5.682361602783203,111.45,0.0,14.17,97.5,5.6808013916015625,255.67,3.55,14.45,141.3,5.680954694747925,171.21,0.0,10.93,115.3,5.670581340789795,346.9,8.58,16.27,144.5,5.680126428604126,140.19,1.16,14.91,166.8,5.683383226394653,268.15,0.0,11.53,157.1,5.693543434143066,261.91,0.99,14.95,114.1,5.70404863357544,30.5,10.18,18.89,172.7,5.72335696220398,,,,,,,,,,
146.6,2.35,0.02,0.1,5.241656303405762,161.19,2.79,2.24,19.2,5.405933856964111,161.02,0.0,7.65,85.4,5.414218664169312,218.85,0.0,6.49,64.6,5.494305372238159,351.74,0.0,7.42,98.6,5.573206901550293,195.47,0.0,7.82,145.8,5.562103509902954,330.64,0.0,9.43,171.7,5.593553066253662,158.38,10.32,12.47,66.2,5.596007585525513,108.02,2.86,19.34,151.6,5.597326755523682,280.99,7.34,14.19,104.8,5.58258318901062,85.61,5.37,12.59,169.8,5.604276418685913,51.24,0.41,8.75,175.0,5.585941314697266,12.48,0.0,6.82,109.2,5.59855318069458,275.36,5.0,17.47,136.5,5.6207334995269775,29.88,2.42,11.45,65.5,5.575340270996094,157.68,11.49,7.37,68.3,5.6272172927856445,155.83,4.69,8.93,104.1,5.625741720199585,97.29,0.0,10.76,71.7,5.628931999206543,129.2,0.0,11.53,134.5,5.635226488113403,277.29,1.62,17.06,78.8,5.660623073577881,56.78,10.82,12.05,133.2,5.684346437454224,120.76,8.55,16.05,119.4,5.689942121505737,264.38,0.0,11.38,105.7,5.703647613525391,24.61,0.0,14.68,174.0,5.701013565063477,341.28,8.21,15.73,140.6,5.721791505813599,227.29,0.52,11.83,151.6,5.698980331420898,93.96,2.09,13.38,101.9,5.709890842437744,338.55,2.66,14.11,127.0,5.709068298339844,115.14,8.19,17.42,153.2,5.708760499954224,23.64,2.14,13.49,129.0,5.6959547996521,194.24,0.0,17.59,116.7,5.708308935165405,340.31,6.98,17.99,157.3,5.710213661193848,105.47,5.63,15.59,184.7,5.720156908035278,94.39,0.11,15.68,163.3,5.728295087814331,215.33,0.0,14.03,144.7,5.750911951065064,,,,,,,,,,
146.51,0.0,0.02,0.1,5.265677452087402,161.19,0.0,2.0,22.3,5.430104494094849,161.02,3.42,8.72,87.0,5.4388041496276855,212.34,3.6,5.14,89.5,5.518009424209595,340.75,3.04,17.18,142.9,5.602674961090088,178.51,9.54,14.64,101.6,5.590579271316528,308.85,11.62,6.82,92.1,5.621314525604248,130.69,1.46,12.14,112.5,5.62444543838501,73.74,0.0,13.94,116.9,5.621648550033569,240.91,0.0,5.64,151.2,5.606333494186401,41.13,0.0,7.49,77.1,5.621874094009399,2.9,5.53,18.88,83.8,5.6086745262146,319.48,2.1,16.55,116.3,5.628531455993652,212.08,0.0,14.43,103.4,5.649738073348999,325.72,0.0,6.71,104.6,5.604292392730713,87.01,3.53,15.44,147.5,5.651719808578491,80.6,8.13,13.1,114.6,5.650258779525757,18.98,0.0,11.98,170.9,5.654078006744385,39.11,6.84,15.04,133.0,5.663375854492188,187.29,0.11,11.56,150.0,5.684594631195068,316.32,0.0,12.29,97.8,5.710782527923584,13.97,1.7,15.58,84.1,5.7145538330078125,154.42,2.55,11.5,154.9,5.731978178024292,272.72,11.17,13.99,116.0,5.72917103767395,218.76,0.0,13.46,108.9,5.744574785232544,102.39,8.46,14.29,145.9,5.728193759918213,326.07,0.11,14.22,141.8,5.736659288406372,202.15,8.25,17.96,153.3,5.733203649520874,332.14,0.0,12.16,99.2,5.736711502075195,240.56,8.36,14.21,166.5,5.7220299243927,41.4,2.31,14.16,135.8,5.733370065689087,182.2,0.0,9.86,154.5,5.739105463027954,301.03,2.5,15.26,142.2,5.744349956512451,290.83,10.52,17.62,164.3,5.756181955337524,41.31,1.19,17.27,170.9,5.774911403656006,,,,,,,,,,
146.6,0.37,0.01,0.2,5.285660743713379,161.19,2.58,2.26,22.5,5.4540557861328125,161.02,10.43,8.75,87.1,5.464258909225464,205.93,10.08,11.12,153.0,5.546583652496338,328.45,6.71,12.2,164.2,5.629067420959473,160.49,3.05,13.35,168.2,5.618756294250488,287.14,3.32,10.22,79.7,5.647982597351074,102.13,3.45,11.95,152.6,5.647747993469238,40.25,4.11,8.44,98.2,5.645703077316284,202.68,3.3,8.66,129.4,5.635416269302368,0.0,0.08,16.52,63.4,5.648538589477539,316.49,3.57,6.86,112.5,5.635460376739502,262.18,6.58,14.55,185.8,5.649996280670166,150.29,4.12,19.01,76.6,5.676702260971069,260.07,10.53,9.95,132.4,5.627132654190064,14.77,0.0,5.4,94.5,5.676126718521118,2.81,2.25,10.21,69.0,5.674088478088379,298.92,12.16,9.81,92.8,5.677428960800171,312.8,2.55,9.13,114.0,5.69090723991394,93.96,11.15,12.25,173.5,5.712386846542358,220.17,1.21,10.23,104.9,5.740133285522461,276.94,0.0,13.08,178.9,5.743187665939331,44.47,8.37,10.0,159.9,5.756430149078369,153.54,0.0,7.17,97.5,5.756518840789795,99.14,1.1,14.08,128.3,5.773343563079834,334.42,0.0,12.15,96.2,5.750891447067261,195.12,8.49,16.72,122.7,5.766675710678101,66.36,1.68,15.69,94.3,5.757379531860352,196.0,0.43,17.57,142.1,5.761276483535767,95.62,0.0,14.51,101.9,5.749778985977173,252.95,8.01,14.93,144.8,5.761740684509277,30.23,0.43,15.56,169.8,5.763330221176148,138.52,0.0,16.55,153.6,5.774632930755615,116.02,0.0,10.82,129.3,5.7840635776519775,232.82,8.0,18.19,168.2,5.803135871887207,,,,,,,,,,
146.6,10.5,0.03,0.3,5.313844680786133,161.19,9.56,2.26,22.5,5.482250452041626,161.02,1.69,8.72,63.7,5.486147880554199,198.81,0.0,6.85,77.1,5.572016000747681,315.62,0.0,4.31,122.8,5.658079147338867,142.73,0.0,9.67,168.2,5.643059015274048,265.61,0.0,10.62,102.3,5.677726268768311,73.48,9.72,12.43,94.8,5.674707412719727,9.49,11.01,9.85,121.4,5.669791221618652,164.53,8.54,16.77,152.5,5.65855860710144,319.66,8.88,19.81,78.9,5.676682949066162,265.69,0.0,3.88,110.8,5.656773090362549,204.61,0.0,7.19,111.2,5.677568435668945,90.18,6.28,10.42,176.3,5.697972774505615,191.78,2.59,18.73,141.1,5.659000635147095,309.99,1.84,17.52,152.3,5.699673414230347,293.29,0.0,13.71,104.9,5.701906442642212,218.23,3.28,12.66,154.6,5.704749345779419,226.58,0.0,10.96,129.9,5.719302654266357,357.36,0.0,17.44,87.2,5.739048957824707,121.29,7.86,15.86,116.7,5.766870975494385,171.83,11.14,10.89,113.9,5.772245407104492,297.25,0.0,11.46,67.0,5.786366701126099,46.23,0.0,12.72,152.1,5.785026550292969,341.02,9.31,17.17,137.6,5.795981168746948,212.7,1.1,16.28,134.2,5.782181978225708,64.6,1.8,17.27,140.1,5.788000583648682,299.71,0.0,15.7,128.1,5.787472724914551,56.07,9.14,13.61,135.7,5.785168170928955,312.28,3.1,16.63,136.6,5.778085470199585,100.63,0.0,11.08,136.7,5.785873889923096,237.3,7.88,15.62,151.1,5.787588357925415,333.72,12.13,13.51,156.4,5.804289102554321,305.77,1.7,17.24,184.2,5.810327291488648,58.89,1.58,17.17,127.5,5.827149629592896,,,,,,,,,,
146.6,5.98,0.02,0.2,5.333856582641602,161.19,2.32,2.25,22.3,5.506233215332031,161.02,0.0,7.57,86.6,5.513455629348755,191.87,0.54,9.86,77.4,5.596996068954468,303.75,1.2,8.41,137.1,5.682666063308716,126.04,8.66,17.04,108.2,5.671684265136719,243.46,7.7,11.75,112.1,5.70124626159668,46.76,2.89,7.81,118.6,5.703806638717651,337.59,0.0,12.05,116.4,5.699065923690796,125.16,0.0,4.82,88.6,5.682391881942749,275.45,4.36,18.19,153.4,5.701565504074097,215.77,3.1,7.2,115.1,5.688812494277954,150.73,3.3,14.22,102.0,5.705693960189819,28.56,0.0,4.63,93.0,5.725896120071411,124.19,0.0,14.72,82.0,5.68352484703064,235.46,6.04,7.48,109.0,5.727807760238648,214.72,10.89,10.89,126.3,5.727465867996216,135.62,0.0,8.56,78.2,5.731651782989502,138.34,11.29,18.64,135.4,5.74739670753479,266.75,0.34,12.89,137.3,5.764389514923096,21.18,0.31,10.94,132.8,5.791904926300049,62.67,0.0,11.86,75.1,5.796792984008789,192.13,0.24,15.55,140.4,5.80990743637085,295.05,11.72,11.36,112.9,5.812772750854492,218.94,0.0,11.99,97.3,5.828088045120239,86.92,9.33,13.85,180.7,5.807307481765747,296.98,0.75,14.46,136.6,5.817879915237427,163.65,9.86,15.67,180.0,5.816445589065552,278.61,0.14,16.84,102.8,5.812914371490479,164.79,7.86,17.87,152.1,5.806089162826538,306.65,3.94,13.42,139.6,5.812577724456787,79.63,1.25,15.15,106.2,5.815975904464722,164.71,1.5,13.93,96.7,5.828338384628296,137.81,6.34,16.59,193.5,5.839102745056152,249.61,0.43,16.26,164.6,5.8591225147247314,,,,,,,,,,
146.6,2.12,0.01,-0.1,5.361847162246704,161.19,0.0,1.87,20.6,5.530211687088013,161.02,3.73,8.71,87.2,5.538427352905273,185.63,10.32,7.36,94.6,5.620838165283203,291.88,7.81,8.26,81.2,5.706147193908691,108.37,2.84,15.69,128.7,5.696513175964356,220.78,3.02,8.66,174.6,5.727060556411743,20.3,0.0,11.29,77.7,5.72759747505188,304.01,0.9,7.7,166.7,5.721508264541626,87.63,0.0,8.11,149.2,5.710611581802368,229.75,0.0,6.64,92.7,5.724542617797852,166.29,8.4,10.83,95.2,5.712719678878784,93.52,8.41,15.9,157.4,5.72956657409668,333.02,0.28,12.68,92.6,5.749899864196777,58.1,4.33,15.05,65.2,5.707009315490723,166.29,0.0,9.94,70.1,5.751386404037476,133.68,0.0,11.65,82.2,5.75657057762146,58.18,2.77,14.94,121.6,5.756203413009644,45.0,2.74,8.98,103.9,5.771960496902466,172.79,10.7,13.41,132.2,5.792591333389282,284.06,0.73,13.92,143.4,5.822223424911499,324.23,0.12,10.83,138.3,5.820606231689453,82.09,9.58,9.67,128.8,5.835500955581665,174.9,1.94,11.84,76.8,5.836519002914429,103.71,2.4,15.25,108.4,5.8534464836120605,324.32,0.3,11.52,124.3,5.835062742233276,166.29,10.42,15.41,121.6,5.848392009735107,27.33,2.17,15.21,142.6,5.8411009311676025,138.16,1.77,12.93,153.7,5.841359376907349,16.52,1.36,13.87,107.3,5.830163478851318,153.37,5.73,15.97,149.4,5.84002685546875,286.35,0.45,14.61,159.6,5.841113567352295,7.21,0.0,12.87,160.3,5.853524684906006,327.13,0.0,10.11,143.5,5.864152431488037,76.2,9.27,17.01,176.7,5.883113384246826,,,,,,,,,,
146.51,0.0,0.02,0.2,5.3858256340026855,161.19,2.82,2.24,22.4,5.554781675338745,161.1,7.97,8.75,87.3,5.566174745559692,178.95,3.0,9.4,128.0,5.649375915527344,280.2,2.41,11.9,100.9,5.7342071533203125,90.18,0.0,7.99,86.6,5.719604015350342,199.42,0.0,7.21,100.6,5.7536232471466064,353.94,3.8,13.5,130.7,5.752157211303711,270.62,11.08,15.16,118.6,5.7498459815979,50.27,4.88,14.48,66.5,5.736998319625855,187.65,2.83,10.76,158.3,5.75397253036499,116.89,0.0,9.26,52.7,5.73699426651001,37.79,0.22,6.7,78.3,5.753766059875488,271.76,11.82,19.72,98.7,5.778298616409302,354.11,4.91,8.52,109.6,5.734716415405273,98.44,0.06,13.43,176.0,5.776467800140381,58.54,0.48,14.48,159.2,5.778276920318604,337.59,5.58,13.02,104.2,5.78501296043396,321.5,0.0,13.14,187.2,5.796667575836182,74.44,0.0,16.91,76.2,5.819947957992554,184.92,7.38,14.31,108.4,5.846815586090088,219.38,10.15,15.53,123.3,5.848506689071655,339.87,2.18,10.91,138.1,5.8622894287109375,63.81,0.0,17.69,113.6,5.861645936965942,340.66,8.77,11.7,125.8,5.880880832672119,197.49,0.6,12.26,179.1,5.859346866607666,29.09,0.0,10.79,92.9,5.872172832489014,255.32,0.04,15.33,127.1,5.868966579437256,355.25,9.0,15.59,142.4,5.868669271469116,234.4,3.86,14.8,154.8,5.860590696334839,0.0,0.08,15.37,108.2,5.8685455322265625,128.94,8.8,14.98,148.8,5.8702380657196045,214.98,11.47,15.35,136.4,5.882700443267822,159.43,4.7,16.32,144.8,5.891571998596191,267.1,0.37,17.4,119.3,5.912742376327515,,,,,,,,,,
146.6,2.64,0.03,0.3,5.409868717193604,161.19,10.22,2.26,22.5,5.582390308380127,161.02,2.0,8.76,87.0,5.588776350021362,172.0,0.0,12.3,153.9,5.674674272537232,267.8,0.47,15.38,102.3,5.757992744445801,73.92,1.16,5.62,97.3,5.744388818740845,178.42,2.78,9.64,141.4,5.7776830196380615,324.84,5.18,17.43,123.5,5.780301570892334,235.28,0.0,12.15,90.9,5.778286457061768,12.48,7.02,15.97,150.6,5.762830495834351,142.73,5.86,13.92,62.7,5.780330181121826,68.47,0.0,8.73,168.9,5.760729789733887,345.94,0.0,10.38,111.5,5.782156467437744,208.74,1.88,12.18,60.4,5.802098751068115,288.72,0.0,8.24,94.4,5.758610248565674,27.33,11.53,7.59,85.8,5.802293300628662,340.49,10.1,17.01,137.8,5.810034513473511,253.21,0.0,8.15,133.7,5.80952525138855,232.12,11.55,11.82,99.6,5.824262619018555,346.38,0.69,14.41,167.3,5.84486985206604,86.13,0.0,10.47,109.6,5.874428987503052,111.45,0.0,13.23,82.2,5.876555681228638,229.04,0.0,9.77,153.8,5.886696100234985,311.48,11.59,11.45,162.1,5.891057968139648,219.29,0.0,18.74,101.4,5.91012716293335,72.42,10.88,14.98,117.8,5.88774037361145,267.8,0.37,12.83,147.3,5.8974289894104,119.97,10.48,13.78,160.7,5.89281439781189,214.19,0.0,9.01,134.0,5.893998146057129,89.03,9.04,15.13,127.3,5.88532829284668,217.44,0.5,13.73,139.3,5.892012596130371,329.41,0.0,10.46,111.5,5.898204803466797,46.93,2.84,15.95,137.5,5.907266139984131,348.93,4.42,16.19,152.0,5.920345306396484,93.25,0.26,15.23,177.3,5.936945915222168,,,,,,,,,,
146.6,12.83,0.03,0.2,5.433886528015137,161.19,1.1,2.23,14.5,5.606490850448608,161.02,0.0,7.37,87.6,5.615262985229492,164.97,9.23,7.16,85.6,5.697674512863159,255.67,11.26,16.96,104.1,5.7859296798706055,58.18,11.62,7.04,104.3,5.76909327507019,157.41,6.92,11.68,86.1,5.808469295501709,296.37,0.0,12.76,85.4,5.805746793746948,202.32,3.37,14.58,108.8,5.802752494812012,333.54,0.0,10.05,96.1,5.787147998809815,99.32,0.0,10.94,71.1,5.804293155670166,19.07,2.69,7.89,190.6,5.786369562149048,288.98,10.85,14.67,163.3,5.810326337814331,149.24,0.0,17.41,127.5,5.829932451248169,224.56,0.51,12.12,196.5,5.786300420761108,319.75,3.96,15.09,90.1,5.831938982009888,259.01,0.0,13.7,93.0,5.834082841873169,173.85,4.24,11.27,106.3,5.838170051574707,144.05,2.38,12.02,110.5,5.850232124328613,251.02,10.03,14.78,112.1,5.872336864471436,348.49,0.95,11.92,138.0,5.90041184425354,8.79,0.0,9.35,174.6,5.902480840682983,124.8,11.36,18.06,144.0,5.917207956314087,191.25,1.41,14.11,125.8,5.91814661026001,98.7,1.13,11.57,167.5,5.934497833251953,304.19,0.0,8.21,103.8,5.910668849945068,136.93,9.12,12.15,164.4,5.926657438278198,336.62,0.0,8.76,107.0,5.921047687530518,79.37,0.33,14.93,144.3,5.919395446777344,304.72,0.05,15.06,103.3,5.909787654876709,65.74,9.95,14.73,161.7,5.920111656188965,171.65,3.94,16.87,178.3,5.9223291873931885,248.29,0.0,12.42,154.2,5.936706304550171,181.05,0.0,13.01,133.6,5.943486452102661,284.15,10.13,17.79,158.0,5.964941024780273,,,,,,,,,,
146.51,3.37,0.02,0.2,5.457868099212647,161.19,0.0,2.12,22.2,5.63042950630188,161.02,2.99,8.7,87.7,5.638716459274292,158.29,6.82,7.03,52.4,5.725333690643311,242.58,0.0,6.25,62.0,5.813215732574463,40.69,3.19,17.36,104.2,5.798030614852905,135.79,0.0,7.73,72.2,5.829528331756592,268.68,2.35,11.91,91.8,5.834524869918823,169.28,8.85,19.86,105.8,5.831713438034058,295.31,3.3,9.97,201.6,5.81613039970398,55.9,0.0,9.56,96.0,5.828475713729858,330.73,5.62,10.12,170.3,5.81515908241272,229.13,0.0,14.66,116.9,5.837636947631836,87.01,11.33,13.71,123.4,5.85809326171875,158.03,9.71,19.34,91.1,5.8139708042144775,249.17,0.0,13.05,180.3,5.856492519378662,183.6,1.78,18.06,172.8,5.862275838851929,90.79,6.65,10.67,134.6,5.863105773925781,54.58,0.0,11.46,163.6,5.879285573959351,154.51,0.0,8.94,76.8,5.898450136184692,248.12,6.71,18.89,92.2,5.927251577377319,275.01,11.08,10.02,169.5,5.928248405456543,8.88,2.69,14.96,103.6,5.942145586013794,76.99,0.0,16.59,168.7,5.94151496887207,341.1,8.51,14.12,135.4,5.958310842514038,183.25,1.36,14.18,136.1,5.939041376113892,4.83,2.83,13.75,162.2,5.94902491569519,205.93,0.6,14.2,137.1,5.947371959686279,301.9,9.71,13.68,164.5,5.949911832809448,158.2,0.57,13.6,168.4,5.9347851276397705,276.06,0.0,17.14,111.3,5.946603059768677,12.83,8.23,16.26,157.9,5.951352834701538,85.25,11.63,15.61,138.9,5.964616060256958,11.16,4.63,16.4,180.2,5.974046230316162,103.97,0.0,11.06,128.3,5.993056058883667,,,,,,,,,,
146.6,0.0,0.02,0.3,5.481879234313965,161.19,2.54,2.24,22.7,5.658485889434815,161.02,8.54,8.72,87.6,5.664593935012817,151.7,0.0,6.9,63.2,5.752570390701294,231.24,0.32,13.12,149.9,5.842679738998413,23.2,0.0,7.93,154.7,5.8207666873931885,114.87,0.36,16.48,80.8,5.857973098754883,241.0,6.29,12.27,135.9,5.855871915817261,134.91,0.0,8.08,99.7,5.858281135559082,255.94,8.3,11.82,75.5,5.838619709014893,15.12,3.95,15.98,90.2,5.853576421737671,278.35,0.0,12.99,54.1,5.837517738342285,172.71,2.94,11.21,181.3,5.862792730331421,22.59,3.11,14.67,109.4,5.886021614074707,92.29,2.0,10.26,98.7,5.83907675743103,176.31,9.56,13.45,143.4,5.885601282119751,105.12,9.32,15.24,152.9,5.887714862823486,9.23,1.12,15.06,89.5,5.887329339981079,327.66,12.07,12.56,101.8,5.906057357788086,66.09,0.2,17.8,150.4,5.9248411655426025,154.16,0.0,9.01,101.4,5.9510602951049805,166.9,2.2,12.31,122.2,5.956315755844116,266.84,0.0,15.5,112.5,5.969672441482544,323.7,9.1,12.99,172.0,5.96999192237854,218.85,0.0,12.81,95.0,5.986653804779053,58.1,9.64,16.65,142.4,5.9669189453125,243.72,0.01,17.13,152.4,5.978029727935791,69.87,10.32,11.93,180.9,5.976697206497192,160.93,1.41,13.73,108.3,5.971659898757935,10.02,8.43,13.86,150.7,5.96230149269104,124.37,0.76,15.17,139.7,5.973627805709839,219.9,0.0,13.39,114.6,5.976130485534668,280.99,1.82,15.82,140.2,5.9858715534210205,208.92,3.88,16.96,191.9,5.998884201049805,286.96,3.14,19.23,173.1,6.017090082168579,,,,,,,,,,
146.6,0.0,0.02,0.2,5.505919933319092,161.19,7.4,2.26,22.6,5.682503938674927,161.02,2.42,8.72,56.8,5.687620401382446,145.28,0.0,10.59,103.5,5.77704930305481,218.76,10.52,14.7,124.1,5.87021017074585,6.33,2.99,9.21,144.8,5.847219228744507,93.69,8.95,8.36,156.3,5.881348133087158,212.61,0.0,12.23,101.0,5.887869119644165,103.97,0.0,12.46,87.5,5.883880138397217,217.53,1.28,20.34,87.6,5.862577676773071,332.93,6.4,13.96,166.2,5.882230520248413,228.25,1.61,14.27,144.3,5.865734100341797,115.93,8.78,8.97,143.0,5.890710830688477,321.77,0.1,17.02,102.7,5.914660215377808,28.65,0.0,8.47,93.5,5.863725900650024,104.15,3.55,8.9,106.2,5.907931566238403,26.19,0.0,17.88,100.1,5.917120456695557,294.87,2.2,13.08,105.5,5.9164512157440186,234.93,1.21,14.23,95.2,5.929928541183472,334.78,11.3,18.42,149.6,5.952536582946777,57.13,0.04,13.14,110.9,5.97444224357605,60.91,0.05,10.04,164.2,5.981374502182007,158.12,11.68,15.98,170.7,5.997306346893311,208.92,0.0,15.47,64.1,5.99774956703186,103.97,0.52,13.12,177.5,6.012732982635498,294.17,1.09,15.7,106.1,5.995600938796997,113.55,10.74,17.24,127.3,6.002349376678467,292.68,0.0,12.61,120.1,6.00478720664978,19.16,0.46,14.37,168.2,5.999781608581543,228.25,0.0,16.91,107.0,5.991644382476807,329.85,7.65,17.05,148.9,5.998285293579102,62.84,2.8,14.21,151.7,6.0041892528533936,117.95,0.2,16.16,140.8,6.014679670333862,40.17,0.0,11.92,134.2,6.025429964065552,114.7,6.47,17.11,192.5,6.045089960098267,,,,,,,,,,
146.6,3.73,0.01,0.3,5.5299293994903564,161.19,2.14,2.24,21.0,5.706501483917236,161.02,0.0,7.19,86.3,5.711862564086914,137.99,12.08,12.3,64.9,5.805353403091431,205.66,0.0,11.04,82.5,5.894640922546387,350.07,9.41,15.66,108.0,5.872612714767456,72.95,4.51,10.95,85.3,5.906792640686035,184.31,3.93,16.73,80.9,5.911831855773926,70.14,11.49,12.04,119.9,5.911725759506226,179.3,0.42,7.36,129.0,5.890323877334595,286.88,0.0,7.32,69.8,5.904372692108154,176.57,6.28,8.69,110.5,5.890054941177368,60.64,1.82,16.61,91.7,5.914871692657471,258.31,11.26,19.27,103.1,5.938928127288818,328.01,3.6,8.16,82.2,5.888655662536621,32.26,0.0,9.89,117.4,5.931704521179199,309.2,1.49,15.92,191.3,5.941462755203247,211.55,8.89,15.39,129.7,5.940422296524048,150.12,0.04,15.99,116.0,5.960417747497559,235.99,0.0,14.79,70.3,5.980422735214233,320.89,10.66,9.05,157.2,6.006617784500122,319.48,11.33,13.51,119.8,6.009589910507202,43.07,2.51,17.89,127.9,6.021637678146362,98.61,0.0,13.36,168.0,6.021517515182495,340.4,7.87,15.21,109.0,6.037925004959106,169.37,2.65,13.44,144.7,6.023465156555176,334.78,0.0,13.52,85.8,6.0302207469940186,156.45,2.34,12.98,139.7,6.029520034790039,242.67,8.86,13.92,155.3,6.027613878250122,80.95,0.29,14.96,136.4,6.015494346618652,176.75,0.0,12.99,129.0,6.027673721313477,268.86,7.83,15.74,146.2,6.029216527938843,313.59,9.92,14.42,157.5,6.044314384460449,237.13,2.97,15.32,167.3,6.050326824188232,297.69,0.0,10.87,142.0,6.07313084602356,,,,,,,,,,
146.6,11.18,0.03,0.3,5.557924270629883,161.19,0.0,1.95,22.5,5.730523586273193,161.02,2.88,8.73,87.1,5.735936164855957,131.04,2.32,8.49,55.4,5.827007532119751,193.89,0.8,13.55,142.7,5.922695875167847,332.4,0.0,9.57,98.1,5.897499322891235,51.5,0.0,5.81,119.8,5.929142951965332,157.76,7.33,11.26,96.7,5.936789274215698,35.86,3.11,16.79,64.8,5.9376060962677,141.42,11.7,15.26,106.1,5.922519445419312,244.6,1.72,11.6,193.2,5.932513952255249,127.44,0.0,9.71,46.6,5.918543815612793,6.94,0.0,13.25,113.9,5.938380718231201,193.71,0.0,9.09,74.9,5.967565298080444,264.55,7.79,8.27,106.1,5.913214206695557,324.23,3.0,13.23,131.0,5.9595043659210205,230.36,8.48,18.73,180.6,5.969935655593872,129.29,0.0,10.42,82.3,5.968038320541382,60.29,12.26,14.31,84.8,5.983424186706543,147.13,0.7,18.42,124.0,6.009212493896484,220.34,0.0,11.12,72.1,6.031177043914795,209.44,0.0,16.06,71.8,6.037440538406372,296.63,0.25,10.19,151.7,6.049796104431152,345.67,11.68,13.55,110.9,6.050198078155518,219.64,0.0,7.41,105.5,6.065870761871338,41.92,8.92,16.78,173.1,6.048457145690918,208.74,0.27,14.61,123.1,6.056605577468872,19.34,7.59,14.33,180.5,6.054550886154175,103.01,0.0,16.84,121.6,6.055784463882446,297.77,8.1,15.71,180.6,6.043403625488281,23.12,0.92,14.55,141.9,6.050417184829712,112.59,0.0,12.0,122.4,6.056593894958496,150.73,0.0,12.65,100.7,6.070709943771362,68.73,6.64,16.87,154.1,6.080119848251343,124.63,3.13,18.21,166.1,6.098742961883545,,,,,,,,,,
146.6,3.55,0.03,0.1,5.5819621086120605,161.19,5.7,2.24,22.6,5.755184650421143,161.02,8.87,8.72,87.6,5.759341239929199,124.45,0.0,9.47,114.7,5.854735612869263,181.49,8.26,14.12,172.3,5.946081876754761,316.58,0.0,16.84,106.6,5.9245007038116455,30.23,0.2,10.08,147.8,5.958582162857056,130.34,0.0,6.59,113.4,5.96478009223938,3.52,0.0,5.74,57.3,5.957624673843384,99.67,1.98,11.8,56.9,5.946532487869263,198.98,7.21,14.02,77.7,5.960014581680298,79.01,0.1,8.41,158.3,5.9427337646484375,313.86,4.91,14.38,69.1,5.968627452850342,136.32,0.69,13.27,80.0,5.991404294967651,199.07,0.27,11.14,76.4,5.937801122665405,250.49,6.35,9.62,72.4,5.9879467487335205,152.93,0.0,14.34,104.3,5.998183488845825,48.69,0.0,15.07,110.4,5.994022607803345,333.72,2.03,12.1,135.6,6.011804103851318,51.42,10.29,18.43,148.6,6.034132480621338,125.95,0.32,18.03,142.7,6.05921745300293,109.86,0.64,15.25,162.2,6.062460660934448,186.59,9.58,12.66,128.3,6.076395273208618,225.44,0.0,11.14,80.5,6.078468084335327,103.36,0.52,10.92,152.3,6.09434700012207,280.37,0.0,11.65,109.8,6.077514410018921,78.4,10.39,15.63,127.5,6.085893154144287,247.59,0.0,9.26,109.9,6.082904577255249,319.39,1.68,14.29,139.5,6.080235719680786,151.17,0.0,11.87,109.4,6.0716986656188965,235.2,7.62,15.21,158.8,6.079023599624634,312.01,3.06,15.87,153.0,6.079910755157471,346.82,1.96,17.34,148.6,6.098656892776489,265.43,0.0,13.75,126.7,6.105321407318115,308.23,4.24,17.82,174.9,6.129307746887207,,,,,,,,,,
146.6,0.0,0.01,0.1,5.6020588874816895,161.19,8.09,2.26,22.5,5.782813310623169,161.02,2.81,8.73,81.4,5.787825584411621,117.25,5.07,7.89,75.1,5.877941370010376,169.45,0.0,6.24,86.4,5.973047733306885,298.65,10.27,15.7,131.0,5.953055143356323,9.23,12.8,13.83,73.0,5.984896183013916,102.57,1.15,10.62,157.2,5.990047454833984,334.25,1.92,14.19,68.5,5.985577583312988,61.96,0.0,9.65,72.6,5.971328020095825,155.74,0.0,13.97,132.5,5.988601207733154,29.53,6.7,9.76,159.9,5.971072435379028,258.57,5.8,5.88,190.7,5.991507053375244,76.29,9.53,11.27,163.9,6.0169007778167725,133.86,0.15,13.92,144.4,5.96561074256897,183.25,0.0,15.54,101.9,6.016217708587647,73.83,1.35,14.5,128.1,6.022138357162476,326.69,10.21,12.0,167.4,6.021063089370728,244.07,0.87,18.78,138.3,6.039218425750732,316.58,0.0,13.14,70.9,6.058412075042725,25.31,12.49,12.35,138.3,6.083641290664673,3.08,12.17,14.16,98.1,6.085608243942261,77.08,2.29,14.35,113.6,6.105829954147339,115.58,0.38,10.84,165.7,6.102656841278076,341.02,8.59,16.63,165.0,6.123049736022949,154.07,1.92,11.71,164.9,6.100935935974121,306.39,0.0,12.43,98.9,6.109860897064209,118.21,0.48,15.39,131.1,6.107413768768311,177.89,7.0,17.26,148.0,6.109612226486206,2.64,0.0,17.57,152.5,6.095640659332275,82.62,0.0,14.2,120.7,6.106011629104614,155.04,5.64,15.97,172.0,6.111149311065674,182.9,7.87,16.8,149.2,6.124686002731323,97.38,1.86,16.53,193.7,6.133670806884766,134.74,0.0,12.97,174.8,6.153362035751343,,,,,,,,,,
146.6,0.05,0.01,0.2,5.6260271072387695,161.19,2.46,2.24,12.8,5.806811571121216,161.1,0.0,7.77,85.6,5.815161466598511,110.92,7.66,10.75,150.0,5.906255483627319,158.03,0.18,10.58,98.3,6.00170636177063,279.67,0.0,8.83,98.1,5.977097511291504,347.87,2.5,10.03,77.5,6.0094313621521,74.09,10.2,10.82,167.7,6.0186755657196045,301.55,10.97,6.4,149.5,6.009821891784668,25.84,3.25,12.57,121.5,5.99549126625061,110.39,0.78,9.3,62.3,6.012503623962402,341.28,3.52,10.7,195.3,5.995970010757446,203.55,0.0,7.03,70.1,6.017362117767334,14.5,4.96,8.97,161.5,6.03985857963562,65.48,12.5,19.4,88.2,5.989972352981567,110.92,0.55,10.47,154.4,6.039635896682739,356.57,7.7,11.97,133.1,6.050241947174072,240.29,0.0,7.57,49.6,6.045578479766846,156.27,9.89,10.93,91.5,6.0631184577941895,225.26,0.42,18.69,114.7,6.0865442752838135,284.68,1.88,12.06,108.8,6.111838102340698,265.87,2.44,10.38,172.8,6.113343954086304,330.29,0.0,16.04,125.4,6.129910707473755,358.42,9.25,12.04,141.3,6.131286382675171,218.85,0.0,9.3,101.6,6.1462249755859375,27.6,8.39,13.42,145.2,6.126952171325684,180.44,0.45,13.62,148.2,6.138542652130127,339.52,6.89,15.43,161.3,6.13654088973999,37.27,0.0,12.72,89.8,6.131885051727295,225.35,11.42,14.26,128.7,6.123416423797607,294.43,0.99,14.5,158.5,6.1325767040252686,355.61,0.0,11.78,133.5,6.140387296676636,20.13,0.49,18.66,126.8,6.152516603469849,293.73,6.44,15.81,161.4,6.157320737838745,318.96,5.05,16.72,150.0,6.181750774383545,,,,,,,,,,
146.6,2.65,0.02,0.3,5.650021553039551,161.19,0.0,1.78,22.4,5.8309407234191895,161.02,3.53,8.72,87.3,5.839474439620972,103.54,0.0,8.03,59.4,5.930624961853027,146.43,11.76,9.04,106.1,6.02707052230835,262.53,0.13,13.22,82.2,6.000381946563721,326.16,0.0,12.02,99.9,6.034003257751465,45.0,0.0,7.09,121.8,6.042854070663452,266.92,1.82,10.79,67.4,6.039068937301636,347.08,6.44,19.78,73.8,6.019634485244751,67.85,11.55,11.64,83.4,6.036663055419922,288.98,0.0,15.65,64.6,6.024284839630127,151.88,0.54,5.87,130.8,6.04383397102356,316.41,0.0,6.13,109.4,6.068580627441406,358.86,2.04,8.69,122.4,6.017809867858887,36.83,9.24,9.49,67.6,6.065461158752441,277.91,0.0,7.59,99.3,6.075727701187134,163.3,0.0,12.65,153.9,6.069427728652954,70.14,2.8,8.5,110.6,6.091093063354492,132.1,9.95,18.95,106.8,6.115311622619629,185.54,1.1,13.42,100.6,6.141138076782227,161.19,0.0,17.87,123.9,6.141314268112183,219.9,9.13,12.32,148.0,6.158054351806641,242.23,0.35,17.22,113.0,6.156671762466431,103.62,2.96,16.82,168.8,6.174221992492676,264.55,0.0,11.86,91.4,6.153072834014893,49.39,11.43,11.49,171.8,6.166823863983154,203.73,0.0,7.88,109.8,6.159734964370728,265.69,0.4,16.85,162.4,6.160112380981445,74.0,0.84,15.43,101.9,6.151475667953491,141.33,7.15,16.77,173.3,6.157045125961304,197.23,4.56,14.9,157.1,6.162000894546509,222.28,1.08,18.75,160.4,6.176773071289063,125.51,0.0,10.82,136.7,6.185621023178101,144.76,2.68,16.94,165.6,6.211693286895752,,,,,,,,,,
146.6,9.06,0.02,0.2,5.6740195751190186,161.19,4.17,2.24,22.6,5.858991622924805,161.02,10.02,8.75,87.1,5.864449501037598,96.5,0.28,11.53,72.4,5.9560487270355225,134.38,2.09,4.94,37.7,6.050841331481934,245.04,10.28,5.42,146.6,6.032220840454102,304.54,3.23,17.71,77.1,6.060116529464722,18.37,0.06,19.38,88.6,6.06784200668335,233.96,0.0,16.16,103.0,6.0616607666015625,308.23,0.0,7.37,75.2,6.045553207397461,22.85,3.14,15.18,110.6,6.06113600730896,238.89,3.2,12.25,150.2,6.046952724456787,97.29,12.63,13.36,74.6,6.068665504455566,255.5,2.92,8.25,66.6,6.09423565864563,293.99,0.0,11.21,169.9,6.043972253799439,331.44,2.46,15.38,185.5,6.09127402305603,204.7,2.45,10.74,106.3,6.09799861907959,80.68,9.83,10.86,84.3,6.098044157028198,347.26,0.0,11.6,183.9,6.114953994750977,36.91,0.92,19.25,86.6,6.1399245262146,86.31,9.81,11.29,173.4,6.165225028991699,56.16,9.9,16.95,131.7,6.16868782043457,110.92,0.07,13.96,68.8,6.182142496109009,128.06,2.99,14.14,170.3,6.186506986618042,340.4,7.88,12.62,175.8,6.198040723800659,144.76,0.35,13.95,119.6,6.178126335144043,276.24,0.0,11.11,91.2,6.191119194030762,73.39,0.54,14.78,147.5,6.188166618347168,125.95,9.49,14.83,134.0,6.187802076339722,290.57,1.2,13.5,159.6,6.175227165222168,347.26,0.0,8.87,109.6,6.188008069992065,39.2,6.75,14.49,154.2,6.193528890609741,59.68,8.58,16.28,167.0,6.20440411567688,315.62,3.55,15.57,147.9,6.210165977478027,329.5,0.0,17.05,181.2,6.235686540603638,,,,,,,,,,
146.6,3.53,0.02,0.1,5.698107957839966,161.19,8.92,2.26,22.7,5.88295316696167,161.02,0.0,8.7,54.1,5.889061212539673,90.09,7.27,9.04,76.7,5.981778383255005,123.05,0.0,12.14,141.2,6.079786062240601,227.64,2.35,6.03,62.5,6.057255268096924,283.18,4.46,12.74,124.0,6.087429285049439,351.65,11.5,7.41,110.7,6.096723794937134,200.21,10.75,10.13,75.8,6.089991331100464,270.97,0.44,7.27,134.0,6.072282075881958,338.12,0.0,9.59,63.8,6.084374904632568,186.94,4.33,8.91,79.2,6.071133852005005,41.22,2.3,8.83,138.2,6.095474004745483,197.4,9.9,14.05,157.1,6.117367744445801,225.35,12.32,13.5,70.5,6.0727972984313965,257.61,0.0,8.29,110.9,6.116578102111816,127.53,8.84,9.91,99.4,6.125829219818115,2.46,5.34,11.56,160.1,6.12406063079834,256.9,11.92,14.7,124.0,6.143348217010498,309.02,0.3,12.8,192.4,6.164860725402832,348.93,0.73,9.3,110.8,6.191097736358643,313.51,2.12,15.24,135.8,6.194161891937256,4.04,0.0,14.53,134.8,6.206555366516113,11.25,8.62,12.84,165.7,6.208328008651733,219.2,0.0,8.86,76.8,6.223580837249756,16.87,11.47,15.82,159.7,6.207294940948486,151.08,0.35,14.83,153.1,6.219197034835815,300.94,9.84,13.56,165.1,6.213016510009766,342.42,0.0,10.28,110.6,6.215548515319824,143.88,9.37,14.44,154.0,6.203249931335449,199.51,1.24,14.36,150.4,6.212514162063599,246.01,0.0,12.05,122.5,6.217399835586548,260.86,0.0,19.18,125.3,6.230242013931274,147.04,3.59,16.89,158.4,6.240167617797852,154.86,11.61,18.56,176.9,6.26326322555542,,,,,,,,,,
146.6,0.0,0.02,0.3,5.726109504699707,161.19,2.69,2.25,16.8,5.906951904296875,161.02,0.0,8.01,87.4,5.913564920425415,84.02,7.01,11.02,66.6,6.006442546844482,110.13,9.65,17.13,85.6,6.10445499420166,211.46,0.0,6.87,158.5,6.081576108932495,260.6,0.0,7.77,69.8,6.111861705780029,322.65,3.02,13.43,73.9,6.1211676597595215,166.46,1.32,15.47,44.2,6.117372274398804,232.12,11.64,11.31,93.9,6.096504211425781,296.1,5.6,9.61,150.4,6.112648963928223,139.48,0.0,8.49,131.5,6.102530002593994,347.7,0.0,13.75,62.5,6.119009256362915,135.88,0.0,16.69,62.6,6.146691083908081,158.29,2.45,6.96,122.1,6.095200538635254,187.38,11.86,14.29,91.3,6.1468186378479,53.88,3.54,8.69,94.5,6.14970326423645,284.59,0.0,9.23,86.9,6.147143840789795,165.23,2.04,10.26,92.8,6.169243335723877,213.84,10.89,13.96,116.2,6.192972183227539,252.86,0.15,13.91,117.9,6.219340562820435,208.74,0.14,10.86,144.2,6.222452878952026,261.56,8.75,15.24,158.5,6.236707448959351,259.28,0.0,12.67,105.8,6.239758968353272,108.54,1.9,12.67,179.8,6.254012823104858,250.84,0.0,9.44,99.7,6.233107089996338,19.07,11.14,13.65,153.6,6.246205568313599,164.79,0.0,12.4,95.0,6.240708351135254,201.45,1.49,12.75,141.6,6.239529371261597,354.9,0.0,17.04,145.4,6.231148719787598,47.64,10.06,14.87,175.3,6.240032434463501,88.68,2.72,17.05,149.6,6.2418975830078125,99.32,0.46,16.33,190.0,6.258075952529907,336.71,0.0,13.71,158.5,6.268868207931519,333.02,1.83,14.84,114.8,6.291315078735352,,,,,,,,,,
146.6,0.0,0.02,0.2,5.75011157989502,161.19,0.0,2.05,22.4,5.930952072143555,161.02,4.16,8.72,87.0,5.93753981590271,77.17,1.28,7.68,69.7,6.028034448623657,98.26,5.01,12.79,172.8,6.133688688278198,194.68,2.74,12.96,72.5,6.1074864864349365,239.24,1.01,13.4,74.2,6.139100790023804,295.75,0.0,13.84,122.4,6.149842739105225,133.86,0.0,6.46,112.4,6.142688512802124,192.22,1.94,6.96,39.7,6.12040638923645,251.37,5.2,12.55,147.7,6.140897989273071,89.47,3.11,6.05,149.5,6.126161813735962,292.59,6.3,14.21,70.6,6.148520708084106,74.88,0.0,8.73,161.1,6.169034242630005,93.43,0.0,12.8,178.6,6.123498439788818,114.7,2.25,15.15,190.1,6.17160439491272,343.04,0.0,5.55,74.2,6.173990726470947,207.69,0.6,13.34,143.9,6.173785448074341,79.72,0.0,10.91,152.1,6.195556163787842,117.25,0.0,18.37,66.2,6.220809698104858,153.98,9.04,17.05,151.4,6.247651815414429,104.33,10.24,16.87,154.1,6.251156091690064,153.28,2.54,12.74,115.5,6.262341260910034,144.93,3.19,16.62,171.3,6.268010377883911,345.41,9.06,14.85,108.8,6.278789281845093,134.47,0.09,18.01,167.6,6.260526657104492,247.24,0.0,15.38,104.6,6.271151304244995,33.66,0.0,14.49,140.9,6.267390727996826,60.73,8.99,15.2,155.5,6.269612312316895,208.13,1.56,16.32,140.3,6.255473375320435,252.25,0.0,10.26,110.0,6.267884016036987,295.14,6.16,15.11,182.5,6.269924879074097,300.32,8.15,16.35,154.7,6.28363561630249,169.1,8.52,16.9,159.4,6.292362928390503,158.64,2.7,16.32,150.5,6.315672874450684,,,,,,,,,,
146.6,2.97,0.02,0.3,5.770107269287109,161.1,2.32,2.25,22.4,5.955502033233643,161.02,9.26,8.76,87.3,5.961316585540772,70.84,0.0,5.36,52.6,6.05461859703064,85.96,0.0,4.67,134.2,6.156144618988037,177.54,7.2,7.76,163.0,6.13478422164917,217.97,9.11,7.46,101.0,6.16410756111145,266.66,12.16,18.59,93.2,6.174558877944946,100.99,11.82,16.09,194.0,6.1707305908203125,156.01,0.0,8.48,94.8,6.146986246109009,205.58,0.0,9.78,161.7,6.168309688568115,40.69,12.72,8.48,195.0,6.150925874710083,237.74,6.22,6.69,188.3,6.172440767288208,15.73,8.51,8.97,90.7,6.196926832199097,26.37,4.87,17.65,141.7,6.149778366088867,39.99,0.0,6.49,95.4,6.19646692276001,270.62,3.24,7.25,78.2,6.198303461074829,125.33,6.85,13.03,130.2,6.199629545211792,352.35,12.24,12.92,110.7,6.2271809577941895,25.14,0.31,15.46,173.4,6.245092391967773,54.4,1.91,14.73,96.5,6.271206378936768,353.5,0.0,9.45,104.5,6.275560140609741,42.01,0.0,12.58,138.5,6.2900354862213135,28.04,8.04,17.57,116.5,6.2925519943237305,223.77,0.0,12.84,90.4,6.307103872299194,7.73,8.8,16.48,135.2,6.286471605300903,116.81,2.04,13.76,178.0,6.2992472648620605,262.0,10.52,15.23,132.9,6.296495676040649,283.8,0.0,14.06,133.6,6.2929418087005615,60.91,8.92,17.43,180.8,6.285417079925537,100.11,3.38,14.81,141.1,6.292828321456909,137.37,0.0,11.95,133.4,6.299358367919922,138.25,0.0,15.33,97.5,6.31079626083374,358.95,2.71,18.99,166.9,6.319980382919312,343.48,8.48,17.18,174.6,6.34375786781311,,,,,,,,,,
146.6,11.77,0.04,0.3,5.794640064239502,161.19,9.44,2.27,22.6,5.979047536849976,161.02,1.77,8.72,72.1,5.989681959152222,64.42,2.52,5.93,41.5,6.079526662826538,73.83,0.59,11.33,77.9,6.1828906536102295,160.4,0.0,7.62,52.0,6.159003496170044,196.7,0.0,12.83,77.0,6.188730478286743,237.66,2.83,16.79,108.1,6.201623916625977,65.39,2.38,8.15,117.5,6.19827675819397,119.0,2.82,7.14,153.6,6.176547288894653,162.33,3.1,14.69,195.8,6.192286491394043,350.33,2.63,12.13,60.1,6.17536211013794,183.69,0.0,7.37,77.1,6.197372198104858,319.31,6.65,15.84,84.9,6.221029043197632,320.45,3.69,11.46,78.3,6.175032615661621,334.6,2.84,16.04,133.2,6.224114656448364,198.02,11.31,9.94,69.8,6.226694345474243,41.22,0.0,6.58,102.4,6.227223873138428,259.63,1.87,15.52,125.3,6.251773118972778,293.91,10.06,16.22,154.9,6.273532867431641,320.98,0.0,10.19,147.6,6.29544734954834,252.25,2.5,17.24,113.9,6.303168535232544,295.58,9.86,16.61,104.6,6.315420627593994,276.68,0.0,7.82,102.2,6.317195892333984,108.46,3.12,12.26,137.2,6.332356452941895,250.22,3.16,15.47,125.6,6.308854579925537,344.97,7.07,18.3,169.3,6.327562093734741,121.73,0.0,18.0,97.5,6.320525884628296,143.79,1.35,14.96,153.3,6.3210289478302,277.91,0.0,13.61,93.0,6.310797214508057,306.12,6.01,15.64,174.6,6.320816993713379,338.38,6.74,15.2,167.8,6.321259260177612,339.26,1.17,16.04,177.0,6.336524248123169,190.55,0.0,16.03,152.6,6.3439226150512695,169.01,0.0,15.68,126.6,6.37169337272644,,,,,,,,,,
146.6,2.99,0.02,0.2,5.818625688552856,161.19,2.24,2.24,22.4,6.003035306930542,161.02,0.0,8.12,87.7,6.015733242034912,57.48,12.94,8.07,81.2,6.104326248168945,62.4,11.18,13.66,109.4,6.208335161209106,143.96,0.5,8.4,74.0,6.183064222335815,175.25,0.46,10.22,183.3,6.217677116394043,209.79,0.0,18.37,98.2,6.22587513923645,32.43,0.0,7.09,113.6,6.22262978553772,80.24,8.32,8.37,157.5,6.197022199630737,116.98,5.01,19.14,71.7,6.22093653678894,300.15,0.0,11.71,70.9,6.204611778259277,131.57,0.62,9.74,180.4,6.225542306900024,258.84,0.0,7.52,120.2,6.246505975723267,254.62,0.0,9.83,162.1,6.203944206237793,261.3,4.0,12.64,141.6,6.248862504959106,123.22,2.94,10.42,83.7,6.249892950057983,323.44,0.44,16.79,129.3,6.255625247955322,171.21,1.1,16.56,100.4,6.28034520149231,195.47,0.0,11.95,80.9,6.299039602279663,221.22,12.35,12.59,132.6,6.324460506439209,147.3,8.23,11.94,126.4,6.327895641326904,186.33,2.91,11.88,124.7,6.341840505599976,165.94,1.25,17.85,136.0,6.345752716064453,345.76,8.38,12.08,163.4,6.360924482345581,125.6,0.0,14.73,128.7,6.337345123291016,212.78,0.0,10.78,120.8,6.355938673019409,348.66,0.86,13.3,153.5,6.349132776260376,1.32,10.44,13.42,149.6,6.34484076499939,136.93,0.27,17.8,146.0,6.339802503585815,152.67,0.0,10.65,126.4,6.34754753112793,180.35,3.87,16.01,154.3,6.353662729263306,177.01,9.4,16.63,142.5,6.364612817764282,21.53,7.73,15.31,152.3,6.372641086578369,353.32,3.26,17.77,172.3,6.400134801864624,,,,,,,,,,
146.6,0.0,0.01,0.0,5.842620611190796,161.19,0.0,2.04,22.2,6.031199216842651,161.02,2.26,8.75,87.7,6.038902044296265,50.89,5.34,5.62,96.8,6.127733469009399,49.66,2.34,17.14,115.0,6.2336106300354,127.97,9.0,10.14,139.3,6.210473299026489,153.28,10.7,12.46,121.3,6.247243881225586,182.81,11.79,15.55,109.9,6.2554426193237305,0.79,1.72,20.13,118.9,6.248281240463257,42.63,2.15,11.37,89.9,6.225296497344971,72.42,0.0,3.83,95.4,6.2455222606658936,249.7,10.5,9.82,102.9,6.22686767578125,76.82,12.12,16.44,86.2,6.250009536743164,198.46,3.53,11.81,167.4,6.272853136062622,189.93,3.38,19.01,146.7,6.2258946895599365,187.65,0.0,6.58,95.1,6.27289891242981,46.14,0.0,9.7,77.9,6.277105808258057,239.68,9.82,9.14,116.3,6.279587745666504,82.35,11.17,12.43,98.9,6.304173946380615,105.91,0.46,16.23,89.6,6.3283209800720215,118.92,0.0,7.99,91.4,6.350241661071777,42.28,1.44,10.79,87.3,6.355626344680786,76.82,0.0,12.19,156.0,6.367075204849243,50.01,10.46,15.53,162.8,6.37232518196106,224.12,0.0,14.99,86.3,6.385625123977661,357.36,11.43,14.65,125.4,6.367783784866333,83.23,0.56,15.18,159.1,6.3789381980896,212.7,8.8,13.17,143.6,6.373224258422852,224.21,0.0,12.31,118.2,6.373702049255371,348.66,8.11,12.43,135.8,6.361027956008911,359.03,6.24,15.83,151.1,6.376095771789551,21.36,0.0,11.44,134.6,6.377456903457642,12.57,0.44,13.61,109.7,6.388544797897339,218.67,3.25,15.42,161.8,6.399995088577271,178.86,6.06,16.47,169.3,6.428804636001587,,,,,,,,,,
146.6,0.0,0.02,0.2,5.866640090942383,161.19,1.62,2.26,22.6,6.0600879192352295,161.02,8.18,8.8,87.7,6.065270900726318,44.56,1.97,4.6,43.1,6.147950172424316,37.53,0.0,11.73,102.5,6.260027170181274,110.57,2.42,10.47,132.6,6.237189769744873,130.52,0.0,9.32,82.5,6.2676146030426025,153.63,1.22,7.48,100.9,6.277684450149536,329.06,7.31,12.38,126.5,6.272679328918457,4.57,0.0,11.92,76.4,6.249456644058228,31.03,0.0,8.51,94.0,6.266512870788574,197.75,3.19,15.5,88.3,6.255490064620972,20.83,2.38,5.9,157.8,6.274186611175537,136.85,8.02,14.02,164.7,6.301998138427734,122.7,4.65,12.24,102.8,6.257246255874634,120.76,2.98,16.13,191.7,6.302931070327759,336.01,2.97,9.0,122.9,6.302369356155396,160.4,0.0,15.8,93.2,6.304878234863281,355.43,0.0,12.64,119.2,6.333007097244263,13.45,11.74,18.53,156.1,6.350999116897583,26.28,0.0,10.18,132.9,6.376680135726929,304.63,0.05,12.59,125.5,6.382294416427612,329.59,11.07,10.48,168.5,6.396508455276489,293.03,0.0,8.45,96.6,6.396955728530884,108.9,0.63,14.37,121.0,6.4132914543151855,226.49,1.26,13.41,133.4,6.393152475357056,315.35,6.71,15.67,146.7,6.4058473110198975,76.99,1.8,14.93,99.4,6.400699615478516,84.46,0.64,13.21,175.8,6.4002745151519775,199.95,0.0,14.02,89.4,6.389907598495483,205.58,3.68,17.41,157.2,6.402012586593628,228.87,4.25,14.88,160.9,6.405669212341309,215.16,1.98,14.67,133.5,6.416829347610474,50.36,0.0,14.65,169.6,6.428888559341431,3.87,1.18,18.39,120.0,6.452927827835083,,,,,,,,,,
146.6,4.68,0.02,0.3,5.894182205200195,161.19,10.47,2.27,22.7,6.083657264709473,161.02,2.19,8.77,87.4,6.088367700576782,37.97,0.0,10.05,83.5,6.17667818069458,25.49,6.92,7.43,157.0,6.283545017242432,92.37,0.0,14.57,102.3,6.26386284828186,109.78,1.33,16.49,94.6,6.296079397201538,126.39,0.1,12.24,185.7,6.306151628494263,294.7,0.0,7.13,48.3,6.29731011390686,328.8,3.07,10.48,79.7,6.273423671722412,349.89,8.78,16.44,160.7,6.2943196296691895,148.62,0.0,8.09,99.2,6.282738447189331,327.66,0.0,6.94,84.4,6.29822301864624,73.12,0.0,9.63,111.1,6.327094793319702,53.96,0.0,4.22,119.3,6.281180143356323,46.93,8.62,6.6,86.1,6.3263466358184814,260.24,8.24,9.4,89.7,6.325817584991455,81.3,0.0,10.58,82.8,6.327397108078003,265.43,0.54,14.64,120.4,6.3574302196502686,278.53,0.05,14.72,63.0,6.374902963638306,289.34,10.47,18.57,95.5,6.400865316390991,198.9,9.69,9.86,151.9,6.403786897659302,215.42,2.13,15.29,95.4,6.421963214874268,187.29,0.21,12.2,155.5,6.424163818359375,345.85,7.82,13.59,174.4,6.441861152648926,100.9,1.88,15.49,164.5,6.42062258720398,184.04,0.0,8.75,97.8,6.432624578475952,309.73,0.0,15.37,149.1,6.42717432975769,306.74,7.66,14.44,145.1,6.429672002792358,59.59,0.0,12.74,168.9,6.417174577713013,53.0,0.0,11.89,128.3,6.426986455917358,72.69,5.04,14.87,164.3,6.431026220321655,52.65,10.69,13.87,151.7,6.443788051605225,247.32,10.28,16.47,168.2,6.456358909606934,202.24,1.49,18.44,183.1,6.476495742797852,,,,,,,,,,
146.6,10.11,0.02,0.2,5.918176889419556,161.19,0.19,2.25,12.5,6.10765814781189,161.02,0.0,7.01,87.3,6.114444017410278,31.29,3.57,10.25,134.9,6.201015472412109,13.89,5.0,10.36,109.5,6.312716245651245,74.71,8.06,7.84,161.8,6.288055181503296,87.89,11.17,6.18,127.0,6.324153184890747,97.38,11.87,18.61,97.4,6.333871603012085,262.71,0.35,12.98,135.8,6.325484991073608,290.48,6.61,8.2,78.6,6.29790472984314,304.01,3.82,14.64,62.1,6.320936679840088,100.72,3.17,19.28,61.0,6.306619167327881,274.66,2.98,9.82,126.2,6.321742534637451,14.24,0.0,17.24,69.2,6.3499064445495605,350.07,2.52,18.11,164.5,6.305139064788818,341.28,1.7,15.54,134.3,6.350071668624878,187.47,2.2,11.77,73.5,6.354132413864136,1.85,3.21,15.25,152.1,6.355520725250244,177.36,9.27,9.35,169.4,6.385733127593994,187.29,0.28,18.41,92.2,6.406498432159424,189.93,2.83,13.93,132.5,6.432827711105347,99.76,2.85,14.65,98.0,6.4356560707092285,110.48,0.0,10.06,131.3,6.4495275020599365,72.07,11.52,18.03,148.1,6.451868057250977,224.03,0.0,9.61,80.0,6.465700149536133,333.28,7.39,13.22,147.4,6.448658466339111,63.28,0.0,15.3,142.9,6.457519769668579,173.94,9.56,14.92,128.9,6.453180313110352,166.82,0.0,10.98,130.9,6.457576513290405,275.89,11.0,16.2,151.1,6.444761753082275,263.85,5.45,16.3,144.7,6.458084583282471,278.53,0.0,13.7,123.9,6.459359884262085,247.76,0.0,13.81,126.3,6.471188306808472,72.33,2.83,15.42,190.1,6.479942560195923,27.6,10.52,16.33,172.2,6.5045037269592285,,,,,,,,,,
146.6,3.02,0.03,0.1,5.942179441452026,161.19,0.0,2.12,22.4,6.132080316543579,161.02,2.72,8.73,87.6,6.137054204940796,23.91,8.19,12.67,68.7,6.224326848983765,1.76,0.0,7.6,32.6,6.332642555236816,58.01,7.66,6.08,122.9,6.311652421951294,66.53,4.34,8.63,157.9,6.348086833953857,70.22,2.94,14.64,104.8,6.36181116104126,228.25,10.64,13.62,201.5,6.353671312332153,252.86,0.0,12.02,85.7,6.326319694519043,259.8,0.0,12.38,83.0,6.34639573097229,50.19,8.62,15.01,80.4,6.330773591995239,219.9,7.98,13.27,121.6,6.349995851516724,315.88,11.89,15.75,77.4,6.37691068649292,281.69,5.76,11.17,65.9,6.334652185440064,266.92,0.47,12.9,140.3,6.378606081008911,112.76,0.14,8.66,119.2,6.377992391586304,284.5,4.95,8.01,107.0,6.38299298286438,91.23,2.62,13.34,179.3,6.410733938217163,98.0,12.2,14.64,179.3,6.4305260181427,91.49,0.0,9.94,107.7,6.456697225570679,0.09,0.0,6.19,122.5,6.455451011657715,0.0,8.12,16.6,117.4,6.473976135253906,315.0,1.55,15.39,91.6,6.476719617843628,113.64,0.02,11.87,117.5,6.49198055267334,207.07,0.0,8.99,96.2,6.473021030426025,296.46,11.22,14.19,127.6,6.486690044403076,37.62,2.15,13.45,157.3,6.47788667678833,24.43,0.57,15.82,137.8,6.481773138046265,124.8,0.0,10.45,127.3,6.469664812088013,112.76,3.26,15.37,173.6,6.4827539920806885,121.03,5.46,15.23,180.1,6.481729507446289,85.61,1.21,15.26,137.7,6.495922327041626,268.95,0.0,14.15,160.6,6.509926795959473,212.7,0.0,10.56,106.7,6.544528961181641,,,,,,,,,,
146.6,0.0,0.02,0.1,5.966181039810181,161.19,3.58,2.25,22.6,6.156617879867554,161.02,8.24,8.73,87.5,6.1643147468566895,17.4,0.05,8.61,52.1,6.249887228012085,350.95,0.16,8.81,140.4,6.362696647644043,41.31,0.0,14.29,39.8,6.339657306671143,45.09,0.0,9.17,76.5,6.372051239013672,41.66,0.0,15.52,95.3,6.386080741882324,193.18,0.0,8.33,94.0,6.3795318603515625,214.28,0.37,14.93,85.0,6.349543571472168,215.33,2.1,16.03,162.7,6.370904445648193,1.49,3.41,10.37,138.0,6.356395483016968,163.74,0.0,4.9,66.5,6.377527952194214,252.77,2.51,18.0,81.9,6.405833959579468,216.12,0.0,4.97,117.6,6.357578039169312,194.15,9.96,10.31,96.1,6.405647039413452,37.09,8.0,10.76,112.3,6.402289867401123,204.7,0.0,13.78,119.3,6.407156467437744,4.48,0.0,13.28,171.1,6.43359375,1.85,3.42,13.29,150.1,6.459225654602051,357.54,9.46,17.03,155.6,6.481196165084839,267.28,1.33,11.87,108.0,6.483367681503296,257.61,3.12,15.78,96.4,6.501934766769409,203.82,0.65,14.41,120.3,6.5058534145355225,350.6,10.64,14.45,177.7,6.518472909927368,91.49,0.0,15.87,144.1,6.498689889907837,160.22,0.0,9.09,117.9,6.50983190536499,264.9,0.0,17.55,141.7,6.507244825363159,247.85,8.76,16.8,165.2,6.506107568740845,334.95,3.43,12.55,141.9,6.498991012573242,317.37,0.0,12.67,142.5,6.510468006134033,321.42,4.42,16.64,153.7,6.51034140586853,286.96,8.42,15.81,156.2,6.524755477905273,100.9,10.41,14.92,159.6,6.533104181289673,38.5,2.03,18.85,171.6,6.5565266609191895,,,,,,,,,,
146.6,0.31,0.02,0.1,5.986187934875488,161.19,7.56,2.27,22.6,6.180630683898926,161.02,2.62,8.72,59.0,6.188588857650757,10.99,0.0,7.96,93.2,6.276612043380737,338.73,12.02,6.53,145.2,6.38428521156311,24.7,0.0,9.3,78.6,6.3643412590026855,24.52,0.2,9.69,165.0,6.3977344036102295,14.94,3.09,9.89,165.5,6.410114049911499,161.72,2.03,16.08,110.0,6.408525943756104,176.57,11.9,15.34,134.6,6.381072521209717,170.33,4.85,13.15,101.5,6.402361869812012,313.51,0.0,14.7,85.2,6.384297609329224,111.62,1.05,12.1,194.7,6.405919790267944,192.66,0.0,14.58,78.3,6.429747581481934,151.96,3.33,11.41,154.4,6.386245250701904,124.28,2.3,17.74,109.5,6.431794881820679,320.36,3.48,8.02,79.6,6.430113554000855,121.82,2.9,7.64,93.6,6.435401678085327,281.69,11.21,12.7,85.3,6.465121746063232,274.13,0.0,12.4,163.1,6.483947515487671,257.78,3.25,11.52,174.2,6.510464429855347,161.98,6.25,11.11,138.8,6.512850046157837,152.58,0.0,8.37,109.0,6.52631139755249,89.03,10.88,15.8,134.7,6.529104471206665,224.82,0.0,15.1,140.4,6.546083927154541,329.24,12.26,15.84,133.9,6.527766942977905,34.1,0.12,13.41,137.5,6.538346529006958,129.99,11.11,13.89,137.5,6.53751802444458,107.75,0.0,8.23,98.3,6.533730745315552,187.91,7.14,17.81,148.1,6.526556491851807,164.79,9.08,14.26,145.4,6.535782337188721,163.92,0.0,11.85,156.7,6.540697813034058,124.37,0.0,11.22,123.9,6.5479576587677,284.33,0.0,16.82,100.2,6.561019420623779,229.48,8.44,18.09,188.9,6.584524154663086,,,,,,,,,,
146.6,2.98,0.02,0.4,6.010249853134155,161.19,1.86,2.24,18.9,6.2046380043029785,161.02,0.0,7.3,86.5,6.212643623352051,4.39,0.75,6.9,102.7,6.30113697052002,326.25,2.08,9.42,131.2,6.416388034820557,9.23,2.19,15.95,126.3,6.387359380722046,3.96,3.08,16.13,80.5,6.4213502407073975,348.05,6.78,11.19,109.7,6.437566995620728,128.41,9.99,14.23,80.9,6.43171763420105,135.53,0.0,10.23,69.8,6.405653715133667,124.63,0.0,9.04,94.6,6.426573038101196,263.06,11.65,10.38,92.7,6.406659364700317,53.53,10.21,8.16,159.9,6.429767370223999,132.98,11.6,11.64,159.2,6.458016395568848,83.94,8.89,15.03,148.3,6.41306471824646,49.83,0.1,8.33,106.9,6.456591606140137,247.68,0.0,5.99,95.7,6.456460475921631,44.47,11.31,17.85,179.5,6.458771228790283,193.18,3.04,12.71,183.7,6.489478588104248,180.35,8.57,14.27,166.0,6.512760162353516,159.08,0.0,12.51,147.7,6.536002159118652,57.3,0.0,9.3,110.3,6.535749912261963,46.05,2.73,13.3,135.2,6.549742937088013,332.58,0.0,13.36,94.4,6.556757211685181,103.89,2.73,16.15,121.7,6.572736978530884,197.4,0.0,10.43,97.5,6.549313306808472,266.57,10.89,11.65,170.5,6.562350273132324,346.99,0.0,10.82,115.2,6.562002658843994,336.27,0.76,17.65,160.6,6.559330463409424,40.78,0.0,13.83,109.1,6.55079460144043,10.81,4.16,14.74,169.7,6.562485694885254,4.83,3.62,14.79,143.6,6.565237760543823,319.66,1.65,15.94,160.9,6.576616764068604,116.1,0.96,17.0,175.7,6.590038537979126,55.72,1.75,16.16,104.0,6.612642526626587,,,,,,,,,,
146.6,8.15,0.04,0.2,6.034247398376465,161.19,0.0,2.07,22.5,6.228672742843628,161.02,3.34,8.75,87.4,6.236887216567993,358.24,11.12,8.19,63.8,6.3257551193237305,314.38,0.0,6.37,109.5,6.436995983123779,352.97,6.58,6.87,160.1,6.412856340408325,344.18,5.53,14.91,117.3,6.447958469390869,319.48,0.0,4.48,67.7,6.464905500411987,95.01,2.86,18.67,93.9,6.457618474960327,96.94,0.13,10.12,179.3,6.434444189071655,82.0,0.71,10.53,130.2,6.451926708221436,211.2,2.89,8.85,65.7,6.434394121170044,357.98,1.96,12.71,73.6,6.453934192657471,67.5,3.03,15.63,185.9,6.481357336044312,17.31,1.9,9.95,55.7,6.434512376785278,341.63,12.56,15.85,101.5,6.4876134395599365,175.52,2.93,9.8,79.1,6.478199481964111,320.1,0.0,5.48,78.1,6.483905076980591,104.06,0.0,16.66,131.5,6.515859603881836,86.57,3.12,13.99,155.3,6.537022590637207,59.41,9.83,14.16,170.5,6.56180739402771,318.52,2.04,13.95,102.8,6.562284231185913,298.92,5.81,14.29,105.8,6.57787013053894,220.87,2.9,13.33,109.9,6.581589221954346,341.54,6.6,14.32,136.3,6.602620840072632,77.43,0.0,11.23,183.6,6.580690622329712,131.57,0.0,17.85,110.6,6.594098567962647,210.23,2.32,12.73,153.4,6.590624570846558,194.59,10.17,14.67,127.7,6.588623285293579,258.13,3.47,14.25,165.3,6.579859018325806,223.15,0.0,14.37,140.9,6.587311506271362,217.71,5.7,14.66,146.1,6.590061664581299,156.8,5.78,16.1,140.9,6.6046462059021,306.3,8.55,16.92,160.7,6.614063501358032,246.53,0.94,17.68,171.3,6.636633396148682,,,,,,,,,,
146.6,2.78,0.02,0.2,6.058250904083252,161.19,4.54,2.26,22.5,6.256791114807129,161.02,9.45,8.76,87.4,6.265126705169678,351.21,2.54,9.43,102.8,6.350507736206055,302.52,7.06,10.15,73.6,6.465171098709106,335.92,0.0,10.77,75.2,6.440365552902222,321.5,0.0,8.96,81.1,6.470916748046875,293.38,0.4,8.23,89.7,6.489877462387085,62.75,0.0,9.27,101.6,6.479686737060547,57.74,12.82,17.49,116.6,6.458629369735718,36.91,10.58,9.39,150.6,6.480083227157593,163.83,0.0,10.33,164.7,6.462955713272095,302.78,0.39,15.79,107.3,6.481733560562134,5.45,0.0,5.78,97.6,6.506463527679443,316.76,0.0,8.82,113.5,6.462000608444214,264.73,2.15,17.73,107.0,6.512221097946167,103.71,11.43,7.62,77.3,6.50655460357666,242.93,0.3,13.88,186.0,6.51456618309021,14.33,11.5,10.48,85.6,6.542346239089966,354.64,0.0,12.76,153.0,6.562294006347656,322.38,3.06,9.33,168.4,6.58817195892334,213.75,6.98,15.56,160.8,6.59150242805481,189.93,0.0,10.53,103.5,6.606349945068359,106.08,8.44,16.69,127.3,6.610756158828735,219.81,0.0,10.77,103.0,6.630137205123901,314.03,11.12,12.25,175.1,6.6090710163116455,0.0,0.17,15.84,148.4,6.618452548980713,74.62,8.32,14.44,131.2,6.6147332191467285,47.64,0.0,17.26,93.7,6.611194610595703,111.36,6.54,15.24,176.0,6.603119850158691,70.49,6.47,15.91,172.5,6.616624116897583,61.0,0.0,12.84,113.7,6.619317293167114,353.06,0.0,10.03,137.1,6.629859447479248,138.08,0.0,15.78,127.3,6.642175674438477,72.86,9.09,16.81,186.1,6.665099143981934,,,,,,,,,,
146.51,0.0,0.01,-0.1,6.086258888244629,161.19,8.2,2.25,22.7,6.284810304641724,161.02,2.46,8.75,85.5,6.288580656051636,343.92,0.0,9.42,143.0,6.378967046737671,290.39,3.74,10.49,96.5,6.493356227874756,318.96,0.59,10.93,143.9,6.466516971588135,300.59,3.34,8.7,110.7,6.49951696395874,266.57,10.62,15.6,117.8,6.517466068267822,30.32,3.08,8.18,127.9,6.504081726074219,17.23,2.53,6.84,89.5,6.483802795410156,352.18,0.0,15.83,56.6,6.502741575241089,112.24,8.36,13.19,91.3,6.486819744110107,245.48,10.5,15.71,152.3,6.509829521179199,312.19,1.41,19.46,89.3,6.530048131942749,250.66,11.34,10.38,146.6,6.490508079528809,191.51,2.27,9.87,99.3,6.538840532302856,26.98,2.57,8.01,90.8,6.529940605163574,160.22,10.13,9.47,90.1,6.538914203643799,287.49,2.46,10.6,171.7,6.571244478225708,259.45,11.56,15.06,152.1,6.594903945922852,226.41,0.0,12.14,95.4,6.6169750690460205,109.6,0.0,11.52,106.8,6.619582176208496,80.6,3.23,16.51,103.7,6.633640766143799,349.89,0.0,9.75,100.9,6.637505531311035,99.93,2.66,15.25,129.5,6.654177665710449,183.6,0.1,12.95,110.5,6.6333489418029785,237.13,10.39,13.7,146.9,6.64721417427063,302.17,0.0,11.48,128.0,6.6429831981658936,276.42,1.56,13.99,139.6,6.642522573471069,322.65,0.0,9.06,111.5,6.630497455596924,282.22,3.57,15.31,140.9,6.64260721206665,267.89,3.85,15.4,157.1,6.641756772994995,188.79,3.19,14.67,159.4,6.6596410274505615,327.74,1.9,17.76,165.6,6.670416831970215,263.85,1.43,16.79,119.0,6.689107656478882,,,,,,,,,,
146.6,0.29,0.01,0.3,6.110335111618042,161.19,2.18,2.24,12.8,6.308803081512451,161.02,0.0,8.05,85.9,6.315522909164429,337.24,3.48,14.38,81.2,6.403809309005737,278.35,0.0,12.76,95.3,6.517220497131348,301.29,9.23,17.07,108.6,6.492960691452026,278.96,10.25,6.54,134.6,6.523442268371582,237.04,0.0,12.44,80.3,6.541925668716431,358.51,9.19,13.33,95.0,6.532022953033447,341.28,0.0,10.62,127.7,6.510641813278198,308.23,0.34,14.67,57.2,6.526825666427612,61.61,7.27,14.22,107.2,6.515507936477661,186.86,0.0,12.2,65.3,6.53753662109375,251.1,8.62,19.37,107.9,6.558164358139038,180.7,2.21,16.02,83.9,6.515581846237183,124.72,12.4,17.72,125.0,6.5652830600738525,317.02,0.0,5.43,69.2,6.555905818939209,80.42,3.34,13.54,176.9,6.567232847213745,199.07,0.0,15.48,118.6,6.600036859512329,162.69,2.06,15.82,74.1,6.619323968887329,131.31,8.56,11.81,167.4,6.642318964004517,2.9,0.32,12.02,106.8,6.6438188552856445,332.93,5.3,12.55,138.0,6.660689115524292,237.39,0.32,17.5,133.9,6.665886402130127,341.46,5.99,11.94,153.2,6.677349805831909,57.57,2.76,12.77,178.2,6.660621643066406,101.95,0.0,14.98,110.0,6.675749778747559,165.59,4.08,15.33,139.7,6.668073177337647,136.32,9.26,16.49,136.7,6.665788888931274,180.97,0.59,17.75,156.5,6.659304857254028,129.2,0.0,12.94,140.3,6.670364856719971,110.13,4.9,16.93,183.3,6.671019077301025,26.19,7.0,16.26,144.1,6.684417247772217,159.61,6.54,16.27,149.9,6.697352409362793,89.82,0.02,17.54,150.3,6.718574523925781,,,,,,,,,,
146.51,7.7,0.03,0.3,6.134334564208984,161.19,0.0,1.92,22.4,6.332803010940552,161.02,1.78,8.7,87.4,6.336858034133911,330.21,4.86,6.06,59.2,6.424998283386231,266.04,2.88,12.81,103.8,6.546204566955566,284.06,0.0,5.45,128.2,6.517655372619629,256.46,0.0,10.55,79.2,6.551256418228149,209.88,0.27,7.31,147.4,6.565902948379517,325.46,0.0,10.66,78.0,6.55982780456543,301.64,10.88,11.88,189.7,6.536455154418945,263.41,12.06,16.33,176.3,6.558403253555298,10.63,0.0,10.1,115.0,6.538722038269043,132.89,0.67,11.57,103.8,6.565749883651733,188.79,0.0,16.52,75.0,6.585584163665772,115.66,0.0,6.34,83.6,6.543970346450806,48.08,2.57,11.65,151.3,6.594032526016235,244.51,1.61,7.37,76.0,6.577671051025391,358.59,0.0,11.23,77.9,6.59187650680542,109.95,12.43,8.68,143.5,6.624883413314819,71.54,0.0,15.68,153.0,6.643481016159058,30.85,5.09,15.21,113.3,6.67011284828186,265.08,9.94,14.8,142.6,6.667759895324707,222.71,0.0,11.75,87.3,6.687329292297363,123.31,7.68,10.98,124.1,6.692657947540283,220.08,0.0,13.24,86.7,6.705973863601685,294.52,8.61,12.4,165.4,6.6877148151397705,330.12,2.4,13.0,181.0,6.700541257858276,29.71,7.98,15.95,135.9,6.697218418121338,353.85,0.16,13.25,117.7,6.694686651229858,33.66,7.8,14.34,154.8,6.683343410491943,334.95,11.84,15.56,162.2,6.69889760017395,310.78,0.0,12.62,166.7,6.697379350662232,227.9,0.0,13.04,135.6,6.713625192642212,348.84,0.0,11.24,126.7,6.725440502166748,281.16,9.17,17.07,176.4,6.742147922515869,,,,,,,,,,
146.6,8.76,0.03,0.3,6.1583404541015625,161.19,3.32,2.24,22.6,6.358915328979492,161.02,10.54,8.73,87.4,6.364274263381958,323.53,0.0,5.37,45.9,6.449856281280518,253.74,4.55,11.95,116.4,6.5700883865356445,267.19,0.66,13.13,86.4,6.54794192314148,234.32,0.41,16.97,133.1,6.578331470489502,182.99,12.55,12.65,154.6,6.595630168914795,292.41,0.35,15.02,64.0,6.583672523498535,259.72,2.54,7.63,135.7,6.565349817276001,215.68,1.65,15.29,50.6,6.58659029006958,320.63,2.78,18.51,96.2,6.565150260925293,75.59,9.06,9.72,146.9,6.5899271965026855,128.76,0.36,12.37,133.2,6.61438512802124,51.94,1.76,11.61,101.7,6.568296194076538,336.27,0.0,8.28,68.2,6.618546485900879,172.09,11.2,10.2,78.5,6.60648250579834,277.91,11.33,14.17,177.2,6.620579242706299,19.95,2.45,16.89,149.2,6.649261236190796,339.7,12.78,17.0,146.5,6.672348737716675,294.08,0.0,8.93,153.3,6.694504499435425,161.28,0.0,11.77,77.4,6.695693492889404,118.48,3.1,11.4,164.1,6.715604543685913,6.15,2.24,18.12,118.8,6.716621160507202,104.68,2.44,14.57,183.1,6.732903242111206,169.19,0.0,12.56,145.3,6.713055849075317,198.11,6.08,18.42,164.3,6.728982925415039,257.17,0.0,8.03,148.1,6.7196946144104,211.46,3.76,15.69,153.7,6.722965478897095,250.4,0.0,10.72,118.7,6.711570978164673,175.87,1.74,14.92,143.5,6.7228169441223145,153.02,10.74,14.13,153.2,6.7255027294158936,65.57,1.75,17.95,156.5,6.7364373207092285,180.62,4.06,16.93,151.1,6.750791311264038,107.31,0.0,17.36,121.9,6.77019190788269,,,,,,,,,,
146.6,3.22,0.02,0.1,6.178335189819336,161.19,8.8,2.25,22.7,6.383194446563721,161.02,0.41,8.73,50.9,6.388708114624023,316.85,0.07,7.33,94.3,6.475440502166748,241.08,0.0,13.37,160.7,6.598173141479492,250.22,10.33,5.58,145.4,6.56963849067688,211.64,9.72,12.47,83.4,6.60700249671936,153.72,1.91,7.4,49.6,6.6180713176727295,259.1,12.27,7.71,110.1,6.612954378128052,221.57,0.0,8.43,98.2,6.589612245559692,172.18,1.44,11.85,96.3,6.61121678352356,270.0,7.79,17.57,65.4,6.590850830078125,22.24,2.9,16.9,141.7,6.61320686340332,65.39,12.0,7.3,177.0,6.638568639755249,345.41,5.14,12.92,147.1,6.597045183181763,267.36,12.0,13.81,174.4,6.646576642990112,94.13,2.13,7.06,77.0,6.6301116943359375,191.34,2.05,7.82,56.5,6.644545793533325,293.55,0.03,14.84,119.2,6.676773309707642,241.08,1.87,13.24,84.9,6.696108102798462,198.46,3.8,15.1,145.2,6.722705125808716,59.77,0.03,13.9,156.8,6.722026109695435,6.15,9.8,14.22,146.8,6.740449666976929,259.72,0.06,11.49,130.6,6.742169380187988,341.63,5.42,12.49,112.8,6.762034177780151,42.54,0.54,14.37,117.4,6.740744352340698,68.2,0.0,12.96,114.7,6.7519166469573975,127.71,1.87,18.2,141.0,6.749080896377564,71.46,8.2,13.11,159.9,6.748874187469482,104.94,0.92,12.5,153.3,6.740954637527466,21.97,0.0,14.04,145.5,6.7511138916015625,346.99,2.27,14.04,150.9,6.754222631454468,266.75,6.58,16.72,151.2,6.767420530319214,11.07,5.38,17.0,177.8,6.7801268100738525,291.18,0.59,16.32,168.4,6.801525592803955,,,,,,,,,,
146.6,0.0,0.02,0.3,6.202541828155518,161.19,2.46,2.25,13.1,6.4072864055633545,161.02,0.0,8.11,86.7,6.414195775985718,310.08,9.76,10.0,145.7,6.506201982498169,229.04,4.8,9.9,137.0,6.623260498046875,232.47,2.0,16.14,36.4,6.598919630050659,190.63,2.1,17.69,51.5,6.631852149963379,127.71,0.0,10.25,69.2,6.64605975151062,225.18,2.31,6.72,49.3,6.637878656387329,185.45,4.02,9.83,89.7,6.613554954528809,128.41,11.78,14.25,82.9,6.6399900913238525,219.9,0.37,16.47,79.7,6.618628263473511,326.78,0.0,11.73,136.9,6.64249849319458,3.52,3.13,12.61,63.4,6.662869930267334,277.21,0.0,13.05,89.3,6.620986223220825,191.78,2.3,7.86,94.6,6.671096324920654,23.91,0.0,5.54,87.4,6.653930187225342,115.31,0.0,12.94,145.9,6.673752307891846,204.52,11.09,8.76,133.4,6.70417046546936,150.91,0.0,16.71,89.2,6.724974632263184,99.76,6.41,13.13,184.8,6.746874570846558,317.11,11.29,15.48,160.0,6.751224279403687,264.99,0.0,11.83,71.3,6.764729976654053,145.46,10.4,11.15,131.9,6.769776105880737,219.64,0.0,9.58,121.6,6.7868733406066895,279.93,8.02,15.54,129.8,6.768644094467163,300.32,2.17,14.63,160.9,6.782316446304321,349.89,7.09,15.41,141.7,6.775520324707031,294.08,0.0,14.55,88.4,6.773468732833862,315.97,7.7,17.26,149.5,6.763618469238281,234.49,11.16,16.88,154.2,6.779019594192505,189.84,0.0,15.55,147.8,6.782444000244141,105.12,0.0,9.12,157.6,6.79193925857544,208.48,0.0,12.24,152.9,6.805523157119751,117.69,8.33,17.89,160.3,6.82260799407959,,,,,,,,,,
146.6,0.19,0.02,0.3,6.226541519165039,161.19,0.0,2.01,22.3,6.432352781295776,161.02,2.76,8.72,87.5,6.440608024597168,302.61,3.06,11.05,84.3,6.530318260192871,217.18,5.47,8.47,140.9,6.652702331542969,215.6,1.2,7.76,141.2,6.626388072967529,169.37,0.22,14.56,76.1,6.656141996383667,100.46,9.12,15.58,84.8,6.674231767654419,193.18,0.0,16.97,72.2,6.662089109420776,149.24,7.3,8.13,149.4,6.638003587722778,82.27,2.91,14.67,156.7,6.662591934204102,170.51,0.12,12.44,156.4,6.646808385848999,269.56,11.15,8.46,185.6,6.670679569244385,308.06,0.0,11.99,106.1,6.6915602684021,212.08,2.8,7.09,105.7,6.645168304443359,124.89,0.0,11.58,112.7,6.696384429931641,312.89,3.43,9.33,101.9,6.682308197021484,31.03,7.81,7.98,75.3,6.694190740585327,116.19,2.08,14.08,97.0,6.730946063995361,59.77,10.86,14.88,153.2,6.75011157989502,2.72,0.26,18.12,92.2,6.771761178970337,208.04,0.07,18.14,70.4,6.772678852081299,160.14,0.31,13.79,126.7,6.792883396148682,23.99,0.0,13.77,90.6,6.796624660491943,105.03,1.91,11.89,172.5,6.814873456954956,154.86,0.0,10.75,95.4,6.793206453323364,169.8,7.57,12.24,140.3,6.80712890625,213.05,0.0,8.39,107.4,6.803624868392944,158.82,1.06,12.81,173.7,6.799931764602661,168.75,0.0,12.84,116.1,6.7925567626953125,76.46,1.24,14.45,107.5,6.806107521057129,30.85,12.23,16.73,147.4,6.806652545928955,305.6,4.48,18.7,157.3,6.819695711135864,39.55,3.09,14.93,190.2,6.833131313323975,300.94,0.0,11.61,132.8,6.8512349128723145,,,,,,,,,,
146.6,4.07,0.02,0.3,6.254544019699097,161.19,3.4,2.24,22.6,6.457036256790161,161.02,8.72,8.74,87.6,6.465595006942749,295.75,0.0,8.85,114.5,6.559098482131958,205.58,0.0,8.09,96.4,6.678022623062134,198.9,12.14,17.16,95.7,6.654998779296875,147.83,12.14,14.72,106.1,6.6843037605285645,72.6,6.32,10.92,157.8,6.697757959365845,161.19,7.63,6.7,156.6,6.690805196762085,111.53,0.0,6.52,79.0,6.661988496780396,37.35,0.0,13.19,188.6,6.686619997024536,118.92,9.59,16.36,92.4,6.670835494995117,212.17,1.86,12.15,180.0,6.697489738464356,244.95,5.38,16.3,68.0,6.716841220855713,147.74,8.13,9.98,130.3,6.674569129943848,50.8,3.28,10.28,141.6,6.723715305328369,237.57,8.42,7.66,104.9,6.707427978515625,316.23,6.22,15.25,145.0,6.723245143890381,29.71,0.0,17.64,147.2,6.753298044204712,323.79,2.22,13.52,102.3,6.77913236618042,274.13,0.23,10.85,143.8,6.794523239135742,107.75,0.55,10.33,123.3,6.802377462387085,49.13,11.03,10.5,128.6,6.816490650177002,276.42,0.2,14.07,122.1,6.821996688842773,341.54,6.54,16.21,142.8,6.84345006942749,32.52,0.04,16.37,153.9,6.818500518798828,38.41,0.0,9.19,100.3,6.832123517990112,82.62,0.21,13.05,172.2,6.827559947967529,16.61,10.15,14.42,156.1,6.826255559921265,20.57,1.66,15.05,166.4,6.819161653518677,287.84,0.5,14.58,143.5,6.832078456878662,232.03,2.05,15.68,101.7,6.834601402282715,143.88,5.78,16.26,187.8,6.844621896743774,236.78,6.87,14.93,172.2,6.858951568603516,127.88,1.88,19.32,174.3,6.875276803970337,,,,,,,,,,
146.6,9.05,0.02,0.3,6.278540849685669,161.19,9.46,2.25,22.6,6.479594707489014,161.02,2.02,8.75,76.1,6.489530801773071,288.37,2.74,8.05,77.2,6.583893060684204,194.24,1.49,8.79,47.8,6.701968669891357,181.58,2.38,7.57,102.8,6.678986549377441,124.89,2.0,11.57,118.2,6.712060689926148,44.65,0.0,5.06,105.1,6.722532510757446,128.5,5.94,15.79,194.6,6.71550726890564,74.09,0.0,11.87,101.8,6.689781188964844,353.06,11.81,17.99,81.0,6.71452784538269,68.47,2.56,13.93,128.5,6.69602108001709,156.36,0.89,9.91,151.6,6.719878911972046,184.66,3.43,15.67,152.5,6.745678663253784,81.47,0.01,11.83,88.3,6.69913649559021,338.73,3.4,10.28,70.3,6.7473132610321045,162.69,1.01,8.05,70.9,6.731463670730591,232.91,0.0,9.21,82.0,6.74730396270752,303.05,11.91,9.23,103.5,6.7812659740448,228.87,0.14,11.6,111.6,6.803570508956909,174.64,10.24,18.62,96.3,6.822703361511231,0.97,12.66,15.01,115.3,6.825657367706299,298.13,0.86,14.44,81.4,6.846353054046631,161.37,9.73,13.39,112.3,6.850245237350464,220.25,0.0,10.2,111.0,6.866781949996948,270.88,9.46,17.33,134.7,6.846593856811523,276.68,0.46,15.75,137.2,6.857376575469971,310.08,7.86,16.09,144.0,6.857403755187988,234.67,0.0,12.07,120.6,6.855552434921265,238.54,7.23,15.99,180.0,6.844968557357788,135.18,8.82,15.6,175.3,6.857383728027344,75.06,0.11,17.19,152.9,6.860912561416626,338.55,0.0,11.49,171.6,6.873863935470581,68.29,0.0,10.16,116.3,6.885870933532715,311.4,6.55,16.02,192.2,6.90435528755188,,,,,,,,,,
146.6,3.48,0.02,0.2,6.30259370803833,161.19,2.04,2.25,20.3,6.510436058044434,161.02,0.0,7.72,87.0,6.515014171600342,281.87,6.88,10.13,117.8,6.606285095214844,182.9,12.54,10.78,121.7,6.730088949203491,165.06,0.1,12.5,132.8,6.702978849411011,102.66,0.3,7.59,126.6,6.737700700759888,17.75,2.16,11.6,137.7,6.751068830490112,94.13,0.0,3.74,60.6,6.740230321884155,35.33,10.71,8.99,148.6,6.7168684005737305,306.56,2.5,7.76,110.2,6.742736101150513,17.14,0.0,15.72,92.8,6.718801498413086,101.34,11.54,13.97,103.6,6.748608112335205,122.26,0.0,12.75,132.3,6.76903510093689,17.75,0.0,14.89,158.2,6.723811149597168,268.51,0.0,13.73,135.6,6.776566505432129,90.09,0.0,6.06,83.8,6.755892753601074,157.24,0.9,14.37,116.0,6.775510311126709,214.1,2.32,12.05,134.0,6.8103532791137695,135.88,11.2,10.42,122.5,6.829706430435181,76.03,1.89,14.17,155.5,6.850408792495728,259.45,1.97,15.22,82.4,6.8531482219696045,192.48,0.56,17.44,137.1,6.869631767272949,45.7,2.32,14.27,127.1,6.878125905990601,100.55,5.1,16.63,115.4,6.895036697387695,145.02,0.0,17.69,75.4,6.869111776351929,145.9,9.07,14.92,146.2,6.886674404144287,174.38,0.0,9.94,83.0,6.880781650543213,94.39,2.07,14.78,153.5,6.879914999008179,92.2,0.0,16.41,113.0,6.86983060836792,341.19,0.0,13.45,113.0,6.888270854949951,281.69,10.84,15.41,173.1,6.889950037002564,175.69,3.2,18.81,159.1,6.900091886520386,264.73,1.73,17.7,159.8,6.909997463226318,138.08,0.0,11.16,131.7,6.936387777328491,,,,,,,,,,
146.6,0.0,0.01,-0.7,6.326592445373535,161.19,0.0,2.03,22.2,6.534461975097656,161.02,3.47,8.75,87.3,6.5377585887908936,274.39,0.0,9.36,83.0,6.630541563034058,169.98,1.53,16.05,60.7,6.7543134689331055,147.74,12.02,7.54,160.9,6.730477571487427,80.77,12.31,12.48,72.9,6.760990381240845,349.89,9.08,18.17,81.0,6.774715900421143,62.84,0.65,10.36,174.4,6.76165771484375,356.4,3.2,12.92,70.6,6.745577812194824,262.0,0.0,7.99,197.3,6.771258354187012,328.89,10.24,17.64,102.7,6.74680757522583,41.31,1.34,16.2,56.0,6.771817445755005,58.71,3.81,12.95,164.9,6.79444146156311,312.28,12.98,16.51,101.6,6.750867605209351,195.03,3.24,7.76,108.4,6.802967309951782,19.16,3.4,10.25,87.6,6.779880046844482,73.65,9.15,13.61,141.1,6.798551082611084,125.51,0.09,14.62,83.8,6.837505102157593,36.47,0.0,12.45,80.1,6.860821723937988,338.55,0.32,10.73,113.1,6.879103660583496,159.7,0.0,15.07,161.2,6.882369756698608,83.94,10.46,10.72,138.8,6.898216247558594,293.55,0.99,15.11,104.6,6.901724815368652,336.88,4.22,12.44,181.2,6.921794176101685,23.12,0.0,12.86,186.1,6.900711297988892,14.24,1.92,14.71,96.2,6.913188934326172,49.04,0.0,13.73,132.6,6.906755447387695,317.55,9.16,15.99,173.3,6.908869981765747,309.11,2.25,17.88,150.9,6.90006685256958,187.21,2.68,15.98,148.8,6.911532402038574,118.21,0.0,15.89,127.7,6.916240692138672,11.51,5.08,15.39,188.4,6.924594163894653,96.86,8.14,16.63,163.2,6.934058904647827,321.59,3.85,16.92,157.1,6.960839986801148,,,,,,,,,,
146.6,0.53,0.02,0.2,6.350598812103272,161.19,3.56,2.24,22.5,6.558804035186768,161.02,8.05,8.73,87.4,6.56518292427063,267.89,1.49,8.62,77.4,6.654581069946289,158.38,0.52,15.99,137.3,6.782994747161865,130.52,2.12,11.15,82.1,6.757287502288818,58.71,3.36,9.82,78.9,6.787770986557007,322.82,1.88,7.15,66.2,6.798877716064453,29.53,12.5,18.26,157.7,6.789895296096802,318.16,0.0,8.52,118.2,6.769546985626221,217.97,10.36,9.13,167.4,6.795245409011841,274.66,2.54,16.54,62.4,6.775110721588135,348.05,0.11,14.89,172.7,6.803330659866333,357.28,4.8,14.21,169.1,6.821149110794067,240.64,1.94,7.71,83.8,6.774912118911743,125.33,6.2,17.56,122.7,6.828485250473023,306.04,8.92,11.82,101.6,6.808711051940918,352.27,0.0,11.96,122.1,6.827440977096558,39.46,12.13,8.7,110.2,6.860831260681152,308.85,0.16,8.63,127.5,6.8848960399627686,238.89,10.42,15.76,118.9,6.907696008682251,53.96,11.75,9.61,156.5,6.905437707901001,331.26,0.0,15.5,88.9,6.925250053405762,178.24,9.05,16.59,133.1,6.930159568786621,216.12,0.0,12.29,169.9,6.947596549987793,260.6,11.62,15.13,159.7,6.929219722747803,251.89,0.28,12.24,156.2,6.936846971511841,275.98,12.35,14.5,154.8,6.93351149559021,175.96,0.0,9.6,92.3,6.930379390716553,161.89,6.64,15.12,122.4,6.925567865371704,35.24,8.39,16.9,177.2,6.939987897872925,318.43,0.56,13.94,140.8,6.94104790687561,213.57,0.0,11.13,135.6,6.955873012542725,293.47,0.0,12.81,124.5,6.962456464767456,147.66,4.15,17.23,173.5,6.988838911056519,,,,,,,,,,
146.51,8.4,0.02,0.3,6.370601654052734,161.19,10.23,2.26,22.6,6.582859039306641,161.02,2.1,8.73,87.2,6.589610815048218,261.3,12.54,6.54,102.5,6.685599088668823,146.25,10.25,14.39,153.8,6.805885553359985,113.73,0.0,9.84,148.7,6.782613277435303,38.14,0.0,4.57,117.9,6.808833122253418,295.66,0.0,10.78,119.5,6.827955961227417,354.46,1.75,10.78,66.8,6.818097829818726,279.4,3.85,8.92,82.7,6.793931007385254,172.62,3.03,20.55,66.5,6.819894552230835,224.65,0.0,13.1,68.7,6.802499294281006,290.92,11.75,12.5,196.4,6.831320762634277,294.17,0.0,9.76,147.8,6.846861362457275,178.15,0.0,10.74,167.2,6.804395437240601,50.63,0.0,7.89,107.7,6.8557493686676025,227.29,0.0,8.44,84.5,6.8342461585998535,268.68,0.62,15.57,117.9,6.854051351547241,311.92,3.03,13.01,175.7,6.89022159576416,217.44,11.74,12.24,126.7,6.913418531417847,136.49,0.0,12.66,71.6,6.931963443756104,311.31,2.26,17.88,137.5,6.9341535568237305,225.62,0.14,12.31,139.6,6.953725337982178,63.46,2.05,15.14,106.5,6.956673622131348,95.19,4.7,17.79,151.9,6.972578048706055,131.4,0.0,13.73,108.1,6.953106880187988,122.17,9.99,12.82,183.0,6.966586828231812,135.35,0.07,15.17,96.0,6.957411527633667,45.7,0.0,12.9,156.4,6.958095073699951,14.24,0.0,12.75,127.2,6.9534056186676025,246.53,0.0,13.82,99.6,6.9658966064453125,160.93,6.21,14.09,145.0,6.970441818237305,51.06,3.22,14.34,162.1,6.9804017543792725,124.8,3.3,16.64,156.6,6.9907519817352295,331.61,0.0,13.76,171.1,7.014301776885986,,,,,,,,,,
146.6,8.92,0.02,0.2,6.394687175750732,161.1,0.0,2.26,12.8,6.60723352432251,161.02,0.0,7.44,87.3,6.614484548568726,254.18,2.27,4.04,66.4,6.710962295532227,133.42,0.0,10.63,83.7,6.834715366363525,96.42,7.39,15.3,121.6,6.810539484024048,17.14,1.58,6.77,84.1,6.836910009384155,267.01,12.23,7.39,144.0,6.854334115982056,321.59,0.93,7.99,113.3,6.845557689666748,242.4,6.9,6.94,166.9,6.817865371704102,128.76,0.0,16.01,114.7,6.847230911254883,174.99,5.15,10.9,159.1,6.829995632171631,231.42,0.0,15.41,51.3,6.855719327926636,233.26,5.68,11.96,163.3,6.87675404548645,110.39,11.79,14.99,150.6,6.833765029907227,342.25,1.39,13.15,85.2,6.878269195556641,155.3,0.0,14.09,153.3,6.858387231826782,185.45,6.91,14.64,131.4,6.883118629455566,223.07,0.0,13.52,84.5,6.913490295410156,121.11,1.76,9.02,78.0,6.93926739692688,39.29,1.27,9.0,152.5,6.956285715103149,206.63,0.02,10.79,180.2,6.963137626647949,116.81,8.23,16.47,136.5,6.976641654968262,310.34,0.16,15.71,122.4,6.98242712020874,337.85,4.02,18.13,151.2,7.004012584686279,3.16,0.0,13.65,136.9,6.977616548538208,349.72,1.69,16.15,86.1,6.989593029022217,2.99,0.0,12.86,135.4,6.981332302093506,268.42,11.53,14.83,152.1,6.986593246459961,231.06,3.39,12.92,164.9,6.977755308151245,100.72,1.1,14.13,146.0,6.9927754402160645,2.37,1.6,16.57,132.4,6.996321678161621,252.51,6.47,15.83,182.6,7.004266023635864,315.35,5.7,16.08,153.5,7.018118858337402,157.94,4.83,16.18,173.5,7.041869878768921,,,,,,,,,,
146.6,2.39,0.02,0.2,6.418689727783203,161.19,0.0,2.19,22.5,6.630905389785767,161.02,4.47,8.72,87.5,6.637722492218018,247.68,0.0,7.12,163.3,6.73443078994751,121.46,0.51,12.75,109.5,6.861969709396362,79.01,5.58,8.0,79.7,6.834896564483643,357.1,12.52,13.87,95.9,6.8646440505981445,238.36,2.2,8.19,53.5,6.879537582397461,288.19,11.86,11.56,99.4,6.870318412780762,204.7,0.0,6.7,76.5,6.841772794723511,82.62,2.72,15.94,115.1,6.870816230773926,123.49,2.61,15.36,87.0,6.855182409286499,177.19,0.56,9.33,146.2,6.883947134017944,171.39,4.57,12.51,158.1,6.903036832809448,39.64,2.22,9.07,60.4,6.855370759963989,271.14,8.96,14.77,186.7,6.908311367034912,76.73,11.84,13.11,164.9,6.8865344524383545,103.27,0.0,7.26,66.9,6.905755281448364,138.25,12.02,11.33,112.1,6.9414355754852295,32.52,0.0,17.07,124.3,6.962312459945679,306.83,11.02,14.55,166.1,6.984508514404297,102.22,10.86,14.24,111.2,6.985660552978516,5.36,2.42,16.49,118.2,7.003117084503174,195.12,8.26,17.01,116.7,7.009915351867676,215.68,0.0,9.9,159.4,7.028360843658447,246.27,11.12,14.47,116.2,7.006623983383179,223.24,0.0,17.26,136.2,7.017927169799805,236.43,7.26,13.13,174.5,7.0126118659973145,123.22,1.67,17.5,99.4,7.015190839767456,85.34,7.83,16.3,144.1,7.006440877914429,305.33,8.19,17.61,152.1,7.016720294952393,214.98,0.35,15.44,168.4,7.020941972732544,90.53,0.0,10.65,127.4,7.030961990356445,146.87,0.0,11.42,144.5,7.045955657958984,342.07,2.73,15.46,161.5,7.069830656051636,,,,,,,,,,
146.6,0.0,0.01,0.2,6.4466869831085205,161.19,3.1,2.25,22.5,6.656860828399658,161.02,9.06,8.73,87.2,6.661786794662476,240.56,2.98,14.39,88.0,6.763904333114624,108.98,7.4,15.94,124.7,6.887725830078125,63.46,1.66,5.89,70.9,6.858916282653809,334.16,2.63,13.22,125.0,6.889657258987427,211.82,0.0,12.08,68.9,6.906761169433594,254.27,2.53,10.33,52.8,6.8985090255737305,168.05,0.0,9.03,86.8,6.866838216781616,37.71,5.84,7.53,115.4,6.901513338088989,73.04,0.0,12.07,89.1,6.878572463989258,122.87,10.54,14.46,63.5,6.909419059753418,108.81,0.0,8.47,170.7,6.927261114120483,337.76,0.0,6.28,82.9,6.879451513290405,197.4,0.0,7.15,58.3,6.934139728546143,356.48,0.0,14.5,109.3,6.915965557098389,24.26,0.0,13.84,153.0,6.929672479629517,44.74,2.44,17.28,157.4,6.969203948974609,301.64,10.9,19.32,122.2,6.990750789642334,203.2,0.0,17.36,81.0,7.01025128364563,351.56,0.0,9.78,89.1,7.017492055892944,262.79,0.0,15.24,163.5,7.031667947769165,80.6,1.66,13.91,92.9,7.038120031356812,100.9,3.12,13.05,131.7,7.056308507919312,116.54,0.3,16.23,118.8,7.032884120941162,92.81,11.74,16.78,121.7,7.04222297668457,101.25,3.24,16.17,146.6,7.038814067840576,345.5,0.51,14.04,142.8,7.039493799209595,301.38,0.0,13.25,115.4,7.03133225440979,153.72,0.0,10.13,88.9,7.046994924545288,58.45,10.56,15.53,178.4,7.049922466278076,291.18,2.14,13.8,174.0,7.054734706878662,337.15,6.21,17.02,157.8,7.07054615020752,168.05,0.0,16.99,178.3,7.093846321105957,,,,,,,,,,
146.6,0.11,0.02,0.2,6.470685958862305,161.19,7.12,2.27,22.5,6.682890892028809,161.02,2.4,8.73,61.9,6.685162544250488,233.44,6.22,8.69,109.6,6.786720991134644,95.89,0.0,9.09,99.2,6.912726163864136,47.55,0.0,6.9,113.7,6.882996559143066,311.66,0.0,10.22,144.2,6.918580770492554,185.19,5.63,15.03,110.9,6.932005167007446,221.48,0.0,18.63,135.0,6.922266960144043,131.92,10.61,7.45,174.8,6.89677095413208,354.99,0.0,5.33,71.0,6.923321723937988,23.91,0.83,10.41,71.0,6.905230283737183,65.04,2.6,13.21,75.7,6.933192491531372,47.46,2.98,6.33,89.0,6.9547953605651855,274.48,2.67,8.45,110.4,6.907492876052856,130.43,0.54,18.79,139.8,6.957008600234985,278.0,1.15,18.18,172.5,6.938853740692139,303.84,11.91,12.84,101.6,6.957341194152832,317.9,0.0,12.42,87.4,6.997586488723755,203.29,2.18,12.54,77.5,7.014986991882324,108.63,0.28,14.26,127.7,7.035885334014893,253.56,0.34,16.7,154.9,7.041323900222778,153.9,11.12,17.75,128.1,7.059845924377441,332.84,0.0,10.68,120.1,7.063242673873901,337.15,3.58,16.62,127.8,7.084411144256592,348.22,1.09,13.75,135.3,7.057924747467041,320.27,1.2,14.42,94.0,7.069891929626465,323.35,0.0,15.45,135.4,7.066486120223999,204.52,9.83,17.8,169.9,7.06678318977356,155.21,3.82,14.88,135.9,7.060492753982544,5.19,0.0,13.63,160.4,7.06880521774292,258.84,0.0,9.74,132.2,7.073363304138184,129.73,6.02,15.64,173.1,7.086845397949219,168.75,3.83,19.07,161.8,7.099684238433838,352.27,11.51,19.17,173.8,7.12247371673584,,,,,,,,,,
146.6,5.43,0.02,0.3,6.494765758514404,161.19,1.37,2.26,14.7,6.711081027984619,161.02,0.0,7.31,87.0,6.715928792953491,226.76,0.0,4.28,48.7,6.813558340072632,84.9,0.0,8.53,83.7,6.936833620071411,30.94,3.76,8.27,169.3,6.908086776733398,289.95,11.17,8.17,179.6,6.947137594223023,156.88,3.53,13.31,75.8,6.960379362106323,187.47,11.2,12.13,129.4,6.950448989868164,92.37,4.28,7.38,150.8,6.921203136444092,311.92,0.88,12.16,95.8,6.950785636901856,336.01,10.24,10.98,66.8,6.9304563999176025,11.34,0.0,13.81,100.6,6.961738586425781,351.12,8.83,17.77,128.8,6.979657411575317,209.18,7.38,11.47,175.5,6.932815790176392,57.39,11.92,8.77,118.3,6.986509561538696,198.63,8.99,15.08,157.0,6.967835903167725,216.47,0.0,9.35,137.7,6.984661817550659,232.56,9.09,10.02,151.4,7.021435499191284,114.08,0.0,18.28,89.0,7.04264235496521,7.73,11.94,10.42,169.6,7.060857772827148,150.12,9.84,13.63,183.0,7.069847822189331,39.64,1.07,11.05,99.5,7.08409309387207,216.91,11.03,14.28,175.0,7.091916084289551,216.47,0.0,11.87,165.5,7.110500335693359,222.54,7.39,14.31,129.2,7.0887439250946045,194.06,0.03,15.36,118.2,7.097666263580322,187.29,11.85,13.47,161.6,7.09444785118103,63.54,2.12,15.52,87.0,7.0910704135894775,6.59,10.38,17.2,159.1,7.084621429443359,223.86,12.68,15.74,176.7,7.100696802139282,107.67,0.48,14.74,167.5,7.101642370223999,324.23,0.0,11.76,125.0,7.1146862506866455,0.0,0.0,9.61,120.8,7.123180627822876,171.74,1.8,17.23,118.4,7.150411367416382,,,,,,,,,,
146.6,9.76,0.02,0.2,6.514758110046387,161.19,0.0,1.91,22.3,6.734907150268555,160.93,2.74,8.76,87.6,6.74176812171936,220.17,0.25,9.79,103.9,6.838510990142822,73.21,3.21,17.17,140.6,6.9632248878479,14.33,9.6,13.12,125.6,6.930764436721802,267.1,1.88,12.1,139.3,6.969005107879639,129.99,0.0,6.76,86.7,6.984241485595703,152.84,0.0,7.06,93.2,6.977613210678101,54.93,0.0,6.67,87.8,6.946217060089111,267.45,11.58,13.1,94.4,6.980216503143311,283.89,0.0,7.92,94.6,6.95612907409668,316.05,10.88,14.03,92.2,6.987660646438599,287.31,0.0,16.77,82.1,7.007323503494263,142.21,0.0,12.2,112.1,6.961673498153687,345.15,2.4,14.4,96.8,7.009283065795898,121.29,0.0,9.5,125.9,6.992515325546265,137.55,0.56,8.37,89.6,7.013591051101685,144.49,2.16,15.52,185.9,7.050175428390503,21.27,8.01,14.08,191.8,7.069814205169678,271.49,1.79,11.58,105.3,7.092057466506958,44.12,2.38,13.16,142.9,7.093757152557373,296.81,0.01,17.79,123.9,7.112371206283569,98.35,0.24,11.67,81.0,7.115915775299072,95.71,3.26,12.27,147.2,7.1333909034729,96.68,0.0,13.91,96.2,7.1144866943359375,63.37,10.63,15.28,123.5,7.1268839836120605,46.32,2.23,15.21,128.3,7.119308948516846,291.88,0.0,15.28,170.9,7.120157718658447,224.47,0.0,9.04,111.5,7.113849401473999,65.3,1.97,15.23,140.4,7.125980138778687,307.53,8.51,15.49,144.5,7.130176782608032,161.89,4.81,16.4,154.6,7.138891220092773,209.0,0.69,15.92,146.8,7.151833295822144,356.04,0.25,16.27,166.8,7.174412727355957,,,,,,,,,,
146.6,3.9,0.02,0.1,6.538758754730225,161.19,4.98,2.26,22.5,6.759192943572998,161.02,9.27,8.76,87.9,6.76566481590271,212.96,10.72,9.96,168.7,6.867000818252564,61.08,7.87,8.66,143.5,6.989112138748169,356.84,0.0,8.03,111.0,6.959153652191162,244.16,0.56,15.32,76.4,6.998547554016113,103.71,3.56,8.08,137.1,7.008502721786499,121.64,0.0,6.79,68.2,7.001577615737915,19.51,0.98,8.88,90.0,6.9697370529174805,221.22,1.18,6.19,103.7,7.004593849182129,235.81,0.0,8.56,169.5,6.979888677597046,258.75,3.06,16.36,144.8,7.016587018966675,226.67,1.41,11.23,143.4,7.030835390090942,73.56,3.25,11.7,67.1,6.98610782623291,273.96,0.0,14.99,190.3,7.037864208221436,43.86,0.39,15.05,137.9,7.02083158493042,60.38,7.76,13.75,181.3,7.037206172943115,54.58,0.0,15.78,115.5,7.075177431106567,290.39,3.11,14.69,186.5,7.098312377929688,172.79,0.38,14.14,143.6,7.120044708251953,301.9,0.38,17.8,119.3,7.122233152389526,186.77,10.57,15.1,158.1,7.137256383895874,349.54,0.1,11.96,172.4,7.14459490776062,337.59,4.21,17.84,141.6,7.163509845733643,339.35,0.31,15.68,163.2,7.141990661621094,291.09,0.0,14.41,97.4,7.151106595993042,273.25,0.0,14.74,127.2,7.147485971450806,150.91,11.0,15.25,131.2,7.1432578563690186,83.41,0.18,15.92,172.0,7.138176679611206,277.12,0.22,16.08,149.2,7.152819633483887,150.91,0.0,14.04,116.8,7.156359910964966,357.45,3.76,13.46,163.7,7.166853666305542,41.31,7.62,16.62,162.3,7.176002502441406,180.62,8.32,16.24,163.0,7.206421136856079,,,,,,,,,,
146.6,0.0,0.01,0.2,6.56275749206543,161.19,7.76,2.27,22.6,6.783213138580322,161.02,2.96,8.76,87.8,6.789646148681641,206.02,2.16,12.1,81.1,6.894948482513428,49.57,2.54,14.17,48.5,7.014113426208496,340.31,2.97,16.37,110.2,6.986698389053345,222.71,12.55,10.86,117.0,7.025323867797852,75.94,9.74,15.01,140.7,7.036636114120483,89.38,2.67,13.28,131.4,7.030032634735107,343.56,10.76,7.07,145.6,6.9954493045806885,177.63,0.02,9.23,168.1,7.028529644012451,186.24,12.3,8.55,70.1,7.008634567260742,201.62,0.0,11.72,76.6,7.041439771652222,164.27,8.08,13.36,162.5,7.059912204742432,8.96,11.78,13.08,130.1,7.010092735290527,201.45,11.48,11.18,125.1,7.067278861999512,327.74,10.16,13.1,142.9,7.047604322433472,338.82,3.52,13.18,91.8,7.061811685562134,328.1,12.91,8.63,113.0,7.103376388549805,195.73,0.0,12.84,111.1,7.12242317199707,72.86,11.83,13.81,158.1,7.14515495300293,196.61,9.32,11.12,137.3,7.145496606826782,73.21,2.09,16.38,79.1,7.1599440574646,234.05,10.22,12.03,122.9,7.1735005378723145,215.95,0.0,15.74,141.8,7.191847085952759,212.52,7.87,12.89,155.2,7.166729688644409,165.32,0.42,14.63,177.4,7.179577112197876,138.52,9.08,17.37,160.0,7.176798582077026,3.96,2.51,17.37,161.0,7.171502113342285,300.5,10.12,13.18,151.8,7.167046308517456,124.8,10.46,17.68,164.1,7.177265405654907,350.68,3.31,16.33,150.7,7.184908866882324,194.15,0.0,12.44,161.2,7.193457126617432,237.48,0.0,14.46,124.7,7.200503826141357,6.59,2.26,19.31,174.0,7.2304534912109375,,,,,,,,,,
146.6,0.03,0.01,0.2,6.58677077293396,161.19,1.99,2.25,13.5,6.807207107543945,161.02,0.0,7.76,85.2,6.815120697021484,199.34,0.0,6.93,62.7,6.918746709823608,37.71,0.0,13.12,104.8,7.038537502288818,322.91,9.44,10.29,160.8,7.015360593795776,199.95,0.0,5.52,49.7,7.053361654281616,47.81,2.44,7.68,67.0,7.056529760360718,56.07,7.24,13.7,111.8,7.0536956787109375,303.84,3.22,11.72,78.2,7.021928787231445,133.95,10.24,9.46,116.5,7.056841611862183,137.02,2.91,13.07,62.8,7.03636360168457,147.57,6.25,8.31,157.6,7.069683074951172,101.69,0.0,8.7,107.1,7.086605548858643,303.13,0.69,6.91,84.6,7.03867506980896,126.74,1.19,7.63,64.5,7.08984637260437,245.74,0.0,8.86,92.1,7.075864791870117,258.13,0.0,8.72,147.8,7.091131925582886,238.36,2.73,13.73,157.5,7.131652116775513,103.1,9.8,15.19,110.9,7.149960517883301,332.4,0.0,9.6,115.3,7.173453330993652,92.55,2.07,13.21,76.4,7.172874212265015,330.12,0.15,14.86,114.0,7.188034057617188,115.14,0.0,14.1,76.9,7.196688652038574,95.71,6.73,16.55,113.6,7.215898036956787,88.15,1.02,18.08,102.7,7.195655822753906,33.31,12.54,11.88,165.4,7.207891464233398,1.23,2.77,18.3,169.9,7.200575828552246,232.21,0.0,13.94,126.0,7.19944953918457,147.66,0.0,14.62,122.3,7.19162392616272,324.14,0.0,11.91,125.7,7.207206964492798,193.36,6.41,14.95,149.0,7.209186553955078,30.59,3.08,13.89,153.8,7.2201104164123535,69.79,0.5,16.68,186.3,7.229952096939087,205.05,0.0,16.7,191.5,7.258400201797485,,,,,,,,,,
146.51,2.63,0.02,0.3,6.614791393280029,161.28,0.0,1.95,22.3,6.831313133239746,161.02,3.41,8.77,87.8,6.838459014892578,192.83,2.85,7.3,92.5,6.94361138343811,25.93,6.16,16.38,93.9,7.065790891647339,305.07,0.0,11.26,78.3,7.039625883102417,179.91,0.0,14.13,119.1,7.07790994644165,22.32,0.0,4.51,106.9,7.085271120071411,22.24,0.0,5.74,83.7,7.079169988632202,265.17,0.0,8.24,96.3,7.046489477157593,87.98,2.7,10.88,132.0,7.081031799316406,87.28,0.0,11.98,97.7,7.060678958892822,92.81,5.72,16.44,149.5,7.093892335891724,39.9,0.08,9.97,97.9,7.108956336975098,239.24,0.11,7.75,137.2,7.063722133636475,58.89,0.0,12.75,116.6,7.118020057678223,173.58,0.54,13.43,123.7,7.100820302963257,179.38,3.77,15.81,133.9,7.11581826210022,150.47,0.23,10.49,99.8,7.155784368515015,6.42,4.72,14.89,156.3,7.174205541610718,235.99,2.12,14.19,117.1,7.197493553161621,353.5,0.0,15.13,96.1,7.2013702392578125,219.46,10.02,17.33,116.5,7.220061063766479,2.55,0.0,11.3,146.1,7.2192723751068115,336.97,3.54,13.64,143.9,7.244479894638061,324.32,2.02,14.09,135.0,7.218506336212158,261.65,1.91,17.1,88.1,7.232499361038208,235.02,0.0,13.96,139.3,7.224622249603271,92.55,7.85,17.43,153.2,7.220718622207642,0.0,0.8,14.74,130.3,7.216477394104004,171.3,1.82,15.9,144.4,7.235956907272339,34.72,0.0,12.52,126.4,7.237990140914917,232.56,3.15,13.99,158.6,7.244432926177978,265.34,9.22,15.83,192.4,7.269821643829346,30.5,10.95,15.54,162.0,7.282400131225586,,,,,,,,,,
146.6,9.28,0.04,0.2,6.638794898986816,161.19,3.2,2.25,22.5,6.857311964035034,161.02,10.2,8.78,87.6,6.8641746044158936,186.42,6.43,7.78,86.1,6.9670281410217285,14.33,6.8,6.63,102.6,7.091717004776001,287.93,0.41,8.33,145.5,7.0678441524505615,157.5,12.07,11.87,98.3,7.107110261917114,355.08,2.65,10.55,157.3,7.108790874481201,351.83,0.0,11.03,68.2,7.101658582687378,228.43,2.72,7.54,173.5,7.073955297470093,43.07,0.0,11.97,135.4,7.11079216003418,38.06,1.71,10.32,65.6,7.085368394851685,37.09,0.0,6.17,79.5,7.119483947753906,343.65,12.32,14.51,111.1,7.137486219406128,174.9,11.12,12.1,168.2,7.090888500213623,346.9,12.26,15.43,185.8,7.146242380142212,95.27,11.09,12.74,113.5,7.128969669342041,95.8,6.3,9.82,134.8,7.140397787094116,64.25,10.47,8.74,117.7,7.180850505828857,279.05,0.0,12.16,141.5,7.202648162841797,137.29,8.8,18.64,88.4,7.225727796554565,252.42,12.3,13.07,100.3,7.229700565338135,106.52,0.0,11.19,118.6,7.248258352279663,255.15,11.14,17.23,155.9,7.250773191452026,216.12,0.0,14.49,125.8,7.26842737197876,198.81,9.0,12.92,143.9,7.248842239379883,136.05,0.32,13.93,157.8,7.259824752807617,99.32,9.8,15.2,122.1,7.253203868865967,314.65,2.22,14.22,137.5,7.252722024917602,222.45,10.26,14.61,163.4,7.244928359985352,17.49,7.84,16.61,172.8,7.258514404296875,241.7,3.92,17.19,152.6,7.2625017166137695,70.31,0.0,11.86,141.5,7.274574756622314,98.26,0.16,14.88,92.0,7.284103870391846,214.19,0.87,17.83,109.7,7.310707807540893,,,,,,,,,,
146.6,3.75,0.03,0.1,6.662795543670654,161.19,8.27,2.26,22.5,6.879332065582275,161.02,0.63,8.75,56.0,6.88615083694458,180.0,1.04,4.45,37.9,6.993649244308472,2.46,2.78,10.01,69.8,7.114053249359131,270.79,10.14,9.59,73.2,7.091783761978149,135.09,2.13,9.81,77.7,7.129581451416016,326.25,5.35,12.28,130.1,7.140690803527832,318.43,12.07,5.77,142.1,7.133496999740601,190.72,7.59,7.17,143.9,7.102065324783325,358.33,8.07,14.56,154.4,7.133419752120972,349.8,10.04,14.64,82.6,7.114355564117432,345.41,0.33,8.54,165.3,7.143980741500855,277.73,2.16,12.64,99.5,7.161092519760132,104.41,2.03,15.95,83.5,7.115420341491699,270.53,2.14,12.46,138.8,7.17537522315979,15.47,1.89,9.91,66.6,7.152843475341797,18.02,0.0,10.32,150.9,7.168071508407593,337.15,3.11,12.68,162.4,7.235499620437622,184.92,6.92,16.62,146.4,7.229825019836426,41.13,1.86,15.77,113.3,7.251247406005859,144.05,1.99,17.54,108.4,7.253773927688599,355.25,3.35,12.82,153.2,7.272848844528198,137.02,1.01,12.76,86.5,7.275898694992065,95.45,8.13,13.26,119.8,7.296272754669189,73.12,0.0,12.71,115.6,7.2705652713775635,4.04,9.97,17.42,156.9,7.285790681838989,326.78,2.37,16.21,168.5,7.277270793914795,173.94,0.09,17.06,143.0,7.281264543533325,70.58,1.55,13.68,106.1,7.270689487457275,230.63,0.0,10.2,114.6,7.287095546722412,84.37,7.49,16.66,142.1,7.291131019592285,272.02,5.65,14.4,155.4,7.299958229064941,299.97,0.2,16.4,157.9,7.309010744094849,40.87,0.14,18.54,169.9,7.334721803665161,,,,,,,,,,
146.6,0.0,0.01,0.4,6.682804822921753,161.19,2.14,2.25,13.4,6.907333612442017,161.02,0.0,8.31,87.6,6.915650844573975,173.58,0.0,10.55,161.3,7.018630504608154,351.21,0.04,13.6,111.5,7.137693643569946,253.74,2.58,5.84,113.8,7.11781644821167,114.96,0.0,11.42,82.3,7.153742074966431,297.77,0.0,13.02,85.6,7.165294170379639,284.15,2.31,10.73,195.1,7.15734601020813,152.84,0.0,9.75,73.7,7.126578330993652,311.84,3.0,9.38,69.3,7.160235166549683,297.51,0.0,6.39,135.9,7.137521505355835,290.21,10.51,5.81,112.1,7.17268705368042,217.09,0.0,18.0,144.6,7.190038681030273,37.53,0.0,11.63,80.8,7.139523029327393,198.11,0.22,7.28,85.2,7.198074102401733,304.98,0.0,10.2,86.4,7.177682876586914,297.77,3.06,8.38,78.8,7.193912506103516,247.76,0.0,12.84,106.3,7.235499620437622,90.79,3.69,10.45,165.2,7.258263826370239,304.19,0.33,17.02,114.7,7.274067878723144,37.97,0.0,15.79,132.1,7.282684087753296,244.34,6.15,15.68,146.9,7.302297353744507,24.35,0.0,15.42,152.3,7.303338289260864,337.94,3.14,11.43,153.5,7.323029041290283,310.25,1.59,12.2,167.9,7.2989513874053955,242.4,3.0,15.14,147.1,7.308405160903931,190.55,0.0,13.71,160.6,7.308015584945679,32.43,11.22,13.67,135.3,7.305208921432495,286.96,1.62,14.18,168.3,7.2949182987213135,77.96,1.47,14.29,147.6,7.313927888870239,291.09,0.0,9.41,116.1,7.314928770065308,108.98,4.2,16.19,157.8,7.328794479370117,132.89,10.54,16.97,155.6,7.336222410202026,231.42,10.8,16.97,193.3,7.366735696792602,,,,,,,,,,
146.6,0.0,0.03,0.3,6.706861734390259,161.19,0.0,2.14,22.2,6.931331634521484,161.02,3.42,8.76,87.6,6.938598155975342,166.55,11.86,13.93,97.4,7.04699182510376,338.73,12.21,18.21,121.8,7.16583514213562,237.13,0.0,15.48,59.8,7.14655065536499,93.25,3.04,7.62,131.7,7.181130647659302,269.65,2.88,7.77,106.3,7.18846583366394,249.43,0.04,6.79,108.2,7.186741352081299,116.81,0.0,8.4,80.0,7.149560689926148,269.47,0.0,6.9,173.5,7.188838720321655,247.24,0.49,9.07,176.2,7.161869287490845,232.56,1.3,10.42,61.5,7.19662880897522,154.95,12.72,16.25,109.6,7.217881917953491,333.46,9.93,9.31,86.4,7.164541482925415,131.75,8.17,18.06,159.0,7.222049236297607,229.66,9.42,7.86,80.9,7.201662063598633,221.04,10.62,14.84,185.2,7.220173835754394,159.61,11.05,8.6,123.6,7.263440847396851,358.86,0.0,14.93,152.9,7.282624006271362,204.43,10.01,15.21,159.0,7.302545785903931,296.19,12.14,12.28,131.4,7.305554628372192,135.79,0.0,7.56,144.0,7.326408386230469,272.9,10.54,11.83,160.2,7.327620029449463,215.51,0.0,15.38,150.5,7.352092742919922,184.22,8.53,12.77,183.0,7.326754808425903,112.24,0.04,14.31,124.3,7.336945295333862,54.67,10.82,15.24,127.5,7.3298070430755615,250.14,2.12,16.15,101.6,7.332772254943848,140.54,7.97,15.97,178.0,7.32627534866333,289.34,7.17,17.43,153.0,7.338286876678467,139.22,2.5,14.36,147.2,7.343621253967285,304.54,0.0,15.28,142.4,7.356841802597046,315.26,0.0,18.72,130.7,7.364713430404663,51.33,0.0,15.84,107.4,7.390722274780273,,,,,,,,,,
146.6,2.95,0.03,0.3,6.7308549880981445,161.19,2.89,2.25,22.5,6.959431171417236,161.02,7.66,8.78,87.7,6.966724157333374,159.17,2.13,9.25,67.4,7.07062029838562,325.9,0.47,9.33,49.8,7.194236755371094,219.99,11.64,8.58,146.5,7.168875694274902,71.98,8.53,13.09,162.7,7.209030389785767,242.31,6.7,15.41,107.7,7.216673135757446,216.3,11.92,13.82,165.8,7.212152719497681,79.28,4.44,14.28,68.2,7.175635814666748,225.09,2.88,5.87,144.7,7.213878393173218,197.58,11.11,12.8,61.0,7.190474510192871,178.51,0.02,12.49,162.3,7.225969314575195,89.82,2.4,13.49,129.3,7.245634317398071,270.18,6.57,6.74,80.5,7.190938949584961,57.48,3.35,11.62,154.2,7.253553867340088,157.24,5.64,9.86,72.0,7.226506471633911,134.91,0.0,11.24,60.7,7.244916915893555,70.58,2.53,15.1,145.4,7.287311792373657,263.76,9.29,18.69,152.0,7.310762882232666,102.57,0.0,7.52,113.5,7.331516981124878,187.21,0.0,9.96,94.2,7.333357810974121,28.92,0.62,14.38,146.2,7.34991192817688,153.46,0.0,11.2,106.5,7.356573581695557,95.71,6.02,14.58,185.1,7.376223802566528,58.18,1.79,15.17,81.0,7.350616216659546,339.52,11.44,12.66,125.6,7.368005037307739,276.42,2.16,17.61,94.3,7.36044454574585,109.6,0.9,14.35,167.6,7.361135721206665,351.47,0.0,9.7,101.2,7.350126028060913,137.2,0.0,9.13,95.2,7.366840600967407,339.87,8.7,16.33,145.8,7.369057655334473,141.77,10.47,16.27,160.5,7.38088059425354,148.45,4.11,17.01,171.5,7.390609502792358,241.44,0.57,17.85,160.4,7.4187164306640625,,,,,,,,,,
146.6,11.78,0.04,0.3,6.754851579666138,161.19,8.93,2.26,22.5,6.983441114425659,161.02,1.95,8.78,78.7,6.990338325500488,153.11,0.0,5.5,100.9,7.098716735839844,314.74,0.0,11.33,116.4,7.222596645355225,202.41,2.9,10.34,84.0,7.19707727432251,49.57,0.0,7.31,36.5,7.22944188117981,213.75,0.0,10.37,92.1,7.243461608886719,180.88,0.0,15.03,53.1,7.238556861877441,42.19,7.98,7.31,76.4,7.198028802871704,181.32,7.84,9.54,98.9,7.238388061523437,145.9,2.02,14.18,97.5,7.215489864349365,121.64,11.16,7.06,186.8,7.24934720993042,28.04,0.0,12.71,158.7,7.274423599243164,207.16,0.35,8.12,86.7,7.2154645919799805,345.67,0.0,6.41,76.5,7.277206182479858,84.64,1.91,8.32,57.2,7.249737739562988,54.76,1.51,12.17,160.7,7.268731832504272,344.0,0.0,16.28,113.1,7.315529823303223,169.63,3.69,18.64,95.0,7.334667444229126,4.75,0.1,16.51,154.4,7.358116388320923,90.88,0.0,14.09,93.3,7.361255645751953,282.22,9.01,17.4,111.3,7.377815246582031,37.27,0.3,16.24,138.4,7.382314205169678,337.59,2.88,16.36,111.2,7.404301881790161,300.59,0.37,12.17,151.9,7.379289627075195,203.2,0.57,16.58,105.2,7.392508029937744,146.95,0.03,13.23,154.3,7.384457588195801,327.04,9.2,13.58,152.5,7.385229825973511,209.27,2.29,17.97,156.9,7.379925489425659,354.9,0.2,14.41,148.3,7.389988660812378,181.49,0.0,9.01,132.2,7.394807815551758,331.0,1.99,16.48,95.1,7.410811185836792,337.41,6.18,16.01,163.4,7.419662952423096,68.73,9.92,19.18,170.0,7.4427196979522705,,,,,,,,,,
146.6,2.98,0.02,0.2,6.782862663269043,161.19,1.64,2.26,16.9,7.007853746414185,161.02,0.0,7.52,87.9,7.015917778015137,146.16,4.07,11.7,164.7,7.124570608139038,301.99,11.36,17.69,161.9,7.250269412994385,185.8,0.0,5.44,104.7,7.220626831054687,29.79,0.0,5.29,152.4,7.258626461029053,186.59,3.03,10.38,79.4,7.268470764160156,148.54,0.37,11.29,178.2,7.268579244613647,6.5,3.8,12.69,103.4,7.22191596031189,139.48,1.95,14.95,80.9,7.262857437133789,95.98,0.0,8.16,88.0,7.240737438201904,64.42,2.18,6.87,96.1,7.271670341491699,326.95,11.48,9.75,126.6,7.299191474914551,144.93,0.0,8.42,101.8,7.243830680847168,278.09,3.68,18.69,150.7,7.301975250244141,14.06,0.0,6.74,87.0,7.276552438735962,333.63,9.41,11.48,105.8,7.297304391860962,253.56,12.59,9.09,107.5,7.343437433242798,79.28,0.0,10.56,164.9,7.359679460525513,272.37,11.14,9.67,122.0,7.383107900619507,352.27,4.91,12.66,184.8,7.38537073135376,172.79,0.0,8.52,96.6,7.402269124984741,285.21,9.78,12.01,153.7,7.408385515213013,216.56,0.0,11.85,150.9,7.428029537200928,174.64,9.56,14.01,146.6,7.40733003616333,72.69,0.12,17.34,136.9,7.420008897781372,9.32,7.04,14.45,147.3,7.409337282180786,185.8,0.0,16.3,125.2,7.412801265716553,62.4,10.73,15.13,156.1,7.403400421142578,200.74,9.98,17.25,155.2,7.418132305145264,29.71,0.31,15.32,163.9,7.420302867889404,173.94,0.0,17.07,165.4,7.43465518951416,169.37,0.0,10.19,155.8,7.444654941558838,258.66,1.8,16.69,129.6,7.473091840744018,,,,,,,,,,
146.6,0.0,0.01,0.4,6.806947708129883,161.19,0.0,1.89,22.2,7.031920433044434,161.02,2.82,8.77,88.0,7.038701772689819,138.6,4.11,8.32,78.0,7.147119998931885,288.9,0.0,11.34,54.9,7.274159908294678,169.28,2.96,15.56,131.0,7.252995491027832,9.4,3.33,14.52,93.1,7.278616428375244,159.26,7.94,13.47,128.4,7.296917200088501,114.17,10.82,10.12,119.1,7.2897562980651855,329.41,0.0,7.63,141.0,7.249330997467041,95.01,0.0,12.14,99.6,7.291173458099365,49.13,3.31,12.02,84.9,7.265589952468872,12.74,0.0,6.36,54.3,7.298213243484497,263.32,2.27,7.99,124.0,7.327148675918579,79.63,6.03,7.19,103.3,7.267017602920532,205.58,5.91,13.11,161.4,7.329632997512817,304.63,1.86,8.25,81.8,7.29780125617981,249.61,0.5,17.19,129.4,7.325795888900757,166.03,1.82,17.76,129.6,7.370141983032227,347.43,3.68,15.04,166.6,7.389118194580078,173.41,1.98,15.37,103.1,7.411348819732666,246.8,2.81,11.78,109.8,7.413894414901733,71.89,0.0,15.19,96.2,7.427006959915161,170.24,0.0,10.26,72.6,7.435991048812866,95.71,7.06,11.96,159.7,7.456375122070312,48.69,2.07,16.3,94.4,7.430800676345825,305.51,8.74,17.25,155.5,7.445712089538574,242.58,3.41,13.38,170.4,7.438138008117676,44.91,0.62,14.76,146.8,7.440507411956787,273.52,0.0,10.91,124.8,7.431704998016357,48.6,1.69,14.96,124.1,7.441614866256714,236.34,9.79,17.0,156.5,7.450256824493408,11.07,12.13,17.01,181.4,7.462797403335571,0.0,0.72,15.77,153.4,7.472914695739746,85.69,1.12,15.72,159.5,7.497228145599365,,,,,,,,,,
146.6,0.0,0.01,0.2,6.832139492034912,161.19,3.01,2.26,22.5,7.0574586391448975,161.02,7.93,8.75,88.0,7.065236330032349,132.01,0.0,4.77,63.0,7.173637866973877,276.86,0.31,12.83,116.6,7.298400640487671,152.05,3.46,9.13,148.8,7.27717113494873,349.37,7.97,19.38,106.4,7.308021783828735,130.96,0.0,10.96,56.4,7.324288606643677,77.96,2.16,11.5,85.3,7.321517467498779,291.18,8.58,7.1,124.2,7.277859687805176,51.94,2.88,6.5,171.1,7.315956115722656,0.7,11.64,13.33,133.5,7.291487693786621,321.68,0.67,9.63,143.0,7.324393033981323,202.76,0.05,9.97,128.2,7.350866794586182,15.12,6.58,7.61,139.8,7.293576955795288,133.15,0.0,7.44,103.3,7.355624437332153,231.94,9.49,9.32,96.8,7.325682878494263,167.34,0.52,9.5,81.1,7.353291273117065,76.64,0.0,15.94,157.5,7.395643472671509,252.25,4.28,15.49,166.1,7.4181013107299805,74.09,0.0,11.29,185.7,7.436789274215698,142.29,0.0,11.49,127.3,7.437234401702881,328.8,8.46,11.96,110.0,7.45628547668457,59.06,0.0,12.36,162.1,7.463871002197266,338.12,3.45,16.56,151.5,7.482654809951782,291.36,0.0,12.1,141.6,7.457626819610596,173.67,0.0,13.48,92.1,7.471946716308594,106.87,0.0,14.08,156.6,7.467543125152588,267.28,8.38,17.61,173.0,7.469380140304565,126.91,2.93,14.04,151.9,7.46095871925354,259.8,0.39,16.07,148.1,7.474017381668091,79.37,1.6,16.24,120.4,7.475510120391846,206.28,1.92,16.81,181.3,7.492147445678711,203.64,7.46,16.96,164.2,7.494941711425781,275.27,9.16,17.23,177.7,7.524951696395874,,,,,,,,,,
146.6,3.58,0.03,0.3,6.852217197418213,161.19,9.62,2.27,22.4,7.080129384994507,160.93,2.44,8.76,87.9,7.085997581481934,125.51,0.42,6.02,42.0,7.198512554168701,264.2,10.46,13.18,157.3,7.326041460037231,135.44,0.0,9.53,82.8,7.300891399383545,326.78,0.0,10.13,53.9,7.32985782623291,103.89,3.27,6.71,109.0,7.349695444107056,45.44,0.0,14.12,95.6,7.345619678497314,252.33,4.63,10.59,123.7,7.301113128662109,8.61,10.0,9.23,85.8,7.336282253265381,310.34,0.0,6.15,49.3,7.317218065261841,265.96,10.1,15.83,81.6,7.352834224700928,143.0,12.18,12.31,61.1,7.376754999160767,311.75,0.0,6.75,92.2,7.315011739730835,62.14,1.08,12.66,132.7,7.382695436477661,160.14,2.16,10.57,100.5,7.353956699371338,90.09,12.01,12.55,170.1,7.377495050430298,350.33,11.49,9.99,119.5,7.420528650283813,158.82,0.0,11.94,124.4,7.442770957946777,336.8,9.86,9.39,142.4,7.464968681335449,36.83,8.75,11.49,140.7,7.465664386749268,218.58,2.52,14.29,100.8,7.479011535644531,306.47,10.72,12.2,106.2,7.492475509643555,216.04,0.0,13.46,139.6,7.5117270946502686,165.06,10.27,16.74,174.8,7.483365058898926,47.64,0.0,15.02,144.0,7.497448205947876,329.85,12.12,15.62,139.3,7.493439435958862,127.44,0.0,10.93,100.1,7.492582321166992,337.59,6.76,14.21,166.0,7.486964225769043,108.19,9.05,17.48,168.0,7.49772310256958,285.64,1.77,14.54,155.1,7.503516435623169,43.95,0.0,18.58,166.5,7.516882181167602,34.72,0.13,16.68,108.7,7.522558450698851,102.57,1.22,19.0,118.6,7.55032205581665,,,,,,,,,,
146.6,10.59,0.03,0.3,6.880350589752197,161.19,1.97,2.26,22.5,7.1081459522247314,161.02,0.0,6.88,87.0,7.114131212234497,118.56,8.28,8.35,93.8,7.226904630661011,251.1,0.0,6.42,76.1,7.352648496627808,119.18,0.79,11.2,114.3,7.329475164413452,304.89,0.5,15.17,73.2,7.357758283615112,75.85,12.71,15.34,103.5,7.3777830600738525,13.71,5.32,19.07,88.0,7.370474576950073,212.7,0.0,6.25,71.4,7.326144456863403,327.57,0.5,14.96,69.6,7.3647379875183105,261.47,0.08,19.22,72.9,7.341548442840576,208.65,0.0,12.84,40.3,7.373802423477173,79.72,4.02,14.77,67.0,7.403690576553345,247.68,0.43,12.93,148.9,7.343724012374878,350.33,6.95,16.83,183.4,7.407067775726318,82.27,0.0,10.92,104.5,7.378220319747925,5.71,3.24,13.66,124.0,7.401790618896484,260.51,2.14,13.34,106.7,7.451909303665161,64.69,8.07,15.46,167.4,7.471088171005249,241.17,2.32,14.6,151.8,7.489590883255005,294.43,2.87,16.01,132.8,7.492065668106079,108.98,0.0,18.05,126.2,7.50787615776062,186.86,0.0,15.08,86.6,7.51663613319397,96.77,8.49,15.31,172.0,7.536180257797241,34.45,1.76,12.74,177.6,7.514804124832153,280.63,11.86,13.66,130.1,7.52677583694458,187.65,1.7,13.66,153.6,7.521000146865845,344.71,3.46,17.28,141.8,7.5208494663238525,190.72,0.0,8.41,150.2,7.512493133544922,312.89,0.75,13.88,109.8,7.526978254318237,128.41,9.44,15.57,145.1,7.527235746383667,245.65,11.8,16.24,159.1,7.5452704429626465,231.59,1.26,16.16,189.3,7.55126166343689,285.38,1.94,17.26,191.5,7.578970193862915,,,,,,,,,,
146.6,3.18,0.02,0.2,6.901241302490234,161.19,0.0,1.96,22.3,7.132517814636231,161.02,3.11,8.79,87.5,7.138336181640625,111.8,4.86,10.05,114.9,7.251217603683472,239.41,1.62,9.08,143.2,7.382625579833984,101.25,8.23,16.46,105.3,7.35434889793396,283.97,10.98,9.0,119.3,7.383109331130981,46.49,1.62,8.03,74.4,7.401632785797119,341.1,6.74,9.93,120.2,7.39470911026001,176.48,2.98,6.77,156.2,7.355688810348511,283.62,0.14,11.17,124.3,7.389759540557861,211.73,12.4,16.29,125.3,7.370201826095581,154.51,1.89,10.71,173.9,7.40595006942749,20.65,0.0,3.75,120.3,7.428246736526489,179.91,10.02,17.51,139.7,7.374342918395996,277.03,0.0,5.93,92.5,7.431960582733154,4.92,4.77,12.69,106.1,7.401997566223144,288.19,0.0,9.6,140.8,7.43042516708374,172.53,1.58,16.43,147.7,7.476427793502808,332.14,3.7,15.59,162.1,7.495310306549072,141.86,0.0,9.74,155.2,7.51817512512207,189.32,0.0,8.46,158.2,7.516986131668091,358.33,11.35,15.27,117.4,7.537011384963989,76.73,0.23,14.92,107.7,7.540366411209106,337.68,3.12,13.23,178.5,7.564470767974853,271.49,1.03,12.01,154.5,7.539110898971558,145.02,0.0,14.29,98.9,7.551752328872681,52.29,0.0,15.72,145.7,7.544105291366577,203.47,7.53,13.47,140.1,7.545063972473144,49.04,2.49,14.61,160.5,7.53984808921814,161.28,3.88,14.4,160.8,7.554067134857178,328.27,0.0,14.8,123.2,7.555611610412598,76.82,1.52,16.48,164.1,7.570335149765015,63.63,10.5,16.31,154.7,7.579344987869263,112.76,7.3,15.55,166.8,7.608009338378906,,,,,,,,,,
146.6,0.0,0.01,-0.9,6.929849863052368,161.19,3.12,2.26,22.5,7.15781044960022,161.02,8.82,8.81,87.5,7.1668381690979,104.41,0.0,7.91,67.0,7.274585008621216,227.55,12.37,10.8,167.8,7.40821099281311,83.41,0.0,4.76,57.7,7.378131866455078,260.95,0.0,13.09,47.5,7.411617755889893,21.18,0.0,7.68,83.2,7.423794269561768,308.41,0.0,10.37,116.5,7.422295093536377,138.87,7.56,9.17,76.3,7.37762451171875,237.04,11.46,14.82,192.2,7.416833162307739,158.2,2.13,12.38,44.6,7.395207166671753,97.29,11.51,13.97,102.5,7.429765224456787,321.77,2.99,9.52,89.0,7.452311277389526,109.42,0.0,4.72,64.8,7.39638876914978,209.27,1.67,15.01,97.7,7.459874629974365,292.06,4.9,12.12,121.4,7.429935455322266,208.21,10.66,15.66,134.9,7.45802640914917,83.32,10.22,12.97,104.5,7.504207611083984,237.66,0.0,13.36,143.1,7.523296356201172,46.05,4.93,14.3,125.2,7.542658567428589,89.82,6.18,10.15,182.9,7.543192148208618,243.28,1.47,12.04,93.2,7.56416130065918,323.53,9.98,15.51,143.0,7.568321943283081,216.83,0.0,10.86,107.8,7.588543891906738,147.04,9.86,12.93,146.9,7.568089485168457,18.02,0.0,14.32,130.0,7.576948881149292,279.4,11.1,14.23,133.4,7.574159622192383,62.4,0.0,10.55,112.4,7.572933435440063,265.61,7.95,13.79,166.5,7.565592288970947,6.68,10.08,17.28,155.4,7.577858924865723,171.12,1.45,14.96,151.3,7.580579519271851,278.7,0.47,16.05,157.5,7.598616123199463,253.56,0.0,10.03,120.0,7.604308366775513,295.93,0.0,11.3,120.9,7.629200458526611,,,,,,,,,,
146.6,0.89,0.02,0.2,6.950918197631836,161.19,8.5,2.27,22.5,7.18224024772644,161.02,2.43,8.78,67.2,7.1900410652160645,98.0,0.6,14.8,82.1,7.301253318786621,214.8,0.84,8.99,69.8,7.433621406555176,67.85,0.0,5.49,75.7,7.402312517166138,239.15,0.3,14.94,116.4,7.437893629074097,355.43,1.36,10.7,84.2,7.449361085891724,273.87,3.39,9.52,89.0,7.448708772659302,102.57,2.0,9.09,53.6,7.401963472366333,189.49,0.0,14.08,72.1,7.444184303283691,108.46,0.24,11.68,81.3,7.425570487976074,39.11,0.03,15.37,39.0,7.459115505218506,263.23,9.78,18.71,145.7,7.477142572402954,45.97,0.0,12.49,82.5,7.424427032470703,140.71,9.76,16.45,156.5,7.486560821533203,213.13,0.0,11.58,118.4,7.456650495529175,122.7,2.42,11.25,147.5,7.484044790267944,353.41,0.0,12.3,124.7,7.532638549804687,144.23,7.34,15.34,117.0,7.549213886260986,308.67,2.88,11.54,185.3,7.571093082427978,346.2,4.07,17.57,114.8,7.573767423629761,138.87,0.0,15.17,158.2,7.592162132263184,208.13,1.71,10.84,71.9,7.5957722663879395,96.15,10.18,18.25,117.8,7.616048336029053,19.16,1.3,12.8,111.8,7.591001033782959,250.84,11.3,12.53,179.3,7.606034755706787,137.99,0.0,9.83,108.8,7.602479696273804,285.38,3.85,12.82,132.8,7.600803375244141,118.92,0.0,11.5,110.8,7.590925931930542,219.02,0.0,13.56,102.4,7.60724401473999,11.95,8.84,18.27,155.4,7.6109795570373535,116.19,9.09,18.59,154.9,7.623636484146118,85.69,1.24,16.93,143.0,7.6328675746917725,122.34,3.92,16.88,171.5,7.661216020584106,,,,,,,,,,
146.6,9.76,0.03,0.3,6.975156545639038,161.19,2.17,2.25,22.5,7.206240177154541,161.02,0.0,8.06,87.2,7.216475963592529,91.23,11.25,10.72,110.8,7.326472997665405,203.29,0.12,8.4,95.6,7.45745062828064,51.59,2.57,8.36,164.6,7.4272801876068115,217.0,10.47,13.14,90.8,7.467015266418457,328.27,7.22,15.92,133.2,7.474314451217651,241.7,9.57,8.25,125.7,7.470419645309448,64.78,0.0,12.51,72.5,7.427318096160889,146.16,1.1,11.32,104.4,7.471484184265137,57.66,8.27,16.46,101.9,7.448401689529419,345.5,0.18,11.25,184.4,7.481707572937012,200.04,1.08,15.91,73.2,7.508012533187866,342.07,12.65,9.13,88.9,7.448006868362427,66.62,2.3,7.39,83.9,7.507891893386841,136.41,10.88,11.59,128.2,7.4822516441345215,38.76,0.0,14.19,129.1,7.50697660446167,263.23,0.81,17.11,96.4,7.557479381561279,49.13,3.42,14.85,113.0,7.57564115524292,209.53,0.0,8.89,134.8,7.5954248905181885,241.35,0.0,10.23,163.6,7.597695350646973,27.07,10.9,18.07,126.2,7.61648416519165,98.17,0.0,13.96,150.0,7.624274969100952,333.98,2.24,18.36,147.0,7.6447179317474365,257.61,0.44,13.3,115.3,7.618961811065674,115.75,1.1,18.39,83.2,7.633383274078369,6.06,0.0,13.74,174.8,7.627201795578003,144.93,6.84,15.77,136.0,7.629575490951538,331.0,2.66,16.49,175.8,7.619820356369018,66.8,0.68,14.51,161.1,7.630024909973144,219.64,0.0,15.45,111.2,7.632145166397095,311.22,0.64,15.27,120.9,7.65042519569397,281.25,8.04,18.54,167.0,7.655895709991455,305.77,6.57,17.68,170.8,7.685677289962768,,,,,,,,,,
146.6,6.46,0.02,0.3,6.996228694915772,161.19,0.0,1.8,22.3,7.234239101409912,161.02,2.34,8.75,87.9,7.240723848342895,83.67,2.24,7.81,73.4,7.353813648223877,191.69,6.09,9.74,103.3,7.482975959777832,34.89,8.8,13.34,156.7,7.450763940811157,195.12,1.95,10.6,74.7,7.489696025848389,299.36,0.0,9.55,82.2,7.49854564666748,208.39,2.25,15.0,81.9,7.50022292137146,27.95,3.65,7.22,120.6,7.45121169090271,100.02,8.52,6.89,161.9,7.500213146209717,6.86,6.57,11.83,58.6,7.4746949672698975,288.28,11.24,9.0,110.0,7.50943398475647,140.54,0.09,7.39,163.4,7.532574415206909,275.8,3.05,8.17,114.2,7.473576307296753,0.7,0.0,10.23,134.6,7.535531044006348,53.7,2.78,11.88,109.4,7.510088682174683,317.81,11.52,9.5,121.1,7.53554630279541,178.33,8.11,8.91,122.5,7.581531524658203,317.02,0.0,12.27,99.0,7.598978757858276,113.82,6.48,14.34,108.0,7.624419927597046,136.49,12.4,14.78,134.2,7.625720262527466,276.94,0.27,12.23,87.4,7.6458580493927,345.41,11.15,11.0,157.7,7.648312091827393,212.43,0.04,11.17,144.0,7.669355392456055,131.92,9.29,15.43,161.2,7.642778158187866,348.22,1.88,16.48,138.5,7.656836032867432,239.59,12.04,16.85,150.0,7.651922941207886,2.02,1.71,14.62,77.4,7.652888536453247,182.99,5.5,13.82,142.3,7.646512031555176,278.17,7.81,17.08,173.3,7.657862186431885,61.52,0.81,14.36,156.6,7.664021253585815,148.1,3.02,14.99,185.0,7.678705930709839,114.17,0.0,14.62,136.0,7.683020353317261,132.63,0.0,10.88,134.6,7.714876413345337,,,,,,,,,,
146.6,2.31,0.02,0.1,7.024353742599487,161.19,2.82,2.25,22.5,7.258917808532715,161.02,9.99,8.77,87.6,7.265198469161987,77.52,0.0,5.2,102.9,7.378622770309448,179.74,5.84,11.46,41.0,7.513473749160767,17.58,2.1,12.01,91.6,7.477753639221191,173.5,0.37,8.07,78.8,7.513464689254761,272.46,0.8,11.7,183.5,7.526485919952393,176.13,0.18,16.99,129.0,7.525610446929932,350.86,7.74,8.75,93.7,7.476505279541016,55.11,2.55,15.81,146.5,7.524329900741577,320.54,0.0,9.79,61.0,7.496829986572266,230.63,1.96,13.57,80.5,7.533498764038086,79.54,12.34,8.39,87.2,7.556606292724609,210.06,0.0,9.11,145.4,7.500141620635986,292.24,2.7,11.15,123.1,7.56375789642334,336.88,0.0,11.67,98.0,7.53758978843689,234.05,2.07,12.94,113.5,7.564552783966064,92.9,2.29,8.21,114.1,7.605731010437012,226.23,6.6,17.08,89.2,7.629197835922241,13.71,4.8,11.03,170.2,7.648141384124756,26.81,2.54,13.29,157.2,7.653655767440796,171.74,0.08,17.83,117.4,7.668867588043213,225.18,0.54,11.38,115.0,7.676777601242065,91.58,11.38,12.69,129.0,7.696681499481201,4.92,2.56,17.38,155.6,7.670685529708862,216.65,9.25,13.65,161.8,7.686800956726074,99.4,2.48,14.64,136.0,7.680764675140381,236.6,0.93,17.48,152.6,7.678974151611328,35.68,0.0,12.01,135.1,7.675135850906372,126.21,0.0,12.12,94.9,7.686751842498779,268.33,8.15,14.64,144.2,7.688185691833496,344.18,6.78,16.16,151.0,7.704237937927246,303.13,2.71,16.76,165.1,7.710033178329468,315.88,5.6,15.43,164.4,7.743176698684692,,,,,,,,,,
146.6,0.0,-0.06,0.3,7.048349857330322,161.19,8.92,2.27,22.6,7.283273935317993,161.02,2.7,8.77,87.6,7.290640592575073,70.84,3.02,10.59,132.9,7.400892734527588,167.96,0.0,9.39,98.8,7.538243532180786,1.05,0.0,8.53,63.7,7.502838373184204,152.93,9.23,14.07,117.4,7.545569181442261,244.34,10.42,8.09,139.1,7.558436632156372,142.21,10.58,11.17,126.5,7.553545951843262,313.95,0.02,12.55,53.4,7.500771999359131,9.84,0.0,7.15,89.6,7.548339605331421,272.11,0.54,16.72,93.6,7.521013259887695,176.57,0.43,19.12,72.1,7.561777353286743,20.21,5.63,13.98,114.0,7.584777355194092,145.63,6.08,15.34,174.8,7.524519443511963,218.94,5.55,8.69,85.4,7.587701797485352,261.47,11.71,10.29,98.3,7.55993127822876,151.96,0.52,11.4,166.7,7.591363906860352,10.02,0.0,7.03,139.1,7.633533954620361,136.32,5.72,14.98,110.1,7.652462005615234,276.59,0.0,11.77,118.0,7.672443628311157,284.5,0.0,15.47,95.3,7.677598714828491,61.61,10.35,10.9,140.6,7.696764469146728,110.92,1.96,12.17,133.8,7.705692529678345,329.24,0.0,13.56,81.9,7.724426031112671,247.68,0.26,14.89,144.2,7.699347019195557,86.66,2.03,12.36,93.9,7.710076570510864,326.34,0.23,17.71,178.8,7.708883285522461,96.77,11.89,14.28,143.7,7.705017566680908,252.77,1.51,14.09,130.8,7.698925256729126,338.2,0.62,14.57,148.5,7.711071014404297,111.18,0.0,10.07,115.1,7.716418027877808,180.7,0.0,10.89,126.0,7.734046220779419,136.23,6.08,15.32,154.6,7.739007472991943,141.94,4.69,17.57,169.4,7.767164468765259,,,,,,,,,,
146.6,1.7,0.02,0.3,7.0723512172698975,161.19,2.42,2.25,19.3,7.306949615478516,161.02,0.0,7.31,86.4,7.315053224563599,63.72,8.66,17.91,147.3,7.428987979888916,156.36,1.84,10.59,162.7,7.562652587890625,346.29,3.02,10.72,147.5,7.5310797691345215,130.78,3.21,10.68,114.1,7.573940277099609,215.24,0.0,12.87,65.7,7.582830905914307,106.26,0.0,12.87,41.1,7.578602075576782,275.71,0.22,14.68,77.9,7.530299663543701,330.47,3.34,6.88,135.4,7.572167158126831,221.84,10.94,19.4,95.1,7.552547931671143,121.99,11.8,10.05,159.1,7.590173244476318,318.87,0.0,10.26,124.5,7.6092307567596436,76.46,6.2,17.63,100.1,7.5538330078125,152.49,0.0,15.58,97.5,7.612142324447632,182.9,2.45,9.43,97.8,7.588687658309936,68.03,11.92,14.37,109.5,7.619277238845825,287.05,2.94,16.11,177.8,7.660246610641479,41.13,0.0,9.7,123.0,7.679881811141968,177.8,10.89,18.74,126.1,7.701095819473267,184.04,9.24,12.88,179.2,7.705535411834717,310.08,0.0,11.6,78.2,7.720508337020874,353.5,8.66,17.7,152.0,7.728217840194702,212.26,0.2,14.95,163.5,7.752980947494507,123.05,9.94,15.37,152.0,7.727773904800415,323.79,0.0,13.97,138.2,7.738261938095093,190.02,9.86,15.7,137.3,7.733030319213867,313.24,1.44,17.05,93.0,7.729374408721924,107.23,7.21,14.83,164.2,7.727025270462036,184.31,7.66,17.17,153.5,7.737415313720703,311.57,0.85,16.59,149.1,7.740638256072998,17.31,3.28,14.8,178.7,7.756464719772339,324.84,0.0,11.94,151.6,7.767509937286377,326.16,0.0,14.26,173.2,7.7947938442230225,,,,,,,,,,
146.6,12.87,0.03,0.3,7.096411228179932,161.19,0.0,1.81,22.1,7.330950736999512,161.02,2.93,8.82,88.1,7.33976149559021,56.69,1.9,9.0,39.0,7.449961423873901,144.05,8.32,13.48,81.1,7.5900559425354,328.45,6.3,11.08,98.5,7.554540634155273,108.11,0.0,10.58,174.5,7.598278284072876,188.0,0.94,8.77,159.6,7.607980251312256,73.3,0.0,11.6,137.2,7.608567714691162,237.57,11.61,13.44,165.0,7.5588698387146,286.26,7.43,5.72,144.1,7.596753835678101,170.51,1.97,6.49,106.2,7.576080560684204,61.7,2.34,9.54,119.6,7.61407995223999,255.76,6.91,15.7,157.1,7.636525630950928,9.58,0.0,16.45,69.6,7.577092409133911,81.65,0.24,8.52,87.2,7.636483430862427,110.57,0.0,6.2,80.5,7.616534233093262,343.83,1.84,16.48,110.8,7.644489288330078,198.37,3.87,14.49,106.1,7.689119100570679,312.54,2.26,18.32,152.4,7.708124399185181,74.53,3.12,12.2,158.6,7.730920076370239,79.19,3.33,12.42,177.1,7.733210802078247,203.99,0.2,14.59,103.0,7.74972653388977,238.1,0.0,8.4,109.8,7.756967782974243,91.76,11.72,13.78,125.3,7.775939702987671,354.64,1.62,14.84,100.3,7.750889301300049,192.92,10.18,13.9,120.8,7.76213264465332,53.53,2.19,15.75,100.7,7.760722637176514,178.51,0.08,13.59,137.3,7.760019779205322,317.29,0.0,10.49,123.6,7.755844354629517,31.73,0.38,15.04,84.2,7.762297630310059,153.37,7.39,15.23,177.7,7.770169973373413,219.46,6.51,15.44,143.0,7.784727334976196,157.32,3.44,16.69,162.6,7.791703462600708,151.26,3.44,17.8,184.7,7.823590993881226,,,,,,,,,,
146.6,5.28,0.03,0.2,7.120405435562134,161.19,2.88,2.24,22.4,7.358552694320679,161.02,10.11,8.82,88.3,7.368387699127197,50.36,0.0,8.05,60.9,7.475343704223633,132.19,1.2,8.02,97.5,7.614633560180664,311.04,0.0,4.8,90.8,7.5806591510772705,85.17,10.71,7.88,153.1,7.62261700630188,160.93,11.64,10.96,140.0,7.63604736328125,39.55,12.4,12.98,99.9,7.631675243377685,196.26,2.03,14.52,82.3,7.585398435592651,241.44,0.0,7.01,116.4,7.624430894851685,121.03,0.29,15.33,139.1,7.605188131332397,8.17,0.0,8.1,137.5,7.638588905334473,192.66,3.0,15.02,163.4,7.663743257522583,309.29,0.2,10.47,72.8,7.603883504867554,15.64,3.19,18.82,169.1,7.659854173660278,37.53,2.82,10.18,76.1,7.639793395996094,259.54,0.35,8.99,74.1,7.673264265060425,109.95,0.0,8.88,99.6,7.713461637496948,218.06,6.94,19.01,110.0,7.732206583023071,337.06,0.0,10.76,178.9,7.755746126174927,336.45,0.0,12.6,119.8,7.7576904296875,94.75,11.67,11.05,118.4,7.777590751647949,127.62,3.25,13.74,154.3,7.784074544906616,328.8,1.62,11.85,79.1,7.803880214691162,228.96,1.59,17.86,159.2,7.77906608581543,56.51,1.77,12.35,140.6,7.794211149215698,281.51,0.0,12.46,183.4,7.786459684371948,36.74,10.88,16.98,160.6,7.788548231124878,170.77,3.88,13.91,149.6,7.781740665435791,249.43,0.18,13.93,146.0,7.789855480194092,354.38,0.0,11.69,123.3,7.799074649810791,57.3,0.0,11.73,103.4,7.811854600906372,347.08,3.34,16.13,170.7,7.820555448532104,336.09,2.91,17.56,179.1,7.847231149673462,,,,,,,,,,
146.6,0.0,-0.02,-0.6,7.144404649734497,161.19,9.53,2.26,22.5,7.382981300354004,161.02,1.17,8.81,54.8,7.392680168151855,43.95,3.42,7.71,84.2,7.498993635177612,120.5,0.22,7.99,62.1,7.640471220016479,294.43,0.11,13.75,86.2,7.604544639587402,63.81,4.32,7.63,83.0,7.648099422454834,131.57,0.0,16.62,52.5,7.664325714111328,5.89,4.75,13.24,112.4,7.657488107681274,158.99,0.35,8.71,110.7,7.606553554534912,197.4,0.66,8.85,163.3,7.650957107543945,68.2,12.45,13.89,75.4,7.628459692001343,317.2,3.19,18.14,66.9,7.6683337688446045,130.43,0.0,9.53,133.1,7.691998481750488,243.28,11.1,6.78,97.4,7.62920618057251,304.8,4.72,10.92,117.5,7.691814661026001,323.88,9.44,9.97,72.1,7.665780305862427,183.08,12.01,16.8,154.8,7.695419311523437,26.37,2.97,8.18,120.8,7.737563133239746,124.8,0.0,11.94,75.9,7.760825395584106,237.3,11.06,12.88,104.6,7.781171083450317,230.8,10.21,15.62,103.2,7.785631418228149,343.83,1.62,15.6,84.4,7.805595397949219,11.6,9.79,13.66,143.5,7.811542987823486,212.34,1.13,17.68,134.7,7.827583074569702,103.27,7.71,15.42,135.2,7.802430391311645,289.6,0.54,13.86,154.7,7.818845272064209,145.81,9.22,15.79,142.5,7.813326358795166,254.36,0.0,13.3,87.4,7.812668085098267,22.59,6.92,16.31,160.0,7.805714845657349,97.73,12.43,15.34,173.5,7.81818413734436,195.91,3.65,15.29,173.2,7.821063041687012,258.22,1.94,15.5,168.5,7.8397698402404785,178.68,0.0,14.15,164.4,7.843334197998047,161.19,0.0,14.11,147.7,7.875152587890625,,,,,,,,,,
146.51,1.95,0.02,0.2,7.168405055999756,161.19,2.76,2.25,22.4,7.406981229782104,161.02,0.0,8.38,87.3,7.417494535446167,37.44,10.3,7.67,71.0,7.524487733840942,109.16,7.06,10.63,91.4,7.664388179779053,277.12,10.98,6.11,95.5,7.632399559020996,43.51,0.0,7.45,76.3,7.671073436737059,103.89,1.64,17.1,85.4,7.687620639801025,334.07,0.0,10.16,167.2,7.683814525604248,121.29,12.44,13.71,101.8,7.638481378555298,154.07,9.9,9.4,202.5,7.676187992095947,17.58,3.19,15.37,124.7,7.657182693481445,261.91,7.22,10.3,186.9,7.690837621688843,69.26,2.68,10.99,82.7,7.716874837875366,178.24,2.64,11.4,144.5,7.657509088516235,230.98,0.0,10.13,66.5,7.716388702392578,250.58,2.9,7.36,70.0,7.688892364501953,96.59,2.29,8.85,105.9,7.723923683166504,304.01,7.64,14.6,188.5,7.764992237091064,32.78,3.56,13.33,194.8,7.78457498550415,134.91,0.0,13.09,58.4,7.811084032058716,123.4,2.13,9.7,90.7,7.811446905136108,237.04,0.32,18.24,123.4,7.833763837814331,259.37,1.23,14.28,69.7,7.836529731750488,91.76,11.12,15.48,112.3,7.856220245361328,336.18,0.0,10.42,87.4,7.830817222595215,158.73,10.02,17.92,140.0,7.846876382827759,8.61,2.71,14.11,138.7,7.838011741638184,119.36,0.24,15.88,136.0,7.841139793395996,240.38,0.0,10.1,110.0,7.833280563354492,302.52,0.0,13.93,82.4,7.846601009368896,37.97,6.67,14.21,159.8,7.8507444858551025,96.59,9.69,14.1,152.8,7.864625692367554,9.14,2.81,15.96,165.1,7.874551773071289,346.11,11.48,16.69,160.9,7.903198957443237,,,,,,,,,,
146.6,5.03,0.01,0.4,7.196460723876953,161.19,0.0,1.96,21.9,7.430985450744629,161.02,3.21,8.83,87.9,7.44035267829895,30.5,6.06,6.4,46.0,7.547540187835693,96.59,7.18,17.71,108.6,7.690201997756958,260.33,2.95,16.66,135.7,7.658404588699341,22.85,0.0,10.85,73.8,7.6968464851379395,76.03,12.72,7.48,154.5,7.71466064453125,299.79,3.99,14.51,167.5,7.708563327789307,79.8,2.18,10.06,55.0,7.662735462188721,109.42,2.4,8.68,58.0,7.700849533081055,327.3,0.0,7.72,114.8,7.683197259902954,204.79,0.0,5.49,136.6,7.719283580780029,9.84,9.55,10.71,169.4,7.741250276565552,110.21,0.0,14.55,125.5,7.686204195022583,161.54,4.73,19.08,158.5,7.74391770362854,178.68,0.0,7.64,108.3,7.714887380599976,18.9,0.0,11.47,150.7,7.747304677963257,214.01,0.0,7.8,63.1,7.790403604507446,301.38,7.88,13.81,193.6,7.81262731552124,38.67,0.0,9.02,153.3,7.835139751434326,24.35,0.0,11.26,98.8,7.833205461502075,128.67,9.34,14.58,118.2,7.857426643371582,149.24,1.87,15.2,140.3,7.865869045257568,329.77,0.58,14.85,130.1,7.888328552246094,214.1,0.57,14.8,134.5,7.859251976013184,21.88,0.0,10.87,101.4,7.875792980194092,241.35,0.0,14.04,124.9,7.86139178276062,337.15,10.17,12.72,168.5,7.86499810218811,93.34,1.96,16.0,178.1,7.858898162841797,156.36,0.49,15.95,148.5,7.871138572692871,244.95,0.0,9.7,107.4,7.873565435409546,297.42,0.0,9.39,116.0,7.887809753417969,213.13,6.41,14.9,157.9,7.89905571937561,164.53,2.04,17.99,111.7,7.931740760803223,,,,,,,,,,
146.6,8.14,0.04,0.2,7.220458745956421,161.19,3.01,2.25,22.6,7.455419063568115,161.02,7.45,8.78,88.1,7.466069459915161,23.82,0.0,8.53,52.3,7.574342250823975,84.29,0.0,8.02,77.6,7.714320182800293,243.11,0.0,8.52,171.0,7.687160491943359,1.67,3.54,7.34,100.2,7.719527006149292,47.46,3.28,11.57,180.1,7.7401909828186035,264.99,2.82,7.5,143.3,7.738988637924194,42.54,0.0,10.43,189.8,7.691582441329956,66.71,0.0,4.83,57.2,7.72442626953125,276.94,9.78,17.71,77.1,7.707852602005005,150.73,3.3,16.25,70.0,7.74258017539978,311.4,0.0,10.39,108.3,7.765865802764893,40.87,8.66,18.98,92.3,7.710860013961792,88.77,5.66,7.57,115.0,7.767705917358398,103.45,2.92,9.75,131.7,7.743171691894531,297.77,12.95,7.93,97.1,7.774981021881103,133.51,0.2,10.9,129.6,7.813250780105591,206.89,0.0,9.76,92.3,7.838958024978638,305.42,10.13,13.84,118.7,7.861850261688232,287.05,3.81,10.77,117.9,7.8628270626068115,16.79,2.21,10.48,75.9,7.881983995437622,33.66,10.76,13.72,150.8,7.888634920120239,208.04,2.47,14.61,120.8,7.912761926651001,89.56,10.62,13.65,181.8,7.887630701065063,255.15,1.44,14.63,138.1,7.898765563964844,106.7,12.22,13.94,159.2,7.89385461807251,189.93,0.0,8.71,116.8,7.892859220504761,309.99,6.54,14.05,140.7,7.8868114948272705,2.37,11.06,15.68,170.2,7.899908065795898,93.34,0.63,15.94,146.1,7.901744604110718,141.94,0.66,16.07,159.0,7.916035175323486,44.56,0.0,10.15,125.6,7.927440166473389,348.93,1.39,17.68,182.7,7.959320545196533,,,,,,,,,,
146.6,2.98,0.02,0.2,7.240457057952881,161.1,10.05,2.27,22.7,7.483529329299927,161.02,2.0,8.78,82.3,7.488443613052368,17.49,0.0,5.12,81.4,7.596476793289185,72.86,0.02,8.39,93.6,7.738985538482666,226.14,9.88,12.42,97.2,7.71182918548584,342.51,8.03,11.01,183.1,7.7490551471710205,19.86,0.0,10.35,134.6,7.767625570297241,231.68,0.0,12.14,101.7,7.7636682987213135,3.87,3.04,12.19,123.3,7.716111183166504,25.58,1.05,16.41,60.3,7.750316858291626,226.49,4.16,18.68,60.6,7.7367103099823,95.8,10.65,5.65,118.7,7.77082371711731,247.76,0.54,9.67,148.1,7.793850660324097,337.06,2.78,11.26,68.2,7.734784364700317,19.34,0.0,18.03,112.6,7.792017459869385,25.93,8.29,15.09,121.9,7.768004417419434,217.09,3.43,19.06,163.6,7.803995132446289,42.71,12.52,8.53,138.6,7.841654539108276,120.67,0.12,8.38,151.8,7.864774703979492,201.97,1.78,15.24,106.7,7.891048192977905,181.76,4.59,13.91,108.4,7.89366888999939,274.83,0.02,13.57,154.1,7.909703493118286,276.94,0.0,13.59,90.4,7.913191318511963,88.33,8.87,17.31,135.8,7.941716432571411,320.89,0.0,10.79,136.9,7.91655969619751,124.8,7.63,13.96,119.4,7.927722454071045,323.17,0.0,14.38,94.1,7.921524286270142,53.88,0.84,12.9,151.7,7.919474124908447,163.39,0.0,12.15,134.0,7.912960290908813,214.89,2.28,14.71,112.9,7.923722505569458,299.97,7.58,15.33,147.7,7.9301300048828125,336.45,8.41,14.09,152.6,7.944336414337158,241.17,4.16,16.01,168.5,7.951944589614868,174.64,8.62,18.54,181.6,7.983280897140503,,,,,,,,,,
146.6,0.0,0.05,-0.1,7.268557786941528,161.19,1.38,2.24,14.7,7.507540941238403,161.02,0.0,7.63,87.9,7.515242576599121,11.25,3.22,6.59,48.6,7.624412298202515,61.08,3.02,16.1,101.8,7.767150640487671,209.18,3.21,11.0,78.7,7.736184120178223,319.75,0.0,7.08,91.6,7.771285057067871,351.47,10.27,10.71,184.9,7.796040534973144,197.84,4.92,16.49,71.6,7.791711568832397,326.95,5.31,15.48,138.3,7.739650249481201,341.98,10.64,19.96,127.7,7.776705503463745,176.84,0.0,12.4,135.0,7.761119842529297,39.99,2.52,17.62,89.3,7.795606136322021,187.38,10.57,8.4,107.0,7.8182899951934814,271.32,0.0,5.35,68.9,7.759282827377319,308.23,3.45,13.92,132.1,7.820662975311279,309.81,0.0,8.67,113.0,7.793149709701538,135.18,0.0,6.7,77.9,7.827548742294311,317.11,1.8,18.33,118.6,7.869995355606079,28.92,12.6,10.14,85.1,7.892569303512573,103.71,0.4,11.94,181.8,7.916743516921997,77.08,0.0,9.4,117.6,7.917530298233032,165.67,10.53,11.05,180.7,7.938306570053101,166.11,3.28,14.6,168.6,7.940800189971924,329.41,0.0,12.39,107.4,7.964236736297607,195.38,2.78,14.54,181.5,7.938790559768677,352.27,0.0,8.04,137.7,7.951738595962524,192.04,0.26,14.62,134.8,7.946554183959961,277.21,9.8,13.98,140.0,7.948578357696533,15.47,2.14,14.28,127.0,7.941368103027344,62.31,0.0,15.95,147.7,7.9529078006744385,142.29,0.0,11.78,122.0,7.957362413406372,174.11,0.0,16.19,111.3,7.971885681152344,73.21,7.48,18.96,170.5,7.976502895355225,0.0,2.57,16.7,160.8,8.009208917617798,,,,,,,,,,
146.6,2.22,0.02,0.2,7.288567304611206,161.19,0.0,1.95,22.2,7.531558036804199,161.02,1.64,8.77,87.9,7.540443420410156,4.92,8.72,9.03,99.1,7.645034313201904,48.96,7.73,14.66,80.5,7.791702270507812,192.13,0.0,10.3,117.4,7.764825344085693,298.65,0.83,11.98,90.2,7.797754287719727,321.77,2.23,13.98,77.5,7.820241928100586,165.32,5.45,8.55,128.0,7.817330837249756,287.31,0.0,8.57,117.1,7.767067193984985,293.99,0.0,9.15,42.6,7.800808429718018,125.51,6.28,8.16,122.2,7.788744926452637,346.64,0.0,6.92,153.8,7.823652982711792,125.16,0.0,7.45,55.7,7.846433401107788,207.95,1.4,6.13,111.6,7.784389495849609,234.23,6.6,9.87,66.6,7.846295118331909,233.96,3.69,18.06,148.2,7.821358919143677,58.01,3.06,15.96,167.4,7.853971719741821,226.67,0.32,9.68,109.5,7.89768385887146,297.51,2.7,9.38,88.8,7.916401863098144,2.29,10.87,16.29,102.6,7.941702604293823,338.38,2.76,10.49,162.0,7.943007707595825,51.06,1.93,12.43,156.6,7.962378978729248,50.89,10.05,12.88,158.9,7.968727111816406,208.74,2.16,15.13,169.1,7.993170738220215,69.08,7.87,13.92,162.4,7.968498468399048,225.7,1.88,14.56,161.0,7.980381727218628,55.9,11.11,12.23,178.1,7.973450660705566,136.85,1.42,14.44,116.8,7.972991228103638,232.29,5.76,15.39,169.4,7.9697606563568115,274.39,11.15,17.66,153.2,7.977556705474853,342.69,3.94,17.94,170.4,7.981931447982788,9.84,0.18,14.85,163.7,7.995920658111572,269.74,0.0,12.27,138.5,8.004291534423828,197.4,0.0,16.77,169.0,8.036765813827515,,,,,,,,,,
146.6,10.81,0.04,0.3,7.31670355796814,161.19,2.64,2.24,22.7,7.559040307998657,161.02,8.53,8.8,87.6,7.564401626586914,358.68,6.29,9.38,80.9,7.669081449508667,36.91,0.0,8.41,83.1,7.81279993057251,174.73,3.47,8.62,150.9,7.788208723068237,276.86,11.21,11.35,101.5,7.827812194824219,293.73,0.0,16.57,64.1,7.844687223434448,132.54,0.0,7.26,76.5,7.8398826122283936,249.17,2.76,8.72,109.2,7.792034864425659,250.93,0.35,9.55,204.3,7.830916404724121,74.88,6.51,10.48,140.6,7.814661979675293,291.18,9.85,7.25,90.5,7.848452091217041,66.62,0.0,11.47,187.9,7.870051860809326,143.7,6.83,10.08,117.3,7.812825679779053,167.96,1.5,15.35,91.0,7.868586540222168,156.18,7.58,15.33,178.7,7.849304437637329,336.36,6.48,10.65,97.2,7.8815577030181885,142.56,11.9,10.44,176.9,7.922052621841431,210.15,0.0,11.87,84.9,7.940815210342407,265.87,2.11,12.73,71.9,7.968598365783691,233.79,5.53,15.94,142.6,7.97162127494812,304.1,0.19,10.24,126.3,7.9938883781433105,294.26,0.0,12.74,81.0,7.996660709381103,87.98,10.04,16.86,161.1,8.016092777252197,307.27,0.0,8.9,130.6,7.990705966949463,95.54,9.22,14.84,178.7,8.0070321559906,278.79,1.33,16.49,105.1,7.997364044189453,354.64,3.61,15.8,132.8,8.001121044158936,86.4,0.0,8.72,93.4,7.989824056625366,116.1,0.2,13.82,98.8,8.006169319152832,184.31,5.63,15.78,160.6,8.010865449905396,218.58,9.89,18.13,151.1,8.024633407592773,101.34,3.1,16.21,165.6,8.032578468322754,22.68,11.4,18.84,173.4,8.06474232673645,,,,,,,,,,
146.6,5.95,0.03,0.2,7.336701154708862,161.19,9.1,2.26,22.7,7.58112645149231,161.02,2.22,8.8,54.1,7.588291883468628,352.27,0.0,3.93,45.3,7.693566560745239,26.02,0.0,9.01,76.9,7.837365388870239,158.38,4.27,15.12,105.4,7.817425489425659,254.0,0.0,6.28,88.7,7.851889848709106,265.69,4.86,11.16,75.5,7.873907566070557,101.16,0.76,11.62,146.4,7.869359731674194,210.85,6.7,14.22,96.6,7.818718433380127,206.98,11.86,9.14,191.4,7.856450080871582,24.17,0.0,11.03,60.6,7.8375184535980225,238.36,5.79,9.06,150.1,7.872554302215576,5.1,2.81,12.37,116.9,7.896598815917969,74.36,0.0,11.75,121.4,7.835175037384033,97.38,0.0,7.16,81.2,7.896507263183594,77.34,0.0,13.65,110.2,7.874228000640869,255.76,0.0,6.98,142.9,7.905789613723755,49.57,2.3,18.52,80.5,7.946860551834106,120.32,4.66,16.5,131.7,7.970097780227661,171.65,0.16,10.03,127.3,7.996706962585449,129.11,0.0,9.96,163.3,7.996122121810913,194.15,8.43,11.91,115.5,8.018051862716675,183.87,1.15,15.76,177.9,8.022061586380005,326.07,0.0,10.05,104.8,8.048526287078857,185.36,1.56,14.21,123.6,8.018230438232422,328.62,0.0,18.52,85.5,8.029964447021484,142.73,1.03,13.66,135.4,8.027373790740967,212.26,7.24,16.7,166.1,8.029357433319092,314.03,0.12,15.47,169.4,8.019240856170654,326.69,0.08,14.5,160.3,8.028961896896362,26.46,0.0,9.68,102.8,8.033676385879517,55.99,2.2,15.86,172.2,8.047844409942627,291.01,5.28,15.37,149.4,8.056257486343384,207.51,1.65,16.31,152.7,8.088765144348145,,,,,,,,,,
146.6,2.14,0.03,-0.1,7.360709428787231,161.19,2.16,2.26,21.7,7.605085849761963,161.02,0.0,6.91,87.7,7.616890907287598,345.67,0.2,10.33,106.7,7.722150087356567,14.5,0.72,11.98,113.6,7.863268375396728,140.98,0.0,7.72,148.0,7.84072732925415,233.09,0.74,8.53,74.0,7.876897573471069,237.92,3.77,18.41,108.6,7.895946025848389,65.92,10.4,18.34,92.8,7.892132043838501,173.67,0.0,8.36,114.3,7.846345663070679,161.72,2.33,14.03,78.9,7.884406566619873,335.65,0.85,15.51,88.5,7.861706972122192,183.52,0.0,9.83,88.4,7.897435426712036,306.91,4.49,6.26,88.4,7.9177634716033936,8.0,0.0,15.12,122.2,7.8626954555511475,31.46,2.86,18.77,159.1,7.924796104431152,0.0,0.14,16.41,162.9,7.898850440979004,176.66,1.5,14.92,108.0,7.934162616729736,325.55,0.02,9.67,110.8,7.975881814956665,24.35,6.13,18.04,163.3,7.992489576339722,71.81,11.89,13.26,169.5,8.024019002914429,27.16,1.86,18.59,118.6,8.024952411651611,84.99,1.8,10.37,159.7,8.047224998474121,67.94,9.36,16.51,136.8,8.047721862792969,204.35,4.0,15.28,177.1,8.075989246368408,60.12,8.98,13.95,160.1,8.047566890716553,201.18,0.16,16.25,139.7,8.058372735977173,5.1,11.19,13.09,125.2,8.053348064422607,72.33,0.0,15.27,91.8,8.052759647369385,167.52,8.6,13.0,154.9,8.045815467834473,174.81,8.76,16.73,176.9,8.057231903076172,239.5,3.01,15.43,144.5,8.06157898902893,258.05,0.0,18.58,167.4,8.076692819595337,123.22,0.0,11.57,152.1,8.084699153900146,32.87,0.0,15.83,162.2,8.116992235183716,,,,,,,,,,
146.6,0.0,0.02,0.2,7.38871431350708,161.19,0.0,1.79,21.1,7.629087924957275,161.02,2.84,8.77,87.6,7.640875339508057,338.55,11.12,13.18,136.7,7.750243186950684,2.29,10.1,10.91,159.6,7.890450954437256,123.84,3.47,12.52,111.0,7.868759632110596,212.61,9.68,15.86,104.1,7.905043363571167,208.74,0.0,12.43,73.0,7.927464246749878,32.08,1.76,12.19,104.8,7.919238567352295,135.79,0.61,12.47,115.2,7.87163782119751,117.77,0.0,14.41,102.6,7.908370018005371,285.29,9.85,8.34,76.0,7.886681795120239,131.66,0.32,7.32,196.0,7.925454139709473,247.94,0.0,8.3,102.8,7.945614337921143,305.6,11.68,8.41,92.9,7.88882303237915,320.1,5.51,8.88,122.9,7.948650121688843,286.96,10.36,15.23,139.6,7.927793741226196,93.69,10.92,10.57,146.4,7.959611415863037,239.85,11.78,10.68,119.9,8.00329875946045,293.12,0.0,11.94,83.4,8.019578695297241,331.17,1.87,15.62,73.8,8.049988746643066,285.12,6.77,13.76,163.1,8.04951810836792,337.32,0.32,13.41,150.1,8.070064306259155,316.32,0.0,11.01,112.4,8.076647996902466,84.02,8.06,13.92,116.0,8.100167989730835,296.63,0.0,13.48,104.9,8.07193112373352,71.19,10.26,15.01,137.1,8.086593389511108,233.35,0.0,17.02,97.0,8.081560134887695,299.71,0.38,16.23,158.5,8.079832792282104,18.81,1.87,16.96,140.1,8.070011854171753,20.65,1.9,13.85,153.8,8.081043481826782,82.44,10.17,16.65,144.8,8.08931016921997,95.27,11.05,16.13,186.1,8.102928400039673,312.98,5.11,17.16,162.0,8.109802961349487,223.95,10.43,17.22,164.2,8.14096975326538,,,,,,,,,,
146.6,2.57,0.01,0.3,7.412741422653198,161.19,2.64,2.25,22.5,7.657103776931763,161.02,8.54,8.78,87.9,7.665056943893433,331.26,0.0,8.38,56.4,7.775043249130249,349.63,0.0,9.29,55.7,7.914735555648804,106.17,5.75,8.73,114.7,7.893316745758057,190.72,3.18,17.94,66.6,7.929497718811035,181.76,3.22,18.38,64.2,7.9519007205963135,358.59,0.32,10.39,122.1,7.948176860809326,96.15,9.8,18.29,94.4,7.896825075149536,71.28,12.46,14.12,69.4,7.938413143157959,236.78,2.88,19.44,67.2,7.915709972381592,76.03,12.49,19.89,82.0,7.9499194622039795,188.09,0.67,11.49,180.5,7.973980903625488,239.5,2.35,12.27,134.6,7.9143640995025635,248.82,0.0,9.3,108.1,7.973659515380859,205.31,0.0,10.07,105.8,7.952548742294311,9.05,2.0,16.56,141.6,7.98460578918457,148.01,1.89,14.14,67.0,8.029305696487427,202.06,1.08,13.78,139.0,8.048139095306396,234.58,0.0,15.57,113.2,8.076629638671875,180.26,0.0,7.47,101.2,8.078079223632812,227.2,9.46,11.41,112.8,8.098253011703491,200.13,2.98,13.63,127.3,8.099657535552979,326.07,0.0,10.29,129.4,8.127818822860718,172.0,0.64,17.01,153.7,8.09799599647522,298.83,0.0,15.34,89.2,8.110131978988647,103.71,0.18,14.09,138.4,8.106462955474854,159.96,8.66,15.16,141.8,8.108658790588379,236.6,0.26,15.33,153.9,8.100607872009277,233.35,0.31,14.47,146.4,8.11063027381897,281.69,0.0,11.66,114.0,8.117563009262085,290.57,0.94,16.57,132.3,8.131723880767822,144.67,3.39,16.45,166.9,8.140786170959473,43.24,0.61,17.33,116.4,8.17300820350647,,,,,,,,,,
146.6,12.82,0.03,0.3,7.436741828918457,161.19,8.32,2.26,22.6,7.685199975967407,161.02,2.72,8.77,70.7,7.688445806503296,325.02,0.0,9.0,67.7,7.798117160797119,338.38,0.1,9.34,145.7,7.9390974044799805,88.77,0.0,6.55,56.8,7.91908860206604,169.54,0.0,11.47,90.1,7.958324670791626,154.78,4.95,13.95,72.9,7.97571587562561,324.76,10.42,7.38,73.1,7.972620248794556,59.24,2.47,10.89,200.7,7.923655271530151,26.28,3.61,15.96,93.4,7.961846113204956,187.21,0.0,14.07,119.5,7.938578605651855,20.48,2.9,9.66,173.3,7.973771572113037,125.51,8.61,10.4,190.7,8.00190782546997,172.62,0.15,18.82,114.7,7.943974256515503,179.38,3.0,12.32,160.4,8.001900672912598,127.18,3.52,13.76,118.0,7.980983734130859,291.8,0.33,9.74,127.6,8.012790203094482,62.05,0.0,11.31,108.2,8.0518319606781,108.54,5.68,17.07,128.6,8.072468519210815,136.32,10.22,14.72,98.2,8.100935220718384,79.45,0.3,15.18,169.4,8.102132320404053,118.48,0.0,9.44,64.1,8.122236728668213,85.69,10.13,11.26,110.2,8.13144826889038,204.43,3.05,17.94,114.6,8.152820348739624,45.09,8.59,18.2,142.6,8.125286340713501,172.88,0.71,14.14,130.8,8.142596006393433,325.63,8.45,12.58,141.6,8.13438892364502,17.4,1.58,17.1,155.7,8.132499694824219,90.35,11.46,14.04,169.2,8.123269319534302,81.04,11.49,15.61,175.6,8.141013383865356,125.16,2.84,15.44,170.0,8.141056299209595,127.88,2.14,15.94,188.1,8.156193971633911,334.69,0.0,15.23,169.1,8.169313430786133,234.23,1.96,17.17,186.8,8.197121381759644,,,,,,,,,,
146.6,3.36,0.03,0.2,7.4607439041137695,161.19,2.52,2.25,22.3,7.709177732467651,161.02,0.0,8.05,87.3,7.715284585952759,318.34,9.68,8.63,89.9,7.824512720108032,325.9,11.74,10.98,126.9,7.96718168258667,72.69,0.0,13.56,66.1,7.943387746810913,148.01,3.42,15.7,99.3,7.981698751449585,126.83,0.0,11.6,74.9,8.005131959915161,290.92,2.21,12.18,100.5,8.000610828399658,20.3,0.0,8.78,74.2,7.947845935821533,343.04,0.0,10.19,151.5,7.988073348999023,135.79,8.82,6.07,142.0,7.966704368591309,327.3,0.0,10.26,118.0,8.001738786697388,61.79,0.0,7.74,71.1,8.022157192230225,105.12,11.44,7.1,103.7,7.972828388214111,106.44,6.96,6.66,72.6,8.026744604110718,48.34,9.52,13.21,109.5,8.006091594696045,211.38,11.75,16.88,149.5,8.04179835319519,335.13,12.17,11.57,176.6,8.08084487915039,12.74,0.0,10.25,115.7,8.100440502166748,36.12,2.32,10.25,133.7,8.12423300743103,337.24,8.38,9.99,126.5,8.12545132637024,15.64,0.0,14.2,148.3,8.146653175354004,328.54,0.0,8.98,113.0,8.156566143035889,84.02,7.14,14.49,108.3,8.177087306976318,282.74,0.0,12.96,90.7,8.153115034103394,41.13,11.62,15.05,120.3,8.166686534881592,189.23,0.0,15.32,102.3,8.16292953491211,240.91,1.18,14.0,132.7,8.161170244216919,301.03,0.0,16.05,121.1,8.151505470275879,286.35,0.0,11.58,90.0,8.165887594223022,325.02,6.16,16.93,152.9,8.17038106918335,323.61,8.95,18.85,164.5,8.18437933921814,166.55,11.39,17.07,187.9,8.194282054901123,60.21,10.71,15.74,166.3,8.226263761520386,,,,,,,,,,
146.6,0.0,0.0,0.3,7.485197305679321,161.19,0.0,1.91,22.5,7.7332048416137695,161.02,3.56,8.79,87.9,7.740761041641235,311.4,6.89,7.59,81.6,7.845832824707031,312.89,0.0,10.05,76.1,7.996021509170532,56.69,3.03,9.7,98.9,7.967380523681641,127.09,6.02,13.72,142.5,8.008080005645752,99.32,0.86,7.51,140.4,8.028207778930664,256.03,0.5,6.25,150.5,8.02493166923523,344.71,2.98,12.96,127.9,7.972118139266968,296.81,9.97,6.84,127.3,8.016480684280396,85.96,5.16,7.78,146.2,7.994549751281738,269.91,10.89,14.02,77.1,8.028616428375244,4.92,0.0,10.66,177.4,8.04981803894043,36.04,2.72,9.42,169.7,7.994463443756103,37.53,2.55,14.05,131.0,8.04957389831543,331.52,0.0,6.08,83.6,8.02768325805664,125.95,1.1,13.79,90.5,8.066488027572632,242.14,1.34,13.94,84.9,8.110169410705566,281.43,3.06,15.08,116.2,8.12483263015747,298.92,0.02,13.1,162.0,8.156617879867554,235.02,1.06,18.27,87.3,8.152835130691528,269.38,11.44,12.57,110.7,8.177394151687622,216.74,3.24,11.03,151.4,8.184374809265137,325.9,0.0,7.96,93.8,8.205055952072144,162.33,0.38,12.79,142.8,8.177638530731201,269.65,0.0,11.48,119.4,8.194915771484375,52.56,0.46,13.92,158.5,8.187231063842773,100.63,9.66,17.32,137.9,8.185072898864746,153.72,3.7,14.37,155.0,8.175551891326904,140.1,1.25,16.04,147.2,8.193204641342163,167.17,0.0,10.35,130.7,8.193145751953125,159.61,0.0,11.26,123.9,8.211770296096802,350.16,2.28,15.72,132.0,8.220964431762695,244.07,0.0,16.96,124.0,8.254623174667358,,,,,,,,,,
146.6,0.0,0.0,0.2,7.509226560592651,161.19,3.9,2.23,22.5,7.759221315383911,161.02,9.75,8.82,87.9,7.765421628952026,305.33,1.27,10.46,96.2,7.878054857254028,300.5,0.29,9.36,120.2,8.019914388656616,40.78,8.07,13.35,78.1,7.992089033126831,104.94,0.0,11.11,67.8,8.037249326705933,71.89,11.98,14.02,104.2,8.056861639022827,223.15,11.92,14.12,102.2,8.052730083465576,305.07,4.59,10.0,130.5,7.9997828006744385,252.25,5.08,10.59,156.6,8.041020154953003,36.21,0.0,5.56,56.0,8.0184485912323,212.7,2.98,19.56,76.1,8.054226160049438,306.91,6.17,11.66,129.2,8.077229738235474,331.88,0.0,16.17,151.5,8.022284269332886,325.72,0.0,6.62,89.5,8.07616376876831,258.31,0.4,9.85,94.5,8.059016942977905,44.91,0.02,13.26,137.5,8.091108083724976,157.32,0.05,11.04,119.9,8.135416269302368,187.12,6.54,13.62,130.6,8.152897834777832,199.16,10.9,14.68,96.7,8.184069395065308,135.53,0.1,16.08,106.8,8.177647113800049,155.74,2.04,15.98,96.0,8.200291395187378,103.27,7.86,14.92,147.2,8.209775447845459,213.4,0.28,14.47,181.5,8.232677459716797,35.77,8.84,12.46,157.4,8.206486940383911,139.04,3.72,16.21,158.3,8.218820810317993,280.9,9.77,14.74,132.0,8.216314315795898,318.16,0.0,9.07,86.6,8.213059186935425,6.24,10.88,17.66,177.5,8.20722484588623,346.46,9.2,17.66,160.8,8.217008590698242,8.26,3.17,14.22,142.2,8.22158670425415,356.13,1.25,16.0,186.4,8.236014604568481,181.23,0.46,16.23,160.8,8.250800371170044,70.14,1.53,16.52,174.3,8.278185844421387,,,,,,,,,,
146.6,3.03,0.02,0.2,7.533663511276245,161.19,9.1,2.26,22.6,7.781263113021851,161.02,2.56,8.82,87.9,7.788625955581665,298.48,0.44,16.47,107.0,7.901716947555542,288.19,11.31,11.12,153.3,8.049192190170288,24.08,2.55,8.5,81.5,8.01770305633545,82.88,1.86,8.03,150.0,8.05801272392273,42.98,2.29,7.58,111.2,8.08078145980835,187.73,0.0,6.83,76.8,8.078413724899292,265.08,0.0,11.98,73.2,8.0273597240448,206.1,0.0,11.16,58.7,8.068337202072144,349.72,0.08,16.19,103.1,8.04282832145691,158.38,0.0,7.35,133.4,8.081888914108276,243.46,3.16,12.54,131.6,8.10561990737915,263.58,12.0,14.77,77.1,8.048765897750854,257.61,12.12,14.76,174.0,8.105384588241577,186.24,10.64,10.61,83.9,8.083255052566528,323.44,10.53,13.01,118.0,8.117842197418213,68.2,12.13,8.84,140.9,8.16358232498169,92.9,0.0,7.75,68.0,8.179083585739136,101.25,0.0,15.97,102.8,8.209945678710938,28.92,12.57,12.05,157.4,8.205667734146118,49.31,0.0,10.49,180.0,8.228781700134277,345.32,0.0,9.05,152.2,8.2382493019104,94.13,9.8,14.05,150.1,8.257221698760986,272.72,0.0,13.03,72.9,8.22928786277771,6.68,10.9,13.8,146.8,8.247447967529297,144.93,0.0,11.98,112.0,8.2387216091156,187.12,0.04,16.6,165.5,8.239506483078003,223.24,0.62,15.54,94.4,8.231557607650757,192.22,0.1,13.84,100.0,8.246976852416992,222.01,7.26,13.96,162.5,8.250012397766113,192.22,6.78,16.14,189.7,8.264503002166748,11.69,10.84,14.95,157.7,8.274781227111816,260.42,8.17,17.52,184.5,8.30631947517395,,,,,,,,,,
146.6,10.78,0.04,0.3,7.561204433441162,161.19,2.74,2.25,17.2,7.805246353149414,161.02,0.0,7.6,85.1,7.814379930496216,290.92,9.71,10.59,81.2,7.930063247680664,274.92,0.0,8.01,55.3,8.073533058166504,8.53,0.0,7.48,84.0,8.039921760559082,61.79,10.68,10.8,100.2,8.088755130767822,15.82,0.0,11.51,128.5,8.105237483978271,156.36,0.0,6.69,69.1,8.101903438568115,226.49,2.79,12.39,152.2,8.056171178817749,162.33,2.28,12.47,101.7,8.092984199523926,297.33,9.26,13.94,151.7,8.070922136306763,103.71,2.92,14.09,116.8,8.10970687866211,181.32,0.0,17.84,126.5,8.129794120788574,195.38,2.25,8.27,113.0,8.075113534927368,182.02,2.19,9.82,129.5,8.133602142333984,108.46,2.99,7.34,75.9,8.10655689239502,237.13,0.0,11.32,75.2,8.14419937133789,341.46,2.07,17.84,143.8,8.189354181289673,7.91,0.0,8.31,152.6,8.202482223510742,0.0,0.0,14.42,131.6,8.23333191871643,283.27,0.0,9.5,100.5,8.23359990119934,301.99,11.81,13.92,151.6,8.2565279006958,234.67,3.1,14.28,161.1,8.26219367980957,335.3,1.4,17.76,98.3,8.282684326171875,153.19,0.1,14.05,149.9,8.25766396522522,240.12,0.54,16.82,118.7,8.271147727966309,7.47,0.06,17.92,167.1,8.263231039047241,46.76,11.42,15.22,128.4,8.265380382537842,82.62,0.13,15.5,166.8,8.255645036697388,39.99,0.88,14.48,141.8,8.269265174865723,63.72,0.0,14.67,114.6,8.277304887771606,29.18,0.0,12.93,126.1,8.2881441116333,202.41,0.33,16.8,104.8,8.304046869277954,86.92,1.74,14.94,121.4,8.33035922050476,,,,,,,,,,
146.6,3.34,0.03,0.1,7.58521032333374,161.19,0.0,1.69,22.4,7.833322286605835,161.02,2.39,8.78,88.3,7.836817026138306,283.8,2.32,7.94,71.9,7.954358577728271,263.41,0.0,9.04,105.4,8.098737478256226,353.85,0.54,8.89,98.1,8.067113637924194,39.02,2.19,8.06,85.1,8.108742237091064,347.43,9.84,18.12,99.8,8.128631830215454,124.72,6.23,12.11,104.1,8.13040041923523,187.38,4.29,11.25,93.5,8.079633235931396,116.46,4.41,7.04,141.3,8.117730140686035,245.21,0.0,12.79,54.5,8.095232248306274,45.7,5.04,16.2,148.1,8.13401174545288,118.56,12.86,17.48,138.5,8.157631635665894,130.69,0.0,10.25,176.4,8.104429721832275,112.06,0.0,13.3,83.0,8.156863451004028,34.72,0.0,7.39,59.6,8.131983280181885,157.5,0.9,10.44,130.3,8.170817852020264,252.07,0.64,9.9,86.7,8.211610078811646,283.97,4.81,10.67,162.9,8.228379011154175,267.8,11.87,10.35,150.5,8.261798858642578,182.2,0.63,10.12,184.2,8.262083768844604,188.44,1.84,16.91,88.1,8.28493046760559,119.71,7.08,11.71,175.5,8.290402173995972,219.2,0.0,14.99,176.0,8.309959888458252,25.58,11.97,17.35,157.0,8.284986972808838,109.78,1.13,14.52,139.6,8.299193620681763,240.91,10.64,14.5,135.7,8.291780471801758,263.94,0.0,15.52,89.5,8.289591073989868,299.09,10.22,13.7,140.9,8.2840895652771,251.37,8.54,15.52,165.5,8.300995826721191,270.26,3.11,18.28,162.3,8.301969528198242,230.45,3.47,15.32,189.6,8.3170006275177,33.93,0.21,16.61,174.7,8.329161643981934,276.59,1.13,16.64,152.1,8.358435153961182,,,,,,,,,,
146.6,0.0,0.06,0.3,7.605252504348755,161.1,2.06,2.25,22.4,7.857289552688599,161.02,10.76,8.8,88.3,7.865130662918091,276.77,0.0,7.97,133.5,7.977889060974121,251.1,10.48,11.15,137.4,8.126870393753052,337.41,11.46,7.94,148.2,8.09258246421814,18.72,0.0,7.56,122.8,8.135323762893677,320.36,4.82,12.22,104.3,8.160778045654297,90.26,5.04,14.23,149.0,8.154701471328735,149.77,0.0,5.33,123.0,8.105707168579102,71.89,0.0,10.57,40.1,8.146860122680664,195.47,0.19,8.75,171.6,8.125346660614014,350.33,0.0,9.91,168.9,8.158327102661133,52.82,2.66,19.46,99.0,8.181971073150635,61.61,11.2,19.64,140.0,8.129091262817383,39.73,6.29,15.72,150.7,8.18126916885376,324.05,0.66,8.2,76.1,8.1567223072052,74.36,10.19,15.1,136.2,8.19930100440979,170.51,8.36,8.35,112.9,8.240330219268799,189.58,2.8,9.43,170.5,8.254194498062134,165.15,1.7,12.02,107.1,8.29186463356018,77.78,11.8,11.5,108.1,8.285606384277344,83.23,0.0,12.69,149.0,8.307255268096924,3.08,1.91,14.88,95.7,8.315608263015747,98.44,10.6,18.34,147.7,8.338622093200684,258.57,0.0,14.02,80.6,8.312997579574585,337.32,7.58,13.96,117.8,8.32657265663147,100.11,0.0,12.48,124.6,8.32051157951355,129.11,0.31,13.81,126.2,8.319993734359741,146.78,0.0,14.51,94.1,8.31224513053894,99.4,1.78,13.37,97.1,8.325663328170776,113.12,6.67,17.12,176.6,8.33071517944336,68.82,7.7,18.03,158.0,8.344372034072876,230.98,8.79,16.97,185.7,8.357656240463257,103.36,7.72,16.27,165.0,8.386341094970703,,,,,,,,,,
146.6,0.16,0.02,0.2,7.629245519638061,161.19,9.96,2.26,22.6,7.881452798843384,161.02,1.28,8.81,56.7,7.892644643783569,269.74,5.5,14.77,90.2,8.005457878112793,237.92,2.42,6.5,68.0,8.152629375457764,319.48,2.85,6.07,59.1,8.116394281387329,357.8,5.06,18.18,109.6,8.16346788406372,290.74,0.0,6.94,104.8,8.185618162155151,55.99,0.0,5.97,115.4,8.179134607315063,111.8,2.15,5.49,104.0,8.132772207260132,27.86,0.23,9.21,70.6,8.167288541793823,145.99,12.86,6.47,192.7,8.147046327590942,295.14,1.63,7.26,178.8,8.18828535079956,353.76,0.0,12.01,124.7,8.210038185119629,352.62,2.19,6.16,87.7,8.156273126602173,329.33,3.43,8.71,77.1,8.206416368484497,251.46,12.1,8.94,104.7,8.185740232467651,350.07,0.0,8.61,90.6,8.225218534469604,84.55,4.37,14.45,132.1,8.263511419296265,99.93,0.0,10.88,90.9,8.28226900100708,66.09,0.38,13.86,91.7,8.314171314239502,330.73,1.56,12.03,96.1,8.313518524169922,336.18,11.39,12.25,178.8,8.337990283966064,259.98,0.0,10.8,118.3,8.339130163192749,336.36,0.0,14.84,100.1,8.366235256195068,137.99,0.3,14.95,152.4,8.33801817893982,205.84,0.0,7.8,143.0,8.354885578155518,321.94,3.69,15.73,133.4,8.347464561462402,346.2,9.91,14.9,141.2,8.345731019973755,3.43,0.0,11.81,149.5,8.336238384246826,316.14,0.0,15.31,145.2,8.350024938583374,313.59,0.0,10.7,106.9,8.354379177093506,270.18,0.0,10.84,133.1,8.371106386184692,62.4,1.7,16.3,159.7,8.381666660308838,286.61,0.0,11.48,133.3,8.411378860473633,,,,,,,,,,
146.6,2.9,0.03,0.3,7.653246164321899,161.19,2.99,2.24,22.4,7.9053661823272705,161.02,0.0,8.33,87.4,7.916821241378784,262.62,5.62,9.33,94.2,8.029526948928833,226.05,0.0,6.97,91.8,8.174959897994995,303.31,0.0,6.42,141.2,8.14484691619873,335.13,5.2,15.18,81.4,8.187913417816162,262.79,4.07,12.73,105.2,8.213473320007324,23.91,0.68,13.04,99.2,8.20403265953064,73.3,10.66,13.86,134.2,8.156250715255737,346.73,8.63,16.06,153.0,8.195199489593506,94.13,2.35,13.22,173.0,8.178426027297974,239.94,7.96,15.73,90.6,8.209940195083618,290.83,11.83,17.79,130.0,8.238327741622925,289.42,0.0,5.67,127.6,8.180889129638672,261.12,0.0,8.76,122.9,8.23639178276062,173.41,1.58,10.51,68.5,8.210124731063843,272.55,0.0,15.28,147.4,8.248154640197754,358.07,0.0,14.55,134.3,8.295793533325195,11.07,2.93,18.33,122.8,8.306804180145264,331.96,11.76,11.0,139.5,8.342817544937134,229.66,0.37,14.93,127.6,8.337286949157715,221.4,1.36,16.39,77.9,8.366753101348877,146.25,9.62,13.97,165.5,8.367268800735474,214.01,2.45,16.15,149.9,8.392099857330322,11.51,11.62,17.39,135.6,8.366625308990479,80.68,0.19,14.99,143.1,8.37898325920105,185.63,6.26,14.23,132.8,8.376716613769531,205.49,1.67,13.86,95.2,8.37355351448059,226.93,11.6,15.41,150.2,8.363919973373413,164.71,9.58,15.36,168.6,8.378222227096558,155.48,3.1,14.14,144.3,8.382229328155518,107.58,2.6,15.69,182.5,8.398742198944092,258.66,0.48,15.42,179.1,8.40980839729309,113.38,3.78,18.61,176.1,8.439387559890747,,,,,,,,,,
146.6,9.42,0.04,0.3,7.677252769470215,161.1,0.0,1.92,21.8,7.933370590209961,161.02,2.82,8.8,88.3,7.940775156021118,255.5,0.0,7.64,66.2,8.057884693145752,214.28,3.18,9.98,94.9,8.19961428642273,286.52,3.03,16.83,126.1,8.168967962265015,313.24,0.0,9.31,71.3,8.211092472076416,233.79,4.2,7.63,136.8,8.238513231277466,351.39,9.58,11.83,149.3,8.231720924377441,33.05,0.0,8.58,89.5,8.181341886520386,300.94,2.52,10.03,142.8,8.223568201065063,43.07,0.0,10.13,117.2,8.202730178833008,185.54,0.0,7.14,122.3,8.237799167633057,225.26,1.86,12.36,78.4,8.26575255393982,223.95,8.45,12.82,149.5,8.209044694900513,190.55,0.67,9.62,95.7,8.26074504852295,98.79,0.0,8.26,106.8,8.234024047851562,189.23,9.56,9.38,122.2,8.27740478515625,267.8,4.34,8.72,109.4,8.320198059082031,280.2,8.45,19.1,110.1,8.335619688034058,228.34,0.26,9.24,106.8,8.370134592056274,125.16,9.06,10.91,142.0,8.365331888198853,116.72,0.0,11.02,113.6,8.390132904052734,29.27,2.26,15.27,119.9,8.390689134597778,94.39,10.3,14.25,148.6,8.41785979270935,244.07,0.63,17.73,95.2,8.388378620147705,313.15,8.06,14.45,176.5,8.407636642456055,50.1,0.0,10.65,131.5,8.401435613632202,70.14,0.0,16.31,133.9,8.398730516433716,74.88,2.48,12.8,135.1,8.390148162841797,10.11,2.12,13.42,137.7,8.401673078536987,356.22,6.07,15.77,142.3,8.409968614578247,302.61,5.66,15.85,142.1,8.424484252929688,90.88,11.08,16.36,144.0,8.435396909713745,296.63,7.14,15.79,189.2,8.467829942703247,,,,,,,,,,
146.6,3.54,0.02,0.2,7.701304912567139,161.19,1.35,2.24,22.4,7.959527492523193,161.02,7.3,8.79,88.3,7.965328931808472,249.17,0.27,9.72,98.5,8.082026243209839,202.59,9.25,16.26,46.8,8.229687213897705,269.12,4.6,9.09,76.5,8.193256139755249,292.68,2.96,14.79,118.6,8.24184775352478,205.84,0.0,8.24,173.2,8.267029523849487,317.2,1.0,11.14,90.6,8.259174108505249,357.19,0.12,10.75,112.1,8.209620475769043,253.83,0.0,15.89,88.8,8.246849536895752,352.62,11.11,10.16,136.7,8.230592250823975,131.22,0.5,8.79,75.8,8.261823177337646,166.03,0.0,19.08,67.8,8.290261268615723,156.27,3.57,19.02,122.5,8.234836339950562,123.84,9.8,17.5,122.3,8.286890506744385,24.79,3.96,9.48,111.5,8.258663177490234,110.21,2.03,16.86,142.5,8.304189443588257,182.81,5.65,14.16,175.4,8.344213247299194,185.98,0.0,8.54,66.8,8.360158443450928,133.95,0.08,15.16,97.1,8.39587926864624,19.07,2.12,9.39,98.3,8.392803430557251,5.27,7.66,14.13,126.5,8.415968179702759,277.73,0.16,14.0,111.2,8.41903567314148,331.35,0.0,14.84,98.0,8.443548202514648,124.01,2.24,18.53,150.8,8.418174982070923,181.49,0.0,17.45,105.5,8.437019348144531,276.77,1.42,16.51,147.4,8.429728031158447,292.68,11.49,13.57,144.5,8.426059246063232,291.71,0.0,16.75,148.4,8.419711828231812,222.28,0.0,14.18,161.7,8.430098295211792,198.02,0.0,11.21,149.3,8.438225507736206,140.54,0.0,12.53,128.6,8.454467535018921,280.63,0.0,12.73,112.8,8.463196754455566,123.49,0.0,12.75,129.8,8.495512247085571,,,,,,,,,,
146.6,0.0,0.01,0.0,7.7253077030181885,161.19,10.86,2.27,22.7,7.981629848480225,161.02,2.17,8.79,85.4,7.988334894180298,242.31,7.67,10.65,135.7,8.105822563171387,190.72,0.0,13.49,62.9,8.252832889556885,253.13,0.0,4.6,104.3,8.22160816192627,269.65,8.22,16.16,89.6,8.266371488571167,178.95,2.88,7.22,137.8,8.29162311553955,283.54,0.08,14.89,147.6,8.28847622871399,318.08,11.4,10.64,109.1,8.237950563430786,209.79,10.36,13.56,107.6,8.27831768989563,298.04,2.44,15.66,80.3,8.256258964538574,78.4,6.04,11.24,123.6,8.289638996124268,106.26,11.88,13.01,106.8,8.318435430526733,87.98,0.0,9.52,98.6,8.257140398025513,49.57,2.12,11.1,117.7,8.313937187194824,311.57,6.88,9.53,111.9,8.288124799728394,26.28,0.0,9.43,138.4,8.326422691345215,94.04,0.0,13.82,110.9,8.372314214706421,99.23,0.0,11.97,135.2,8.384333848953247,37.0,11.91,11.56,104.4,8.420907020568848,285.12,0.0,10.75,184.3,8.417160987854004,263.67,2.56,13.65,110.1,8.44316577911377,162.6,10.78,11.78,119.2,8.451442241668701,214.19,2.57,15.66,122.2,8.472925186157227,356.75,8.72,16.6,154.0,8.441168785095215,51.06,1.14,15.27,145.6,8.459894895553589,141.94,6.2,15.86,135.8,8.454508304595947,146.69,0.63,13.74,111.0,8.449702978134155,144.4,11.19,15.5,160.2,8.444087505340576,69.87,11.44,17.48,170.7,8.458502292633057,40.08,3.13,16.05,184.3,8.461459875106812,335.39,4.91,13.89,159.1,8.476119756698608,112.41,3.26,16.02,169.7,8.491758584976196,306.65,3.51,17.64,163.9,8.520096778869629,,,,,,,,,,
146.6,0.08,0.02,0.2,7.749302387237549,161.19,1.0,2.24,14.0,8.009821653366089,161.02,0.0,7.75,87.7,8.015312671661377,234.76,3.38,13.49,78.8,8.13589859008789,178.95,0.32,13.96,158.5,8.28287649154663,235.99,0.45,17.32,90.9,8.248176097869873,247.68,0.0,14.67,54.4,8.295084476470947,151.61,7.04,11.56,176.4,8.320727348327637,248.73,9.34,8.79,101.3,8.310703754425049,276.33,0.0,8.14,88.3,8.261524677276611,162.6,2.15,10.95,53.7,8.302367210388184,247.32,0.06,8.74,164.9,8.279983758926392,22.15,3.18,17.33,61.8,8.313903093338013,39.81,2.4,19.82,112.5,8.346563816070557,26.54,0.55,19.17,112.7,8.283607721328735,338.2,0.13,9.55,84.3,8.33784031867981,235.9,0.0,6.21,85.3,8.312461137771606,307.97,6.57,16.26,130.6,8.354738473892212,7.03,3.28,14.2,93.7,8.396195411682129,6.68,5.88,11.19,136.1,8.408896446228027,296.63,1.88,10.93,116.9,8.45107889175415,180.53,11.87,17.51,112.9,8.445713758468628,153.63,0.0,14.05,135.4,8.466589450836182,42.28,0.0,11.4,111.4,8.475666999816895,94.48,9.74,13.5,132.6,8.498714685440063,230.1,0.0,16.78,86.2,8.473323345184326,283.18,9.9,15.8,151.8,8.48597240447998,4.04,0.47,15.27,91.6,8.479091167449951,4.92,0.0,11.9,168.0,8.47968053817749,350.6,0.0,9.86,99.7,8.472129344940186,276.06,0.0,15.07,87.5,8.48569917678833,246.01,5.44,18.25,171.8,8.491447448730469,172.97,5.26,15.82,164.7,8.50783920288086,301.9,7.51,16.08,174.8,8.515838384628296,132.19,4.74,17.17,176.1,8.548104047775269,,,,,,,,,,
146.6,3.51,0.01,0.2,7.773301124572754,161.19,0.0,2.06,22.5,8.033630132675171,161.02,3.54,8.8,87.8,8.036757469177246,228.08,0.0,6.85,104.7,8.157726764678955,166.82,10.91,14.57,144.6,8.311879873275757,219.02,9.12,10.22,119.3,8.27706241607666,226.05,0.19,15.19,90.4,8.319154977798462,122.61,0.0,4.39,98.0,8.345234394073486,215.6,2.16,13.2,93.7,8.339121341705322,239.59,0.39,6.25,146.3,8.289621829986572,118.56,0.1,13.6,63.0,8.331275224685669,197.84,11.03,6.86,166.9,8.309750080108643,329.24,0.0,9.03,175.4,8.33882212638855,338.47,0.18,18.87,107.3,8.36981463432312,320.89,7.66,6.32,95.8,8.308964967727661,270.0,11.19,15.0,149.0,8.36698579788208,164.53,1.27,9.82,114.8,8.3367178440094,224.74,2.62,9.95,140.9,8.381958961486816,287.14,10.22,10.06,143.7,8.425577163696289,279.05,2.73,9.64,156.3,8.434028148651123,197.14,0.32,18.28,94.6,8.472806453704834,71.28,2.39,12.28,135.8,8.473673582077026,44.21,8.99,15.09,107.8,8.497085332870483,290.48,3.22,13.36,130.1,8.504439115524292,336.8,1.21,13.89,76.1,8.527837753295898,110.21,0.66,12.6,179.2,8.497750043869019,152.67,0.0,10.92,101.5,8.512430667877197,242.49,0.18,13.43,169.3,8.50725269317627,233.7,10.68,14.86,142.3,8.502561092376709,213.75,0.0,15.52,177.4,8.496310949325562,129.38,0.21,14.2,162.8,8.510010004043579,89.91,0.0,9.84,137.4,8.515645980834961,8.61,0.0,8.15,126.1,8.53207516670227,133.95,0.0,10.22,146.1,8.54462480545044,316.32,0.0,12.45,168.0,8.57167649269104,,,,,,,,,,
146.51,11.9,0.04,0.3,7.797360181808472,161.19,3.48,2.24,22.6,8.058096170425415,161.02,8.31,8.81,87.9,8.068445682525635,221.13,6.32,3.86,47.3,8.184520244598389,154.07,0.0,10.63,107.1,8.334642887115479,201.36,0.0,12.91,72.5,8.299538612365723,204.7,11.46,17.2,92.6,8.348207235336304,96.15,0.31,16.45,121.2,8.36661410331726,183.16,0.0,11.46,108.6,8.36655044555664,201.62,11.88,7.75,129.5,8.318389892578125,73.83,8.64,5.58,127.0,8.35549807548523,145.9,2.57,19.54,82.2,8.334970712661743,273.96,2.76,8.68,156.6,8.368319272994995,275.45,11.26,18.04,89.1,8.397718667984009,256.9,2.02,8.0,115.8,8.337261438369751,193.97,1.96,10.47,110.2,8.390045166015625,88.86,10.5,10.13,108.6,8.365687847137451,144.93,0.0,14.16,128.4,8.410354137420654,194.77,0.0,10.13,116.5,8.450086832046509,188.0,0.0,6.88,98.9,8.459128856658936,101.69,10.37,9.29,152.1,8.5044686794281,329.77,0.0,13.97,139.6,8.497496604919434,296.63,3.1,12.43,127.0,8.520068407058716,175.43,8.38,16.28,153.0,8.52918267250061,219.46,0.0,11.84,119.8,8.552032947540283,342.07,8.14,11.72,184.5,8.526807308197021,20.92,0.45,12.2,154.4,8.536924839019775,107.4,8.6,17.49,140.8,8.536592960357666,88.24,1.88,15.88,176.8,8.5346839427948,67.5,12.52,16.69,147.2,8.524160146713257,334.42,9.85,17.28,154.5,8.53836178779602,301.46,3.06,14.67,152.8,8.5435049533844,223.95,0.99,15.67,153.9,8.556873798370361,323.53,4.85,16.44,192.0,8.570943832397461,141.94,8.36,17.3,175.4,8.603698492050171,,,,,,,,,,
146.6,2.96,0.02,0.2,7.821355104446411,161.19,9.71,2.26,22.6,8.082608461380005,161.02,2.16,8.79,55.0,8.092792987823486,214.45,8.27,10.07,90.8,8.210001945495605,141.42,2.28,14.88,98.8,8.362522602081299,184.83,0.56,7.25,162.4,8.323844194412231,182.46,2.0,11.11,71.4,8.372055053710938,68.2,11.5,10.23,150.0,8.398523569107056,148.89,11.31,12.92,128.0,8.391593217849731,162.69,2.63,12.23,82.8,8.341787338256836,29.97,7.08,18.57,115.7,8.380820512771606,95.98,0.0,9.17,61.5,8.358780145645142,219.02,8.24,17.68,92.1,8.38990592956543,212.43,1.97,19.3,49.3,8.425556659698486,191.78,0.0,9.67,156.1,8.360986471176147,121.46,0.62,11.6,67.6,8.418293476104736,9.14,2.92,10.14,108.1,8.390137910842896,61.61,3.54,14.16,155.3,8.434537649154663,106.87,2.16,9.35,105.8,8.476131916046143,101.87,3.42,15.73,95.1,8.483367681503296,0.62,3.07,14.43,168.4,8.529770135879517,223.68,11.42,10.83,153.0,8.5255606174469,187.47,0.0,14.05,98.2,8.54808259010315,59.85,1.62,12.99,96.4,8.553082942962646,99.67,10.78,14.74,119.9,8.580796241760254,216.04,0.0,8.88,106.9,8.549939393997192,253.92,9.1,14.81,137.0,8.56836986541748,329.85,0.0,13.85,93.2,8.558997631072998,310.34,0.29,15.56,136.0,8.55870771408081,278.0,2.14,18.22,107.7,8.55030632019043,181.67,1.71,14.85,87.3,8.56233525276184,144.14,6.59,15.63,148.4,8.569403409957886,61.08,9.35,16.22,158.8,8.584564924240112,155.39,5.46,14.9,176.3,8.599188327789307,326.78,3.16,15.51,160.5,8.632322311401367,,,,,,,,,,
146.6,0.0,0.01,0.2,7.845356225967407,161.19,2.1,2.24,20.7,8.106609582901001,161.02,0.0,7.42,88.1,8.117154598236084,207.51,0.0,12.53,98.1,8.237994194030762,129.29,7.98,12.18,71.2,8.390167951583862,168.57,10.88,12.11,92.1,8.351612329483032,160.93,0.0,13.24,104.0,8.399579048156738,38.32,2.37,15.89,65.5,8.422439336776733,113.99,0.0,17.74,43.7,8.423558235168457,124.54,0.0,9.6,71.3,8.366995573043823,345.23,0.0,5.43,152.3,8.404584407806396,48.87,1.74,5.81,101.3,8.382580280303955,165.15,0.0,7.01,120.8,8.417328357696533,153.46,0.6,18.19,86.2,8.453931093215942,127.09,9.56,17.32,178.6,8.388369083404541,50.19,9.54,15.17,155.3,8.442509412765503,296.72,0.0,9.85,112.7,8.414115905761719,339.87,4.43,11.52,91.3,8.46291971206665,19.95,8.95,8.33,132.9,8.50272822380066,9.4,12.17,10.99,185.2,8.51123595237732,268.42,0.0,9.01,157.1,8.552622556686401,115.75,0.0,6.73,95.7,8.552103042602539,82.0,4.51,13.25,123.5,8.575737237930298,311.92,1.18,16.93,118.1,8.58084511756897,336.97,0.0,15.27,69.6,8.605127334594727,95.71,0.0,11.67,129.4,8.577325105667114,123.93,0.04,13.52,135.7,8.596879959106445,197.67,0.79,13.57,150.6,8.582949876785278,169.8,9.7,16.48,160.5,8.587797403335571,132.01,1.63,12.93,135.6,8.580034971237183,34.37,0.0,13.84,159.1,8.590166568756104,344.53,0.0,9.47,147.6,8.594838619232178,262.62,0.0,16.43,102.2,8.60880732536316,345.41,0.0,11.28,139.1,8.62551236152649,152.14,0.0,15.46,154.1,8.656677484512329,,,,,,,,,,
146.6,0.03,0.03,0.2,7.869358062744141,161.19,0.0,1.88,22.5,8.136137247085571,161.02,2.82,8.77,88.1,8.141674041748047,200.57,0.47,7.68,101.8,8.263423204421997,117.16,0.03,15.6,69.3,8.414125442504883,151.61,2.02,5.61,106.7,8.377577781677246,138.96,12.76,10.66,118.4,8.4286048412323,11.69,0.0,10.17,145.1,8.446588277816772,80.16,0.0,11.22,69.2,8.448169469833374,88.15,3.89,13.76,103.6,8.396146535873413,300.76,2.79,9.42,198.5,8.432806491851807,0.53,8.74,14.51,76.2,8.40750241279602,110.21,0.52,15.27,66.2,8.445870399475098,92.64,9.92,12.03,160.1,8.4782395362854,58.27,3.62,15.77,96.3,8.41373872756958,339.17,2.34,10.65,159.8,8.470400333404541,219.99,7.65,10.17,94.8,8.442259073257446,259.01,0.0,10.79,171.2,8.486391305923462,296.54,2.0,13.86,122.0,8.526442766189575,278.26,0.0,12.82,87.5,8.53909683227539,173.76,7.19,15.07,114.0,8.581459760665894,17.31,0.0,17.43,124.7,8.582093000411987,334.86,4.34,13.72,152.2,8.603935480117798,196.35,9.46,12.61,169.1,8.610773801803589,219.38,0.18,17.3,164.9,8.63311243057251,332.31,11.38,14.1,131.0,8.601619243621826,351.04,1.27,15.24,178.5,8.620051383972168,62.31,11.99,12.54,183.7,8.614392757415771,28.21,1.62,14.72,103.6,8.611827611923218,342.86,9.06,17.4,140.6,8.60808253288269,246.71,11.3,16.82,176.2,8.618179321289062,192.48,3.01,15.55,177.5,8.620249509811401,100.11,3.82,16.19,161.4,8.638166904449463,176.84,3.03,15.65,150.1,8.650626182556152,336.53,11.73,18.61,173.8,8.684255361557007,,,,,,,,,,
146.6,3.97,0.02,0.2,7.893416166305542,161.19,2.52,2.24,22.6,8.160075664520264,161.02,9.25,8.8,88.3,8.165254354476929,193.89,10.86,8.35,69.5,8.286674976348877,104.68,0.5,10.08,111.6,8.442671298980713,134.82,0.0,17.24,121.1,8.407242059707642,115.84,0.0,15.95,62.8,8.452251434326172,343.3,11.77,16.05,122.2,8.475316762924194,48.08,3.45,10.07,124.7,8.471868753433228,49.31,7.46,12.89,107.8,8.418398141860962,256.2,8.38,8.93,86.1,8.457129716873169,314.12,4.32,12.87,82.0,8.435465097427368,54.67,11.27,6.13,195.7,8.469912767410278,31.46,4.98,7.6,165.3,8.501781225204468,354.55,0.0,6.91,80.8,8.436914205551147,265.96,0.0,7.1,88.4,8.4969801902771,145.99,5.09,10.38,96.4,8.466829776763916,176.04,8.6,8.6,77.8,8.511160612106323,207.77,0.29,16.06,88.3,8.55455493927002,187.12,2.12,15.37,163.6,8.563141584396362,74.62,3.13,11.11,184.8,8.60419511795044,275.71,11.88,11.13,184.7,8.606489181518555,224.56,0.0,11.03,182.2,8.628113031387329,82.62,2.18,16.74,91.4,8.635842084884644,99.67,11.96,15.27,173.6,8.657318830490112,201.97,0.0,8.21,73.7,8.630810022354126,219.55,7.36,15.98,149.5,8.648092031478882,284.41,0.0,11.44,93.4,8.63917875289917,251.81,0.93,15.86,155.2,8.640634536743164,194.94,0.0,15.19,123.9,8.632050514221191,89.21,2.22,15.04,99.7,8.642156839370728,33.93,7.74,16.64,180.6,8.650632381439209,295.22,7.2,14.5,161.5,8.667067050933838,7.38,6.34,18.44,157.1,8.677481651306152,155.39,1.26,18.55,122.5,8.714236736297607,,,,,,,,,,
146.6,9.71,0.03,0.2,7.921426057815552,161.19,8.52,2.25,22.8,8.183747053146362,161.02,2.66,8.78,76.4,8.189222812652588,186.94,2.87,9.43,149.5,8.314718008041382,92.02,11.21,13.22,157.4,8.465901851654053,117.33,12.62,8.65,149.8,8.436519861221313,93.78,0.08,7.78,142.8,8.478592872619629,313.86,2.19,7.32,140.9,8.498642921447754,14.24,6.48,9.84,103.3,8.496025323867798,9.93,2.12,14.93,120.6,8.445725202560425,213.57,2.24,14.03,80.9,8.481435060501099,263.5,0.0,7.14,92.5,8.45962929725647,358.42,2.49,10.67,145.3,8.498442888259888,332.58,0.0,7.24,132.1,8.527201175689697,290.83,2.06,9.28,67.4,8.464643239974976,197.93,6.96,18.24,129.5,8.523006439208984,70.31,0.0,6.17,86.9,8.490418434143066,99.49,8.92,11.6,146.9,8.539594411849976,122.26,10.36,8.35,138.3,8.582454442977905,93.78,10.69,15.2,146.1,8.59067678451538,336.71,0.0,8.37,134.3,8.631511449813843,166.9,2.0,15.65,87.4,8.634399890899658,115.84,11.57,12.06,157.2,8.656621217727661,333.63,0.0,13.66,177.6,8.660786390304565,336.36,0.0,11.49,98.0,8.68615198135376,85.78,0.0,16.84,145.6,8.657604455947876,89.21,0.0,17.77,104.0,8.671899557113647,153.9,1.76,15.6,131.6,8.667189598083496,111.18,9.76,13.99,134.7,8.669726848602295,48.34,0.63,13.98,167.9,8.660385608673096,305.6,0.0,12.86,145.2,8.670025110244751,241.26,0.0,10.79,102.7,8.675491094589233,133.15,0.0,11.9,141.4,8.691017389297485,210.85,0.0,12.4,132.1,8.705652236938477,339.17,0.43,17.45,170.1,8.73852801322937,,,,,,,,,,
146.6,3.87,0.02,0.1,7.941434860229492,161.19,2.34,2.24,22.4,8.207784175872803,161.02,0.0,8.21,86.3,8.215734958648682,179.91,0.0,14.75,89.7,8.338602066040039,78.84,2.05,14.81,127.7,8.494536638259888,99.67,2.22,17.73,120.7,8.460686922073364,72.33,4.2,12.56,87.1,8.501301050186157,285.38,0.0,11.39,181.9,8.526636123657227,342.51,0.0,8.71,119.3,8.520243883132935,333.19,0.7,17.59,68.4,8.467190265655518,170.07,0.27,11.55,136.9,8.51105523109436,215.6,3.64,15.5,87.7,8.486046314239502,301.38,0.28,11.54,91.1,8.521377801895142,272.37,3.28,7.02,100.1,8.55580735206604,227.99,9.44,8.42,93.0,8.488654136657715,126.12,4.33,14.07,146.2,8.550303936004639,359.03,1.88,9.77,97.7,8.517719745635986,18.46,0.0,9.83,64.4,8.564221620559692,32.87,2.49,13.9,146.4,8.606270551681519,357.45,0.0,15.02,82.9,8.618419647216797,240.56,2.9,13.35,103.0,8.660928964614868,66.36,0.0,12.72,141.0,8.658679008483887,0.0,3.87,15.23,102.3,8.680410861968994,218.58,10.25,11.8,137.3,8.68736481666565,220.25,1.16,14.95,153.8,8.711836099624634,323.0,11.78,16.38,112.1,8.682383298873901,321.24,1.22,16.11,156.2,8.700554370880127,16.35,10.87,13.97,154.2,8.6966073513031,327.74,0.48,14.78,92.1,8.691737174987793,264.9,8.29,16.02,177.4,8.685936689376831,153.72,10.74,17.52,157.1,8.6978120803833,83.14,2.38,14.98,150.9,8.703565120697021,328.36,2.32,16.36,147.3,8.718855857849121,42.71,2.3,15.53,167.2,8.729689836502075,164.97,9.0,15.53,180.1,8.766530275344849,,,,,,,,,,
146.6,0.0,-0.01,-0.2,7.969429492950439,161.19,0.0,1.84,22.5,8.231783866882324,161.02,3.01,8.81,87.6,8.23755669593811,173.32,6.98,7.47,101.4,8.36518669128418,66.18,0.0,9.19,115.5,8.518598079681396,83.14,0.0,10.95,130.9,8.484663009643555,51.68,7.75,9.62,93.4,8.52780532836914,256.29,11.96,7.29,119.3,8.554442405700684,309.2,1.12,11.21,70.1,8.549021482467651,294.61,10.32,12.01,99.6,8.498378992080688,124.63,11.02,9.69,145.0,8.534584522247314,166.2,8.59,11.89,142.9,8.514662742614746,245.83,12.3,14.68,177.1,8.549890995025635,211.46,7.43,15.45,81.7,8.578598022460938,165.41,2.5,9.57,103.8,8.514021873474121,52.56,0.0,5.85,92.1,8.576152563095093,286.26,11.4,8.17,88.2,8.53921103477478,304.1,0.0,11.98,106.4,8.58700442314148,306.12,0.04,16.52,90.6,8.634362936019897,266.57,0.5,13.34,98.5,8.6466646194458,141.94,4.78,9.34,157.5,8.684240818023682,323.26,12.3,14.07,152.0,8.686515808105469,258.31,0.0,13.09,148.2,8.709924936294556,99.14,1.76,17.11,137.5,8.716876029968262,99.58,11.77,13.14,156.1,8.739831447601318,192.22,1.58,18.55,85.5,8.710561513900757,190.46,6.4,14.9,136.0,8.726649284362793,239.41,0.0,15.85,97.3,8.718433380126953,192.66,2.58,13.78,135.5,8.718939781188965,119.27,0.0,12.97,93.0,8.70987582206726,353.58,0.0,13.75,100.6,8.726736307144165,289.95,8.94,14.42,147.6,8.729254484176636,164.97,5.15,16.39,174.7,8.744666337966919,238.62,7.69,14.59,156.9,8.759104251861572,349.37,0.0,16.91,116.1,8.790101289749146,,,,,,,,,,
146.6,0.77,0.01,0.2,7.993447303771973,161.19,3.6,2.24,22.6,8.259876728057861,161.02,9.31,8.82,88.2,8.265231609344482,166.29,4.92,4.92,56.1,8.393555402755737,54.84,3.62,7.75,128.5,8.543486595153809,66.97,4.72,9.25,136.6,8.5081205368042,31.2,2.32,9.04,74.4,8.551185369491577,227.37,1.85,17.09,73.5,8.582710027694702,275.89,9.5,7.87,70.8,8.572443008422852,254.62,1.7,14.06,102.0,8.526665925979614,78.22,2.91,7.5,97.7,8.561011552810669,114.52,0.0,7.9,72.3,8.536606311798096,187.29,1.65,19.08,57.9,8.57740592956543,152.67,0.0,15.14,46.8,8.602980613708496,100.28,0.0,9.83,196.6,8.541088104248047,346.46,3.24,17.89,138.4,8.598573923110962,210.76,2.58,8.86,81.4,8.566659450531006,219.99,11.64,16.52,125.2,8.61577820777893,219.81,11.47,9.95,140.2,8.660185813903809,175.87,10.94,17.24,125.4,8.674651622772217,45.26,0.0,10.51,108.9,8.71211862564087,214.1,1.83,9.67,85.6,8.712496280670166,148.54,8.82,15.37,178.5,8.738032102584839,347.17,0.28,14.77,150.9,8.74219822883606,337.32,1.3,13.42,128.2,8.764556646347046,71.46,0.0,12.0,167.0,8.73479700088501,59.33,0.0,13.58,87.9,8.75594711303711,109.51,0.5,14.95,153.0,8.747364044189453,51.68,10.54,16.92,136.3,8.745270490646362,334.95,0.54,16.69,161.6,8.74009370803833,199.42,0.6,14.67,145.6,8.750038146972656,132.63,0.0,9.08,108.2,8.7555410861969,1.23,0.0,16.08,110.9,8.767000675201416,71.54,0.0,9.12,123.5,8.781562566757202,175.08,1.25,16.55,169.7,8.81908893585205,,,,,,,,,,
146.6,8.57,0.03,0.3,8.013455152511597,161.19,9.26,2.26,22.7,8.28423547744751,161.02,2.25,8.8,88.0,8.289613485336304,159.43,0.0,6.91,123.5,8.416035890579224,42.71,6.67,8.48,80.5,8.56946063041687,50.54,7.64,11.68,161.4,8.537084102630615,10.99,0.0,5.39,118.3,8.576821088790894,199.51,0.0,16.22,107.3,8.607068061828613,244.25,2.28,12.49,101.7,8.600750207901001,214.72,0.41,7.19,59.0,8.550321340560913,36.21,0.0,6.33,68.0,8.585452556610107,65.57,0.0,8.33,96.7,8.563663244247437,132.63,0.0,8.58,162.7,8.6019446849823,91.76,0.63,13.08,165.9,8.630538940429688,33.84,5.03,15.14,190.3,8.565304517745972,272.55,7.28,11.77,152.3,8.626704454421997,139.04,0.0,4.83,72.2,8.590592384338379,135.18,0.26,13.32,112.4,8.647480726242065,131.92,2.2,15.47,172.5,8.686533451080322,77.96,1.92,16.88,58.8,8.699155330657959,309.2,4.14,10.49,180.7,8.736985206604004,118.04,0.0,10.44,182.3,8.741234064102173,38.23,3.25,15.57,124.3,8.76143193244934,230.71,9.56,13.84,106.8,8.77005410194397,214.98,1.12,14.48,112.6,8.792681455612183,308.94,11.07,12.88,171.2,8.763220071792603,297.6,1.53,14.8,123.5,8.77801251411438,331.08,8.41,13.74,134.1,8.77157711982727,269.03,0.0,13.68,121.4,8.77311110496521,187.21,9.37,14.65,139.9,8.765332460403442,47.81,10.06,15.38,174.1,8.77767825126648,338.82,2.41,14.91,148.3,8.78095030784607,209.71,1.56,16.23,186.1,8.798677206039429,273.6,1.07,17.68,158.3,8.809812784194946,0.0,10.06,18.61,182.8,8.843112230300903,,,,,,,,,,
146.51,6.74,0.03,0.3,8.037467002868652,161.19,2.66,2.27,18.2,8.30797266960144,161.02,0.0,7.76,86.2,8.314342498779297,152.49,1.86,15.41,92.9,8.443799495697021,31.11,2.27,11.34,82.7,8.594938516616821,33.22,0.0,9.43,96.2,8.560492753982544,349.89,3.06,10.21,168.2,8.599353075027466,171.47,11.54,15.3,138.7,8.636053085327148,209.79,0.44,16.73,62.1,8.628221273422241,178.59,11.96,12.14,101.4,8.578779220581055,355.17,1.51,10.25,204.9,8.614009380340576,18.46,2.98,10.92,68.2,8.587685823440552,77.78,9.3,16.69,127.5,8.629850149154663,30.32,11.91,9.15,137.5,8.658005237579346,327.83,4.88,10.58,101.5,8.594400644302368,199.86,0.0,3.93,77.2,8.65043568611145,65.39,0.36,7.13,68.0,8.615986108779907,50.98,2.29,13.82,106.3,8.671317100524902,41.4,0.0,13.2,88.3,8.710391759872437,349.63,0.0,14.64,110.2,8.722298622131348,209.0,5.43,12.4,135.7,8.765340566635132,11.78,10.71,12.14,180.9,8.762211084365845,291.01,0.0,12.42,91.5,8.786376476287842,116.63,0.0,9.47,88.7,8.795915842056274,95.54,9.49,17.19,122.6,8.816112756729126,178.51,0.38,15.38,87.2,8.790873289108276,166.2,9.7,15.26,137.7,8.809875965118408,194.59,0.0,17.09,109.9,8.799745082855225,128.5,1.24,12.92,148.5,8.801151990890503,39.81,0.98,15.91,116.4,8.793318271636963,253.21,0.0,9.13,100.1,8.802353143692017,180.62,8.38,16.43,154.5,8.811299324035645,47.72,8.17,16.06,155.3,8.823524713516235,106.35,8.59,19.05,166.9,8.83718729019165,191.6,0.0,15.48,127.7,8.870651245117188,,,,,,,,,,
146.6,2.36,0.02,0.1,8.061459302902222,161.19,0.0,1.78,22.6,8.332347869873047,161.02,2.37,8.77,87.7,8.341974020004272,145.2,10.52,8.98,64.1,8.471601247787476,19.16,0.0,7.57,161.2,8.616045713424683,17.58,0.0,13.6,134.0,8.58806300163269,327.57,5.05,14.86,123.5,8.627828121185303,141.33,0.32,8.96,48.3,8.659952163696289,177.1,12.02,7.38,104.9,8.649657249450684,137.64,0.0,15.05,57.7,8.602514743804932,309.02,8.04,15.71,115.2,8.638274431228638,329.94,7.47,11.41,65.0,8.611647605895996,21.36,3.96,7.52,190.5,8.65360951423645,329.33,2.45,9.05,126.8,8.682783842086792,259.37,0.0,5.28,86.4,8.61797285079956,132.8,1.11,14.04,157.0,8.682791948318481,354.9,11.73,7.31,83.4,8.64427137374878,329.5,9.0,12.09,166.6,8.699767827987671,318.78,8.76,9.97,148.3,8.738068103790283,254.44,9.78,14.35,105.1,8.750414371490479,110.3,0.0,14.68,86.5,8.790786027908325,265.87,2.17,11.44,143.4,8.792843103408813,185.54,5.64,13.05,115.0,8.8171865940094,8.35,0.0,9.57,161.1,8.817368984222412,336.71,0.0,11.89,95.4,8.844292879104614,57.39,0.0,14.9,115.9,8.817641973495483,34.72,1.2,13.24,100.2,8.833405256271362,59.06,1.18,16.62,152.7,8.827273845672607,346.29,6.17,17.61,159.2,8.829673528671265,257.08,0.52,14.74,146.0,8.821253776550293,107.23,0.96,16.33,144.2,8.834002017974854,22.59,1.72,17.28,98.4,8.835602283477783,248.47,0.0,11.93,136.0,8.851814270019531,295.14,0.0,18.6,125.4,8.865417242050171,16.44,0.36,16.64,162.4,8.894665241241455,,,,,,,,,,
146.6,0.0,0.03,-0.1,8.085461139678955,161.19,3.13,2.24,22.5,8.356398105621338,161.02,10.63,8.82,87.8,8.366847515106201,138.16,2.16,9.21,116.2,8.495917797088623,7.21,2.03,8.14,106.5,8.64414668083191,0.44,2.88,16.78,57.1,8.612879753112793,304.98,0.0,8.99,74.1,8.65541672706604,114.96,0.22,6.25,150.3,8.687811374664307,143.17,2.86,6.44,79.8,8.679375410079956,99.67,0.0,5.55,107.1,8.629441261291504,262.53,0.0,5.72,152.1,8.667004823684692,279.67,0.0,9.45,44.8,8.635837078094482,328.27,0.0,12.11,97.5,8.67952036857605,268.24,0.0,6.57,103.3,8.710753440856934,196.17,3.26,7.82,171.8,8.643601417541504,59.5,10.09,12.72,175.0,8.707106351852417,279.14,3.12,7.57,87.5,8.668987035751343,245.65,0.0,12.28,57.9,8.724109649658203,232.29,3.02,14.87,151.4,8.76492977142334,161.02,0.81,13.48,69.9,8.774518489837646,13.36,3.0,9.75,133.6,8.813406467437744,161.63,0.05,14.97,138.6,8.82295560836792,76.2,4.26,10.89,148.0,8.839925289154053,266.04,3.6,16.35,130.3,8.842290163040161,220.43,0.58,13.55,117.5,8.867693901062012,294.61,10.94,15.27,115.9,8.843397617340088,267.54,0.45,11.8,182.5,8.860870361328125,286.0,8.31,14.19,134.8,8.852166891098022,204.79,0.0,9.74,104.3,8.852781534194946,109.95,8.88,17.62,170.0,8.84568977355957,312.28,7.94,17.55,162.1,8.858515739440918,234.93,1.46,14.5,141.1,8.863489866256714,86.66,0.53,18.83,162.6,8.876346588134766,128.67,3.24,15.4,162.7,8.889861106872559,207.95,7.92,18.03,165.1,8.927218198776245,,,,,,,,,,
146.6,2.24,0.02,0.2,8.113481283187866,161.19,10.02,2.26,22.7,8.386232614517212,161.02,1.28,8.8,61.0,8.391127824783325,130.96,0.0,16.21,94.8,8.521019697189331,356.22,8.82,9.3,47.7,8.668275594711304,345.32,4.71,8.29,122.3,8.637099266052246,283.89,1.18,12.46,77.6,8.68343448638916,86.84,8.97,14.5,78.0,8.713751792907715,112.15,0.0,13.64,59.1,8.705930233001709,62.49,9.23,13.7,129.3,8.653650045394897,218.23,1.37,7.31,166.7,8.691622972488403,231.06,0.59,13.86,164.0,8.665800094604492,273.16,2.81,15.77,137.2,8.708722114562988,207.69,11.56,10.18,89.8,8.736597776412964,131.66,7.82,17.66,152.8,8.673673391342163,345.15,0.0,6.03,99.6,8.73027515411377,206.37,0.0,9.03,93.1,8.693869590759277,166.73,0.75,12.81,153.1,8.748358488082886,144.14,0.0,15.14,111.3,8.795517683029175,70.22,0.0,16.9,117.2,8.806643962860107,280.81,8.08,13.67,160.1,8.842256546020508,55.81,11.45,15.1,169.6,8.848154306411743,329.33,0.0,10.1,160.8,8.867984294891357,151.08,3.23,18.12,125.2,8.869709253311157,100.2,8.83,13.62,167.3,8.900304317474365,164.18,0.0,13.34,85.9,8.868818759918213,137.02,8.82,15.08,148.3,8.88728380203247,150.91,0.0,11.09,116.4,8.880751848220825,69.96,0.64,14.08,176.8,8.88155221939087,320.98,0.0,16.32,94.9,8.873939752578735,160.58,0.0,9.29,115.9,8.886922836303711,78.31,11.36,14.18,141.9,8.88731861114502,287.75,8.84,15.09,162.5,8.904689311981201,317.46,6.34,15.03,147.7,8.917143106460571,33.31,1.36,19.13,130.4,8.951397180557251,,,,,,,,,,
146.6,11.75,0.03,0.3,8.137485265731812,161.19,2.2,2.24,13.3,8.410266399383545,161.02,0.0,8.17,87.8,8.415194272994995,123.75,10.75,8.1,94.8,8.54981541633606,344.79,2.47,9.63,96.2,8.693323850631714,328.36,0.0,11.62,83.7,8.660765171051025,261.65,7.97,7.61,96.1,8.708704948425293,59.33,7.19,10.59,103.8,8.736039638519287,78.31,2.45,15.9,61.7,8.730578660964966,23.47,4.94,10.04,108.7,8.683186292648315,174.38,8.69,9.24,192.4,8.715057134628296,179.56,10.56,14.73,144.1,8.69450330734253,215.68,5.36,10.84,166.6,8.72998571395874,145.99,2.9,11.06,91.7,8.762851476669312,63.46,0.0,14.83,96.5,8.695114135742188,277.12,0.07,12.55,93.2,8.760520696640015,134.82,0.58,9.38,90.6,8.717606782913208,83.06,9.77,9.76,85.2,8.774725675582886,55.02,3.91,11.03,130.0,8.820077896118164,337.85,12.48,19.45,98.9,8.831056356430054,181.41,0.0,6.76,129.2,8.869939804077148,309.81,0.0,12.6,65.7,8.872440338134766,218.94,6.7,13.81,153.5,8.891838550567627,35.07,0.0,9.94,108.4,8.897207498550415,337.32,0.0,16.06,83.5,8.924314022064209,42.45,0.0,14.8,135.9,8.897428274154663,4.39,2.68,13.11,161.6,8.909133672714233,13.36,1.77,17.47,132.5,8.90872049331665,291.88,9.61,15.65,140.1,8.906024694442749,179.03,2.45,17.59,179.1,8.899093389511108,11.78,0.77,16.07,146.0,8.910979747772217,278.35,0.45,15.89,115.9,8.915828704833984,125.42,0.0,16.25,136.0,8.933624744415283,149.85,0.0,10.5,147.3,8.94530701637268,224.21,0.83,16.88,189.8,8.978928327560425,,,,,,,,,,
146.6,5.24,0.02,0.3,8.161485433578491,161.19,0.0,2.2,22.5,8.434641599655151,161.02,2.42,8.79,88.0,8.43962812423706,116.72,4.21,8.19,92.4,8.574647903442383,333.37,0.0,7.4,63.9,8.71610140800476,311.57,0.93,12.16,85.7,8.688889265060425,240.91,2.3,7.29,153.9,8.732147932052612,31.2,0.0,8.83,82.2,8.759854793548584,45.7,10.26,10.92,151.4,8.758342742919922,345.06,0.0,7.53,193.1,8.707410335540771,130.69,1.97,9.17,65.5,8.740847110748291,125.86,0.0,12.29,63.7,8.719333171844482,159.26,0.0,5.39,192.2,8.761808395385742,85.61,0.0,10.36,103.1,8.786673069000244,0.0,0.0,14.84,144.9,8.722801208496094,207.25,11.55,17.34,151.5,8.786417961120605,61.7,12.4,12.7,101.1,8.74296498298645,7.91,6.09,11.81,116.0,8.798284769058228,328.18,4.02,12.5,188.6,8.848644018173218,243.11,2.08,11.79,85.2,8.855337858200073,85.96,0.42,13.0,150.3,8.898437261581421,208.3,0.24,12.21,117.9,8.901224851608276,110.48,3.63,11.81,117.1,8.920700550079346,288.28,2.44,10.89,122.2,8.925845384597778,220.52,0.34,14.84,161.4,8.952980041503906,279.49,11.47,15.96,140.1,8.923844575881958,243.28,0.15,17.71,144.9,8.941015005111694,241.26,9.0,15.55,133.5,8.932024717330933,152.14,0.0,10.93,123.9,8.933969259262085,31.55,10.11,14.65,142.3,8.926286697387695,224.21,8.95,17.53,154.3,8.938585758209229,121.03,1.44,15.15,167.5,8.941338300704956,320.36,3.73,16.35,147.7,8.956279277801514,339.43,3.38,17.67,166.7,8.97078013420105,50.01,10.55,16.9,160.8,9.007476568222046,,,,,,,,,,
146.6,0.0,0.02,0.0,8.18549633026123,161.19,3.47,2.25,22.6,8.45830488204956,161.02,7.9,8.85,87.9,8.465616941452026,109.69,0.0,5.79,88.9,8.59888243675232,322.29,3.39,10.97,91.2,8.744261503219604,294.52,9.67,7.78,134.8,8.71280312538147,218.76,0.0,9.34,143.2,8.758092641830444,5.01,0.0,6.3,165.5,8.784419298171997,11.16,0.0,11.57,111.6,8.783511400222778,306.83,2.84,10.72,58.7,8.731992483139038,87.8,0.0,4.17,80.5,8.763552188873291,75.41,0.45,13.13,85.2,8.743524312973022,105.03,3.02,17.37,86.8,8.785579919815063,23.47,4.25,12.18,181.9,8.814002752304077,295.66,7.01,11.17,85.1,8.747278928756714,132.19,0.0,10.58,66.2,8.812865972518921,341.37,1.28,14.76,75.7,8.771640300750732,290.57,0.0,8.61,89.9,8.826233863830566,238.27,0.0,11.42,101.8,8.872428894042969,152.93,0.0,17.01,102.9,8.883131742477417,348.75,9.66,10.3,182.3,8.922367095947266,104.33,10.0,13.85,125.7,8.926375389099121,358.33,0.0,11.68,100.8,8.949200630187988,172.62,5.89,14.39,156.9,8.950009822845459,100.46,7.58,15.42,130.6,8.981933832168579,150.21,0.0,10.91,82.4,8.95179796218872,112.41,10.47,16.94,125.6,8.969407558441162,105.64,0.0,8.67,131.4,8.960357666015625,9.23,0.24,14.49,154.9,8.960466861724854,242.23,0.0,15.26,115.1,8.949721574783325,71.72,1.79,15.0,86.4,8.962526559829712,321.15,7.33,18.15,156.8,8.97035813331604,158.03,6.82,17.56,162.2,8.98465085029602,171.3,4.38,16.4,171.6,8.999919891357422,233.09,0.0,11.16,113.4,9.032148361206056,,,,,,,,,,
146.6,0.0,0.04,0.2,8.20953106880188,161.19,8.82,2.26,22.5,8.482506513595581,161.02,2.12,8.81,87.7,8.486938714981079,102.66,0.29,15.85,90.2,8.62360167503357,310.43,7.62,17.24,120.2,8.768353700637817,277.38,0.0,14.24,60.4,8.74087381362915,197.31,7.63,8.04,125.5,8.785277366638184,338.82,4.8,10.86,104.2,8.81204342842102,337.41,1.64,6.16,148.4,8.808381080627441,267.98,6.4,13.81,92.7,8.758262872695923,46.23,0.81,15.99,63.2,8.789963006973267,26.02,9.62,10.91,96.8,8.767780065536499,48.6,7.76,6.06,122.5,8.809133291244507,322.82,5.11,12.53,193.5,8.841864824295044,230.45,2.89,9.96,114.7,8.775620460510254,60.56,0.0,14.09,109.5,8.838369846343994,265.61,0.04,15.86,145.4,8.79616665840149,213.4,3.1,10.21,127.8,8.850705862045288,150.47,12.48,12.37,111.6,8.900115728378296,58.36,8.16,15.67,95.3,8.908370733261108,249.35,0.0,11.13,73.7,8.951490640640259,353.06,0.0,9.84,86.4,8.95451021194458,248.47,11.6,17.61,109.3,8.976604461669922,57.74,0.0,13.3,98.1,8.97585391998291,337.41,0.0,10.72,82.4,9.004545211791992,27.69,0.05,18.06,124.5,8.976578950881958,334.86,0.0,14.41,95.1,8.993951797485352,333.63,0.55,16.47,167.2,8.986525535583496,238.27,10.46,16.28,168.1,8.989332914352417,96.77,0.28,15.39,139.4,8.98064112663269,289.25,0.0,13.9,146.1,8.990103244781494,163.65,0.0,9.67,133.2,8.995550870895386,353.67,0.0,9.26,140.8,9.011982440948486,1.32,0.0,9.8,145.1,9.02328085899353,59.5,2.76,17.85,163.5,9.059689283370972,,,,,,,,,,
146.51,3.23,0.03,0.2,8.233535766601562,161.19,0.66,2.24,13.2,8.506465435028076,161.02,0.0,7.27,88.0,8.515257358551025,95.36,12.01,9.14,102.2,8.652266263961792,297.86,0.0,6.96,75.8,8.793505907058716,260.24,0.12,11.74,100.1,8.767176389694214,176.22,4.01,8.79,181.3,8.809235334396362,310.78,4.09,7.35,111.9,8.840184211730957,304.37,9.61,14.3,105.1,8.83735466003418,229.57,0.0,5.78,107.8,8.782683610916138,2.72,11.53,16.41,172.6,8.81672191619873,336.97,4.25,11.14,87.6,8.791858911514282,355.34,0.15,14.95,61.6,8.8384690284729,259.1,0.0,8.21,135.3,8.867270708084106,165.15,0.0,8.43,113.6,8.800347566604614,349.19,10.64,15.25,157.2,8.867046117782593,187.47,11.65,13.05,133.3,8.824977159500122,130.78,7.01,10.56,97.2,8.875514030456543,57.22,2.74,18.73,135.0,8.924365043640137,329.41,2.88,16.26,153.8,8.935567617416382,153.63,0.22,12.93,116.9,8.974693536758423,255.32,0.39,16.56,155.0,8.983136653900146,135.0,1.95,11.46,146.9,9.005654096603394,309.64,2.91,14.91,123.7,9.002179145812988,220.69,2.1,13.84,128.1,9.028339624404907,265.43,10.64,18.84,130.1,9.004616498947144,208.74,0.27,15.36,123.1,9.022510051727297,196.7,8.34,13.91,135.6,9.0131094455719,92.99,1.89,14.58,80.0,9.01382541656494,312.63,7.67,17.97,150.3,9.003058671951294,136.67,10.37,17.57,155.5,9.017483234405518,10.55,0.72,16.86,165.6,9.023569583892822,196.26,1.66,16.67,145.6,9.040647745132446,211.99,0.6,15.28,165.1,9.04967451095581,249.87,8.66,18.24,182.5,9.083690166473389,,,,,,,,,,
146.6,11.2,0.04,0.3,8.257527112960815,161.19,0.0,1.96,22.4,8.53046441078186,161.02,2.9,8.81,88.0,8.542875051498413,87.8,3.54,8.25,70.0,8.672765016555786,285.91,3.28,8.55,132.6,8.823594570159912,243.28,11.4,15.61,112.7,8.796722173690796,154.95,0.0,5.81,134.7,8.83354926109314,282.13,0.0,13.76,80.8,8.864570379257202,270.0,0.0,19.4,113.7,8.865778684616089,191.6,3.01,5.83,102.3,8.806126594543457,318.52,2.26,12.64,46.4,8.842813968658447,287.05,0.0,9.81,46.6,8.819433689117432,299.79,0.2,6.56,172.2,8.86245059967041,198.81,2.86,6.13,150.8,8.895727157592773,100.02,2.79,14.47,138.7,8.82843804359436,272.9,0.0,11.12,80.1,8.895391702651978,106.17,0.0,11.2,104.6,8.852766752243042,49.66,1.92,10.61,123.1,8.904757976531982,330.38,0.0,9.43,97.4,8.952422380447388,235.46,0.0,14.71,138.4,8.959527492523193,54.05,9.96,8.79,160.1,9.001052618026733,151.44,9.62,11.24,108.6,9.008118629455566,24.79,0.0,15.89,118.9,9.030221700668337,194.33,6.75,17.26,137.0,9.027462482452393,100.2,8.82,13.78,111.7,9.056389808654783,135.97,0.0,17.01,105.9,9.033295392990112,78.13,9.8,15.34,125.9,9.047349691390991,61.44,1.6,15.27,81.9,9.038324117660522,320.98,0.31,17.47,157.7,9.037374019622805,165.32,0.0,11.22,88.2,9.030992984771729,336.45,0.0,11.89,102.8,9.046584367752075,218.06,8.4,14.42,146.7,9.047327280044556,32.96,8.16,13.75,170.0,9.064686059951782,43.68,10.2,16.63,152.0,9.07898473739624,76.29,1.61,15.74,124.8,9.108210563659668,,,,,,,,,,
146.6,3.6,0.02,0.2,8.281548023223877,161.19,3.26,2.25,22.5,8.554482221603394,161.02,8.03,8.78,88.1,8.566614866256714,81.56,0.0,5.36,97.1,8.696743249893188,273.6,10.6,10.49,119.8,8.848403215408325,225.35,0.0,8.56,89.8,8.821435451507568,133.24,2.85,6.39,133.7,8.861082315444946,253.65,3.21,10.86,137.9,8.893381834030151,235.02,1.18,16.62,187.1,8.889673233032227,153.9,10.88,9.52,143.0,8.838742733001709,273.69,0.22,15.6,89.1,8.868212699890137,238.8,3.57,18.44,102.5,8.845208883285522,244.51,13.03,19.31,74.9,8.89095950126648,138.78,6.6,6.49,94.2,8.918320894241333,30.5,6.01,17.76,143.3,8.85374641418457,202.24,0.48,9.6,107.6,8.91789698600769,26.98,1.45,17.81,146.8,8.87693166732788,329.06,0.31,14.83,102.0,8.928642749786377,247.68,10.05,13.29,119.6,8.979224681854248,141.68,11.96,16.37,128.9,8.990576267242432,320.36,2.32,14.91,149.5,9.026429653167725,45.09,2.1,10.81,109.4,9.036487340927124,277.47,11.62,13.67,140.9,9.058881759643556,79.98,0.0,15.16,137.8,9.056964874267578,338.12,0.0,16.46,124.4,9.08858036994934,8.26,0.4,13.54,159.9,9.058241128921509,310.08,1.42,13.58,111.9,9.076180934906006,293.2,1.42,14.07,173.5,9.067244291305542,179.65,9.62,14.71,137.7,9.06701683998108,22.68,0.0,17.69,152.7,9.05910873413086,183.6,1.89,14.57,145.6,9.07423710823059,60.12,1.4,15.55,117.4,9.076070070266724,235.46,0.0,11.97,81.1,9.088417053222656,233.61,0.0,10.11,126.8,9.10739016532898,266.13,0.89,16.35,158.0,9.139753341674805,,,,,,,,,,
146.6,0.0,-0.04,-0.1,8.309567213058472,161.19,9.32,2.27,22.6,8.586592435836792,161.02,2.54,8.75,53.4,8.59123158454895,74.71,0.04,15.14,173.5,8.724672555923462,260.6,0.0,8.23,77.0,8.875974416732788,209.09,0.23,12.86,90.0,8.846349477767944,111.71,8.89,8.64,154.3,8.887783527374268,224.91,5.11,16.13,103.7,8.91621470451355,200.83,7.11,8.36,142.3,8.914859533309937,114.61,0.0,16.58,43.9,8.862691164016724,229.22,12.35,15.97,91.1,8.896793365478516,187.12,6.57,7.27,196.2,8.871370553970337,187.56,1.96,14.05,67.3,8.917442798614502,80.95,2.37,12.24,162.8,8.945679426193237,323.96,0.0,5.59,55.1,8.876964807510376,132.54,11.54,14.37,156.8,8.946897506713867,309.9,8.94,15.44,146.9,8.90679669380188,244.95,8.12,11.53,158.9,8.957566022872925,155.92,2.22,15.19,117.1,9.004592418670654,42.89,3.04,16.03,94.9,9.014480829238892,220.69,0.0,9.89,147.4,9.051899194717407,303.4,0.25,14.98,128.2,9.061572551727297,164.97,0.0,9.97,109.5,9.086676359176636,327.13,3.01,13.64,132.7,9.082347631454468,216.12,2.49,17.78,129.7,9.112574338912964,250.58,9.98,12.83,179.8,9.081189155578612,179.65,1.67,13.65,150.1,9.097713708877563,158.2,9.69,17.4,135.5,9.090632677078249,38.67,2.35,17.61,109.1,9.091956615447998,240.21,10.87,15.14,137.2,9.087146759033203,30.59,9.64,15.32,175.4,9.098268508911133,267.01,0.91,15.19,145.5,9.100576639175417,78.66,0.0,15.53,161.0,9.1164972782135,65.57,2.7,18.69,159.2,9.131791591644289,93.08,9.68,16.78,177.7,9.16375207901001,,,,,,,,,,
146.51,1.0,0.01,0.1,8.333566427230835,161.19,1.96,2.25,20.1,8.611552238464355,161.02,0.0,7.15,87.3,8.615903377532959,67.32,11.21,8.1,72.7,8.748493194580078,248.73,0.03,5.99,122.1,8.902070999145508,192.57,12.89,6.06,65.7,8.873366117477417,89.82,1.1,11.94,61.6,8.9129798412323,196.35,0.0,9.67,183.0,8.944574117660522,168.31,0.0,15.03,49.3,8.943912982940674,75.59,0.0,10.34,159.5,8.891570091247559,183.43,2.39,7.43,126.6,8.921858787536621,138.16,0.0,4.5,120.4,8.899814367294312,133.33,0.0,7.47,124.9,8.939120292663574,18.72,0.0,8.41,153.9,8.970510005950928,260.68,1.0,6.71,106.3,8.902726173400879,56.43,0.76,8.22,76.2,8.97005581855774,231.5,0.0,14.7,123.5,8.930186986923218,163.13,0.0,8.41,75.0,8.98312258720398,66.27,0.0,9.65,94.4,9.03006362915039,314.82,0.0,14.58,102.4,9.04268717765808,126.04,12.24,15.63,103.9,9.082597017288208,197.84,9.18,16.46,157.4,9.088537216186523,58.45,0.0,11.88,168.9,9.110891819000244,211.99,6.0,18.11,109.1,9.110283851623535,95.98,8.26,15.17,118.3,9.140177488327026,126.65,1.61,12.23,112.9,9.109435796737673,48.78,9.46,11.61,170.9,9.127028703689575,20.65,2.18,14.65,94.9,9.118046283721924,261.83,0.0,13.8,139.0,9.120127201080322,88.15,0.12,17.2,94.3,9.111550092697144,241.88,0.0,10.12,90.5,9.122004270553589,109.51,9.53,14.6,153.5,9.130002975463867,280.46,9.48,15.43,138.7,9.140820264816284,262.27,8.22,18.72,168.8,9.156387567520142,282.57,1.58,19.12,114.0,9.191733837127686,,,,,,,,,,
146.6,10.33,0.03,0.4,8.357567310333252,161.19,0.0,1.99,22.3,8.635838985443115,161.02,2.96,8.81,87.5,8.639216661453247,60.29,6.08,10.38,65.5,8.775238990783691,236.43,11.37,10.21,110.7,8.928274869918823,176.04,3.06,10.24,88.3,8.897098064422607,68.47,0.0,15.83,131.3,8.940998792648315,168.66,3.62,7.19,128.2,8.971832752227783,135.7,0.3,10.76,81.9,8.968127727508545,36.91,10.74,15.44,124.3,8.916505813598633,140.01,0.0,13.28,157.8,8.950317144393921,87.63,0.41,7.46,143.4,8.920188665390015,77.52,4.7,14.04,65.1,8.966753005981445,320.36,11.29,8.69,87.8,8.998452425003052,195.12,10.88,10.0,125.7,8.929270505905151,350.86,0.0,11.75,139.3,8.998176097869873,153.11,3.07,17.94,157.5,8.958157539367676,85.87,0.0,7.45,98.4,9.005668640136719,346.29,3.45,9.61,100.8,9.057600498199465,219.9,11.4,14.35,95.4,9.070619106292725,21.8,2.22,17.2,138.1,9.106550455093384,93.69,1.94,16.55,133.3,9.11263871192932,312.19,11.09,14.06,97.9,9.138903617858888,97.21,0.0,9.2,110.7,9.134058475494385,337.76,0.0,10.97,94.0,9.16478157043457,358.07,1.7,12.72,185.1,9.138336181640623,281.16,0.75,17.73,96.1,9.153910636901855,253.83,0.0,14.48,125.0,9.14650535583496,121.73,9.57,16.67,135.4,9.148652791976929,310.43,0.18,13.93,150.0,9.14013147354126,95.98,0.15,14.53,142.4,9.150052547454834,309.9,0.0,17.99,129.7,9.153172731399536,117.69,0.32,16.02,99.9,9.168810606002808,93.69,1.35,14.76,109.0,9.183934926986694,109.34,1.6,16.3,192.3,9.21987009048462,,,,,,,,,,
146.51,6.27,0.03,0.3,8.381588459014893,161.19,3.15,2.24,22.6,8.66062617301941,161.02,8.66,8.79,87.7,8.665694952011108,53.26,0.0,3.63,65.0,8.798066854476929,223.33,0.24,8.89,77.1,8.952909231185913,159.7,0.0,8.85,79.8,8.922149419784546,46.32,4.94,9.93,134.5,8.96540904045105,141.24,6.2,11.71,180.8,8.999795198440552,102.39,10.42,8.68,146.6,8.997046947479248,356.04,2.3,13.49,104.5,8.944924116134644,93.78,9.7,7.17,136.2,8.971943378448486,38.5,12.24,9.07,167.2,8.948368310928345,23.99,6.46,7.07,108.5,8.991500854492188,259.28,3.48,12.55,75.1,9.020218133926392,125.86,0.0,9.22,103.4,8.95702838897705,276.42,11.26,17.24,188.7,9.02648401260376,74.97,8.14,17.72,157.8,8.982355833053589,10.81,3.15,18.02,190.5,9.033226251602173,260.86,5.3,11.29,174.4,9.08594036102295,126.21,2.4,13.09,91.2,9.094811916351318,284.85,0.26,13.17,145.2,9.134313583374023,350.68,0.78,12.45,175.3,9.142669677734377,201.97,2.24,11.13,75.7,9.162904500961304,348.75,1.98,11.27,111.2,9.1621994972229,221.13,1.9,15.76,150.9,9.193000078201294,232.21,7.59,11.7,165.9,9.163350582122805,155.48,0.1,15.8,147.7,9.182358264923096,118.39,10.51,14.72,184.9,9.175530433654783,338.29,0.0,13.41,89.4,9.1737163066864,162.95,10.62,14.57,164.5,9.16331696510315,306.56,10.68,15.5,170.5,9.181943655014038,152.23,1.1,17.29,173.7,9.181652069091797,319.22,0.15,15.63,156.4,9.19660472869873,290.13,0.88,15.83,149.8,9.209111213684082,292.85,7.72,16.1,167.0,9.243886947631836,,,,,,,,,,
146.6,2.27,0.02,0.2,8.40162181854248,161.19,8.17,2.28,22.7,8.685011148452759,160.93,2.63,8.8,75.7,8.691234350204468,46.58,0.0,8.38,150.7,8.823535919189453,212.08,0.0,11.79,87.9,8.976091384887695,143.79,3.69,8.86,56.9,8.947285413742065,25.14,5.63,8.85,182.9,8.989973306655884,112.59,0.0,4.88,102.9,9.024497747421265,67.59,2.39,16.63,105.6,9.020817279815674,315.97,0.59,11.27,83.8,8.969003438949585,50.36,5.71,17.05,62.4,8.997560501098633,347.87,2.78,10.52,59.4,8.976532220840454,331.0,0.0,11.22,99.0,9.01995086669922,199.07,0.0,12.45,117.0,9.048383235931396,59.59,0.38,12.74,106.5,8.985055446624756,200.48,2.01,8.91,69.2,9.049721956253052,357.45,0.0,8.96,131.1,9.009960889816284,291.27,5.07,8.3,77.4,9.057657480239868,171.83,0.0,11.88,114.6,9.11020565032959,35.33,0.0,11.8,113.9,9.119256496429443,186.06,10.68,12.33,164.6,9.16240096092224,245.3,9.88,13.11,123.0,9.164580345153809,97.12,0.0,14.24,125.3,9.190260410308838,233.7,7.0,12.19,165.9,9.186633110046388,100.28,7.74,13.52,138.5,9.217934370040894,106.52,0.0,8.35,110.0,9.188334465026855,24.35,11.53,17.71,150.4,9.20699143409729,335.13,0.0,14.29,89.1,9.199661493301392,202.76,0.16,16.28,135.5,9.201916933059692,9.32,2.46,14.74,143.2,9.192285060882568,149.59,0.0,15.06,106.5,9.205849647521973,353.23,7.18,16.24,144.6,9.210928201675417,156.45,10.13,16.13,139.1,9.22449517250061,121.9,7.1,16.49,153.7,9.236078023910522,119.0,0.0,11.48,118.1,9.271826982498167,,,,,,,,,,
146.51,0.0,-0.01,0.3,8.429619312286377,161.19,2.19,2.24,22.5,8.70888614654541,161.02,0.0,7.93,86.8,8.714993953704834,39.46,3.5,14.94,96.9,8.845963954925537,200.3,12.79,10.25,98.1,9.00807523727417,127.79,9.71,8.55,161.5,8.977203369140625,4.48,2.1,16.88,104.7,9.014575958251951,84.37,1.15,11.22,124.7,9.04961347579956,33.84,0.0,6.37,93.7,9.044631242752075,277.56,11.19,6.8,153.8,8.996541261672974,7.21,2.15,14.58,128.9,9.020951986312866,297.77,0.0,13.57,86.4,9.001587867736816,275.89,0.52,8.92,162.5,9.044542074203491,136.58,4.54,16.85,139.7,9.076493501663208,353.06,9.76,7.16,124.1,9.00930404663086,133.86,0.0,12.36,143.8,9.076993703842165,281.51,0.66,14.32,153.7,9.037432432174684,213.4,0.0,11.94,100.7,9.085957765579224,83.58,3.2,12.39,85.6,9.1390962600708,302.7,10.31,13.32,115.8,9.149911642074583,83.23,1.87,15.03,76.8,9.18560791015625,140.8,0.0,8.76,106.4,9.192062616348268,349.89,11.27,14.9,99.3,9.218909740447998,119.44,0.0,7.18,108.1,9.21751880645752,338.12,0.0,9.04,92.3,9.243020296096802,343.74,0.52,14.59,144.0,9.218926668167114,251.37,0.0,12.94,80.6,9.234565019607544,203.64,0.51,15.42,121.4,9.227968454360962,62.67,11.97,14.0,129.7,9.225950717926024,232.38,0.67,16.27,151.0,9.21908164024353,354.29,1.68,14.4,142.7,9.234312057495115,194.59,0.0,8.88,119.6,9.233280420303345,345.67,0.0,9.92,94.5,9.248955726623535,310.96,0.0,11.07,125.8,9.264772176742554,302.43,4.14,16.66,170.4,9.29987621307373,,,,,,,,,,
146.6,2.72,0.02,0.2,8.453618288040161,161.19,0.0,1.77,22.3,8.733117580413818,161.02,3.62,8.79,88.1,8.739412546157837,32.17,6.69,7.4,102.2,8.873602628707886,188.09,2.52,8.85,46.4,9.032899379730225,111.09,2.16,13.89,68.4,8.999551057815552,343.21,1.15,13.54,72.0,9.03921604156494,56.07,9.26,8.78,71.8,9.074424743652344,2.99,1.04,6.99,104.8,9.069859981536863,237.04,1.97,12.7,95.5,9.019501686096191,324.4,0.63,17.21,86.3,9.051767587661743,247.5,9.06,11.11,88.6,9.026089429855348,220.78,10.68,16.39,71.3,9.07257914543152,73.12,4.86,12.82,146.5,9.104092597961426,286.96,2.06,8.74,91.9,9.033597230911257,59.94,8.63,11.72,150.7,9.101889848709106,202.85,7.44,14.78,149.4,9.066476583480837,131.04,3.36,9.23,77.2,9.107136011123655,359.03,8.47,9.08,164.3,9.16350555419922,204.79,2.48,12.58,124.8,9.178949117660522,349.63,0.42,11.58,181.8,9.214468955993652,39.2,0.0,9.94,155.9,9.220439195632936,239.41,2.65,17.55,141.4,9.243118524551392,7.12,0.0,13.2,114.0,9.241398334503174,225.18,0.17,14.22,165.8,9.272582054138184,217.0,8.99,15.4,113.4,9.247594118118286,126.65,0.37,14.74,132.7,9.258997440338137,67.85,12.0,13.91,155.1,9.251446962356567,279.4,0.0,14.46,88.5,9.253642559051514,86.31,12.07,13.78,168.7,9.247879981994627,201.27,6.76,15.53,175.1,9.25838589668274,43.24,0.65,14.54,158.2,9.26012110710144,194.5,0.18,16.26,140.4,9.277803182601929,143.7,2.97,17.13,161.3,9.290635108947754,128.94,6.94,17.57,164.6,9.327953100204468,,,,,,,,,,
146.6,11.87,0.04,0.3,8.477623462677002,161.19,2.94,2.26,22.5,8.757524967193604,161.02,9.83,8.8,87.8,8.764255046844482,25.22,1.2,8.48,48.3,8.897902250289917,176.75,0.0,8.05,117.1,9.056400775909424,93.87,0.0,11.2,95.3,9.02632451057434,321.33,12.56,14.7,76.2,9.068542242050173,29.79,3.28,8.04,154.6,9.09798502922058,332.05,9.41,11.35,183.2,9.09254240989685,199.07,0.0,10.11,105.8,9.04781198501587,279.67,10.62,12.43,110.9,9.074464797973633,197.49,5.34,7.38,175.0,9.055397033691406,164.27,0.0,19.68,50.6,9.097400188446043,11.78,0.0,4.23,79.2,9.123961925506592,223.59,0.0,15.3,157.7,9.06289291381836,347.96,3.26,6.84,77.9,9.126120805740356,124.98,0.0,9.13,88.3,9.089856147766112,53.35,11.55,13.41,184.0,9.139359951019289,273.6,0.0,11.63,111.8,9.18753743171692,111.18,0.0,14.6,141.0,9.202226877212524,249.35,9.49,10.25,145.4,9.242275714874268,301.38,11.37,9.77,138.8,9.244455814361572,130.78,0.12,14.74,147.5,9.27206015586853,259.8,9.75,12.22,124.4,9.26680588722229,105.91,9.32,14.45,120.8,9.297675371170044,92.02,0.0,12.73,98.5,9.270894527435305,353.67,10.42,13.4,116.4,9.286993503570557,290.39,0.0,11.84,88.0,9.28038239479065,144.14,0.28,12.76,146.4,9.280123949050903,297.07,1.65,14.91,86.9,9.272128582000732,48.78,0.0,10.82,118.3,9.286602258682253,249.26,7.92,16.56,150.3,9.29001760482788,31.99,11.51,15.09,164.3,9.305987358093262,332.93,5.33,19.18,163.4,9.31995415687561,312.28,0.0,13.37,145.5,9.35605239868164,,,,,,,,,,
146.6,3.02,0.01,0.2,8.501648664474487,161.19,8.8,2.26,22.6,8.781188726425171,161.02,2.02,8.79,87.7,8.791525602340698,18.46,0.0,8.13,110.7,8.921915769577026,164.79,1.69,7.64,161.4,9.084402561187744,77.96,3.02,9.6,85.1,9.047122240066528,299.0,1.77,11.35,92.4,9.091641426086426,2.55,0.0,7.22,86.3,9.12336254119873,297.69,0.0,7.62,99.5,9.118599891662598,159.87,10.8,6.1,150.2,9.076257944107056,231.68,0.0,7.96,50.5,9.101064443588257,148.36,0.0,4.26,167.2,9.07845377922058,109.78,0.31,9.51,169.5,9.121511459350586,315.62,0.52,17.6,89.2,9.151296854019163,156.27,11.71,16.55,105.8,9.090268850326538,280.02,0.0,12.41,166.4,9.156922101974487,52.56,0.0,15.74,154.4,9.113978385925291,329.33,0.0,8.23,59.7,9.163745641708374,184.04,3.24,11.28,109.3,9.215600728988647,14.94,11.01,8.94,152.1,9.230778217315674,151.0,0.98,18.83,67.9,9.271155834197998,196.35,1.99,17.54,108.1,9.273773670196531,20.48,11.7,17.91,124.3,9.300468921661375,145.2,1.36,11.15,128.8,9.294907569885254,342.25,0.0,13.68,95.6,9.326193809509276,334.34,0.42,17.6,115.1,9.294870615005491,217.18,0.0,14.55,110.7,9.317489862442017,158.99,1.02,14.37,155.9,9.306334733963013,2.2,10.95,17.5,139.4,9.301204919815063,156.27,0.01,16.34,175.0,9.300742149353027,260.86,2.02,14.77,161.6,9.31114411354065,92.64,1.54,17.72,115.1,9.313345670700071,226.93,1.65,15.21,106.4,9.329768896102903,164.79,0.0,15.01,139.3,9.342255353927612,138.6,4.32,15.11,172.2,9.380414962768556,,,,,,,,,,
146.6,0.0,0.02,0.0,8.52564811706543,161.19,2.29,2.24,15.9,8.805188179016113,161.02,0.0,7.59,85.4,8.815739870071411,11.16,3.15,8.02,162.3,8.946101427078247,153.19,6.81,8.44,105.4,9.108272552490234,62.05,10.16,10.03,64.2,9.075506687164308,277.38,0.04,9.93,62.1,9.117915153503418,337.85,0.47,11.07,73.6,9.146901845932009,265.43,0.0,10.08,75.6,9.148163080215454,120.5,1.34,12.51,103.5,9.13174033164978,189.23,0.0,14.39,137.2,9.130339860916138,98.44,0.76,6.4,140.2,9.104580163955688,53.88,10.32,14.81,97.1,9.149938821792604,254.79,11.32,13.31,122.2,9.179973125457764,85.61,2.5,9.51,97.2,9.114017963409424,206.72,6.1,11.68,126.8,9.181101560592651,335.65,10.27,17.43,147.7,9.142673015594482,251.28,0.0,14.03,163.1,9.18713665008545,95.71,9.24,9.98,175.0,9.240164756774902,283.54,2.13,18.58,149.8,9.254699468612673,54.67,0.0,12.7,139.8,9.294475317001345,91.41,0.0,11.42,121.6,9.29698920249939,269.12,1.76,14.91,132.4,9.323273420333862,29.0,0.04,16.24,141.1,9.319910287857056,225.7,0.24,10.92,136.0,9.350093364715576,207.16,9.6,18.43,133.6,9.325155973434448,87.19,3.44,14.76,153.8,9.339200258255005,22.06,10.88,14.21,130.0,9.33225679397583,225.0,2.2,13.57,119.3,9.332913875579834,6.86,11.72,14.58,164.4,9.324023962020874,108.02,6.16,17.48,173.1,9.341682195663452,298.48,0.39,15.33,184.0,9.34154176712036,65.04,0.59,17.86,149.9,9.354682207107544,355.08,3.75,16.44,158.6,9.370007514953612,322.47,4.65,16.74,148.3,9.409059286117554,,,,,,,,,,
146.6,0.0,0.01,0.2,8.549648761749268,161.19,0.0,1.94,22.4,8.829188346862793,161.02,2.16,8.77,88.0,8.84084439277649,4.48,11.03,13.57,161.1,8.97029447555542,141.68,0.0,4.76,46.8,9.132858514785768,44.82,1.67,11.21,134.9,9.10341453552246,255.94,3.92,14.02,94.5,9.146827936172484,310.34,11.48,16.11,133.6,9.17496109008789,232.03,11.71,14.77,103.3,9.176376819610596,79.98,0.0,10.3,68.9,9.13174033164978,144.05,10.43,13.81,130.8,9.156148195266724,49.57,11.07,13.84,70.8,9.12672472000122,357.98,2.46,9.75,153.7,9.175608158111572,189.4,0.0,8.36,62.4,9.207162857055664,23.99,0.0,5.81,70.6,9.138113260269163,134.38,4.4,11.61,75.7,9.209844827651978,254.09,0.0,11.86,115.3,9.171105861663818,169.01,12.11,11.02,86.9,9.215754508972168,12.22,2.02,14.09,187.7,9.270538091659546,189.14,0.16,18.91,132.4,9.28259539604187,318.16,11.28,15.71,106.7,9.322422504425049,349.37,11.74,13.76,153.3,9.325340509414673,160.84,0.22,14.35,174.3,9.353785037994385,277.29,10.52,11.15,123.3,9.347648859024048,105.73,10.39,15.26,165.7,9.37860631942749,82.35,0.72,11.5,98.5,9.350280284881592,319.66,7.68,14.55,136.3,9.370995044708252,244.51,0.14,17.85,109.2,9.35809087753296,85.43,0.04,13.83,144.2,9.357102394104004,224.56,2.16,17.65,178.6,9.353200674057009,312.98,0.0,9.6,106.1,9.365944862365724,140.98,7.3,16.94,149.3,9.364797830581663,265.87,9.4,16.52,178.3,9.38462519645691,186.68,4.41,16.36,146.4,9.400394439697266,147.48,0.0,13.29,165.4,9.433542490005491,,,,,,,,,,
146.6,2.66,0.02,0.2,8.57364797592163,161.19,2.88,2.26,22.5,8.861178636550903,161.02,10.97,8.78,88.1,8.86539626121521,357.01,0.0,5.41,40.5,8.994340658187866,130.08,0.13,9.6,70.7,9.158243656158447,27.6,0.0,11.95,93.3,9.12804627418518,233.7,4.24,11.12,84.2,9.16768717765808,279.84,0.0,8.44,48.7,9.198749542236328,195.91,2.07,12.36,110.5,9.200870752334597,42.63,12.22,13.19,113.7,9.156978368759155,96.15,0.44,14.95,38.3,9.181930303573608,358.24,2.2,9.91,65.0,9.156257629394531,302.7,0.0,6.02,125.5,9.198307275772097,131.84,0.54,9.16,158.5,9.232141733169556,323.61,3.48,8.37,112.8,9.164170742034912,62.84,0.0,8.79,122.0,9.235679626464844,175.96,3.64,16.22,191.3,9.196741819381714,85.61,2.43,17.89,160.6,9.241101264953612,285.47,0.72,12.83,103.3,9.294862270355225,94.92,12.79,14.24,113.4,9.309114694595335,213.93,0.0,15.82,69.8,9.34613871574402,239.24,1.76,12.86,81.0,9.353745698928831,50.01,9.57,11.4,116.6,9.377892017364502,158.03,0.0,10.87,90.6,9.377283334732056,337.94,0.0,7.78,121.8,9.406209230422974,324.67,0.13,13.03,161.3,9.378321886062622,187.91,0.0,8.72,105.0,9.395046949386597,109.78,1.16,14.73,152.1,9.38753604888916,307.71,11.21,13.54,162.8,9.385582208633425,78.05,0.0,13.93,153.3,9.379018306732178,166.73,2.28,14.36,143.1,9.394180536270142,341.28,0.0,9.38,104.2,9.396366357803345,104.24,0.82,15.88,112.7,9.410285234451294,17.05,0.0,12.9,141.8,9.426258325576782,332.05,9.97,17.33,176.0,9.461114645004272,,,,,,,,,,
146.6,10.37,0.03,0.3,8.597675800323486,161.19,9.3,2.27,22.5,8.88568663597107,161.1,1.56,8.8,65.5,8.888660430908203,350.16,0.0,8.18,101.5,9.024300336837769,118.48,10.85,12.76,107.6,9.1866192817688,11.07,5.69,12.19,75.2,9.151766300201416,212.34,0.0,8.84,47.5,9.192739725112917,252.69,0.23,6.62,146.3,9.226827383041382,162.25,0.3,12.73,84.9,9.22851014137268,1.41,3.6,19.9,74.3,9.179850816726685,53.26,0.0,7.54,93.1,9.208402633666992,310.17,0.0,9.43,164.5,9.182692527770996,247.5,6.57,17.64,95.7,9.228496313095093,70.75,9.04,12.76,96.1,9.256722211837769,257.87,10.02,12.62,179.3,9.193925142288208,354.29,1.67,9.62,75.6,9.257667064666748,98.53,9.41,15.92,163.1,9.226448059082031,4.31,0.0,7.01,83.6,9.265592336654665,196.88,9.66,9.46,169.3,9.31909203529358,0.0,3.63,14.96,168.1,9.338305711746216,119.71,0.35,11.83,173.6,9.374435186386108,139.22,0.34,15.29,100.3,9.37708568572998,304.1,1.38,15.78,88.3,9.40669012069702,47.37,0.22,14.84,136.1,9.401512384414673,221.31,3.17,15.78,148.4,9.43302321434021,198.54,10.58,13.04,150.9,9.406643867492676,62.49,0.0,17.48,141.1,9.419898748397827,331.44,7.33,13.91,148.1,9.417149543762209,161.54,0.0,15.36,80.7,9.413657665252686,295.14,11.74,17.94,162.9,9.407585144042969,12.57,8.78,15.24,173.0,9.418373584747314,188.96,0.56,13.96,147.8,9.420587062835692,298.39,2.42,18.28,163.9,9.437706232070925,214.28,6.36,16.76,175.8,9.454078912734984,157.41,3.1,19.14,172.8,9.489096879959106,,,,,,,,,,
146.6,3.1,0.03,0.2,8.625680208206177,161.19,2.6,2.25,22.1,8.90999436378479,161.02,0.0,8.27,87.3,8.915683507919312,343.39,12.45,11.35,144.0,9.053577423095703,104.85,2.2,13.05,89.8,9.212936878204346,354.81,5.89,7.47,133.9,9.177089214324951,191.6,0.64,11.29,85.5,9.218624114990234,225.35,12.21,9.26,101.1,9.25429344177246,129.46,12.17,15.19,140.2,9.259060382843018,326.07,0.0,8.87,92.0,9.206376314163208,11.69,3.08,9.52,69.5,9.232414960861206,259.37,6.51,11.35,139.0,9.21078085899353,192.74,5.8,6.56,152.7,9.251610040664673,11.69,4.67,16.12,177.2,9.2840256690979,187.29,0.0,7.39,53.9,9.217986583709717,286.08,11.02,19.04,153.1,9.286823749542236,21.71,0.0,17.61,96.4,9.249412536621094,293.64,2.7,13.3,155.9,9.294504404067991,112.15,2.22,11.74,98.9,9.347386837005615,270.88,0.0,15.91,143.5,9.36256504058838,18.46,12.38,18.51,88.3,9.402376651763916,33.22,11.68,13.37,95.5,9.402405977249146,198.02,0.0,11.06,177.9,9.431668281555176,294.79,9.93,10.69,176.3,9.428523540496826,101.34,7.68,13.09,118.1,9.45842456817627,68.03,1.85,13.0,116.0,9.431310415267944,294.35,9.22,15.12,140.7,9.448573112487791,195.21,0.0,11.37,118.0,9.441045999526978,24.79,0.0,12.69,175.4,9.439650297164915,142.12,0.0,13.59,95.0,9.431654691696169,224.91,0.0,8.93,99.9,9.442153930664062,30.32,10.22,14.45,145.1,9.449682474136353,136.67,7.27,18.32,152.9,9.466141700744627,46.05,5.84,17.02,189.0,9.479846000671388,342.07,0.0,13.5,160.5,9.51332187652588,,,,,,,,,,
146.51,0.0,0.0,0.0,8.649680376052856,161.19,0.0,2.06,22.0,8.933950185775757,161.02,2.84,8.8,88.4,8.94010877609253,335.21,2.0,9.02,75.7,9.077737092971802,92.81,0.0,10.82,95.2,9.235923767089844,338.03,0.0,8.73,76.3,9.199438095092772,169.98,10.56,9.17,113.4,9.24923300743103,196.35,2.5,5.93,106.2,9.278666019439695,92.9,1.78,8.77,73.8,9.279732942581177,288.98,3.3,19.61,140.4,9.231889963150024,330.21,9.1,9.5,195.9,9.256239652633669,207.51,3.06,14.56,137.9,9.23574161529541,138.87,0.0,5.79,63.4,9.277838945388794,310.61,0.0,11.66,170.7,9.30682635307312,125.16,0.48,7.33,67.7,9.242853164672852,209.97,0.0,10.59,74.8,9.31354546546936,308.14,0.38,19.07,163.6,9.274364233016968,209.36,7.4,12.35,81.7,9.31884741783142,24.87,0.0,14.78,151.1,9.371833324432371,177.45,11.66,16.19,121.2,9.390570640563965,282.13,1.76,15.15,135.2,9.430963039398192,291.45,2.18,11.4,186.7,9.433037996292114,89.47,11.19,17.55,134.6,9.460314750671388,179.91,1.6,15.34,111.8,9.454939126968384,337.76,0.0,8.67,132.5,9.483240842819214,305.16,2.53,15.41,163.4,9.45961856842041,164.27,0.16,15.15,76.1,9.472471475601196,59.5,3.71,15.57,147.6,9.469679832458496,248.82,10.18,13.84,149.7,9.466928243637083,0.0,0.0,13.95,160.4,9.456510305404665,84.55,0.0,16.6,149.5,9.470016241073608,231.59,0.0,9.87,141.8,9.474477291107178,331.44,0.0,10.32,133.7,9.490024089813232,242.49,0.0,12.34,176.6,9.506536483764648,166.99,10.87,15.92,159.5,9.545294284820557,,,,,,,,,,
146.6,0.28,0.02,0.1,8.669680833816528,161.19,3.03,2.25,22.5,8.957695007324219,161.02,7.34,8.79,88.4,8.96534276008606,328.62,0.0,6.89,94.6,9.10199785232544,80.77,3.08,7.69,142.7,9.263676166534424,321.77,0.56,9.91,148.7,9.2282395362854,147.92,0.0,10.5,42.7,9.273495197296144,168.75,0.0,6.78,97.8,9.30684232711792,62.31,0.0,14.11,70.3,9.30351734161377,248.47,6.91,10.4,84.2,9.259984731674194,285.82,1.6,5.96,54.1,9.281132459640505,156.01,0.0,7.7,125.2,9.258689641952516,85.61,0.3,10.92,78.7,9.302693367004396,247.41,6.88,12.65,113.6,9.337454080581663,61.52,6.64,8.01,84.6,9.265913009643556,140.36,0.36,10.53,77.6,9.341875076293944,229.31,10.42,16.3,154.1,9.30290675163269,130.52,0.0,9.19,96.3,9.343909978866575,299.09,11.36,10.66,86.3,9.401187419891356,79.8,2.18,15.57,75.5,9.41468858718872,182.9,1.52,10.07,182.0,9.454796314239502,185.98,0.16,15.46,138.4,9.462454557418823,337.5,0.1,10.17,88.2,9.481021404266356,64.78,0.57,16.45,140.6,9.47885537147522,221.31,2.88,13.74,148.5,9.51396131515503,179.12,8.2,13.13,159.2,9.483863115310667,37.0,0.0,12.02,132.0,9.500078916549684,287.4,6.14,12.91,142.1,9.49349594116211,103.01,0.0,17.42,103.4,9.490347385406494,222.28,8.16,13.39,150.3,9.485149145126345,296.28,11.61,15.92,173.0,9.498191595077516,80.24,0.28,15.56,170.4,9.502909183502195,168.4,1.44,15.74,179.4,9.517926216125488,74.44,4.73,14.96,146.0,9.530731439590454,345.23,0.8,17.3,104.1,9.57374620437622,,,,,,,,,,
146.6,2.9,0.02,0.3,8.693713903427124,161.19,9.94,2.26,22.5,8.981220245361328,161.02,2.25,8.8,88.2,8.994158029556274,322.21,3.24,8.47,129.4,9.126065731048584,68.73,8.03,8.76,107.8,9.287941455841064,304.54,10.46,9.83,121.2,9.255727767944336,126.12,0.42,10.95,107.8,9.301841974258425,142.73,4.08,10.37,76.6,9.330872774124146,29.71,0.96,19.38,148.2,9.330584526062012,210.32,0.0,5.26,92.3,9.28382658958435,242.75,0.0,13.57,136.3,9.310834884643556,106.35,10.76,15.83,98.3,9.286770343780518,31.9,8.44,8.53,181.9,9.327178239822388,184.75,4.37,12.57,132.4,9.363259553909302,0.62,10.09,13.93,73.5,9.290864944458008,69.17,12.16,12.73,164.2,9.366262912750244,148.89,0.0,9.71,115.7,9.33128571510315,53.26,0.0,15.34,147.4,9.36734414100647,209.18,2.7,10.86,151.7,9.424383640289308,351.3,0.0,17.09,102.8,9.442472219467165,84.29,10.87,15.79,108.7,9.483370780944824,82.27,10.93,14.14,149.6,9.483672380447388,231.68,0.06,11.32,124.0,9.509787321090698,312.01,9.25,11.52,189.7,9.506864309310911,100.55,6.92,16.86,133.0,9.538722038269045,53.61,1.49,14.07,91.0,9.508068323135376,270.53,12.45,14.53,137.5,9.526611804962158,151.08,0.0,12.54,137.5,9.521323442459106,320.01,0.64,14.36,131.2,9.519804000854492,76.82,3.2,17.16,149.9,9.50987982749939,137.72,0.0,14.23,86.1,9.526088953018188,286.44,9.71,16.55,151.3,9.527656078338625,4.13,10.41,15.82,186.6,9.544376373291016,270.62,5.26,15.52,147.9,9.56006407737732,169.89,0.95,17.43,169.3,9.597864627838137,,,,,,,,,,
146.6,9.19,0.03,0.3,8.717722415924072,161.19,2.28,2.26,22.5,9.005259990692139,161.02,0.0,7.33,87.7,9.01830768585205,314.91,6.3,17.53,157.9,9.155383348464966,57.13,2.44,12.47,77.9,9.31353521347046,286.61,0.0,8.23,77.7,9.278001308441162,103.27,9.97,8.48,168.1,9.327146768569946,114.96,6.09,13.19,72.5,9.354317903518677,356.48,7.47,16.91,174.3,9.357354879379272,173.85,0.09,12.31,154.0,9.307392120361328,196.88,11.8,9.61,150.0,9.331706285476685,52.82,4.6,18.85,81.1,9.31366205215454,338.38,3.0,19.07,108.3,9.3555908203125,122.43,0.0,16.01,140.1,9.390711545944214,297.16,0.0,7.01,80.9,9.315269708633425,354.55,0.78,7.54,58.3,9.390367031097412,72.77,0.5,15.23,176.8,9.356722116470335,332.67,11.53,9.52,123.6,9.394676446914673,121.2,0.0,14.21,118.9,9.452706575393677,256.03,11.45,14.31,95.4,9.470224857330322,342.25,0.0,17.46,62.5,9.507378101348875,335.04,0.0,10.88,104.2,9.51553511619568,123.13,10.41,11.64,139.1,9.541942596435549,197.05,0.08,15.75,86.2,9.531090021133425,338.64,0.0,7.61,121.4,9.566855430603027,295.49,0.08,15.38,132.5,9.53740692138672,135.09,0.0,18.4,105.8,9.552533149719238,13.62,1.44,16.01,139.9,9.548039197921751,178.86,7.85,17.04,144.6,9.55013394355774,292.5,0.0,13.39,130.1,9.536675930023192,349.63,1.05,15.21,167.2,9.550182819366457,129.29,1.54,14.99,100.3,9.555681705474854,206.81,0.0,10.23,148.0,9.57439947128296,102.3,0.0,13.6,158.3,9.583605766296388,354.02,8.45,18.53,164.1,9.626014709472656,,,,,,,,,,
146.6,3.46,0.03,0.2,8.741724729537964,161.19,0.0,1.67,21.1,9.033267736434937,161.02,3.18,8.81,87.9,9.042845010757446,308.14,0.0,5.1,93.0,9.1776282787323,45.7,0.0,6.46,148.7,9.34046483039856,270.0,0.0,10.7,158.9,9.30907416343689,81.12,3.39,15.93,60.7,9.351072311401367,86.84,0.0,10.72,70.2,9.378627061843872,321.59,0.0,5.74,111.0,9.382557153701782,134.38,11.4,12.73,111.9,9.336166143417358,151.61,2.34,16.29,96.6,9.363784074783323,4.31,0.0,6.68,138.6,9.337729692459106,281.16,0.0,12.33,89.7,9.380223751068115,58.18,6.74,8.03,143.0,9.416461944580078,234.4,0.04,10.31,161.5,9.344593048095703,286.88,0.0,14.81,125.6,9.418524265289308,356.31,9.55,17.76,157.5,9.386021614074709,248.55,1.64,15.39,132.0,9.42381501197815,31.46,12.46,8.35,90.9,9.479299068450928,162.6,2.12,13.14,92.0,9.498153924942017,246.88,0.52,14.17,153.9,9.53532576560974,229.57,2.31,15.68,144.2,9.543047904968262,7.21,2.59,17.8,119.2,9.566473722457886,86.66,0.0,14.03,177.6,9.559229135513306,220.69,2.74,15.58,128.5,9.5919291973114,170.33,9.46,14.53,156.2,9.559919595718384,2.81,0.0,12.09,158.4,9.580004930496216,241.7,7.67,16.13,122.8,9.576680421829224,37.97,0.0,9.19,93.7,9.570919752120972,146.07,10.57,14.51,166.5,9.565266847610474,195.64,9.24,16.79,167.3,9.578325271606444,329.41,3.76,15.33,142.8,9.58345651626587,43.33,0.8,18.92,159.4,9.597649335861206,292.32,3.09,17.38,168.7,9.612465143203735,179.47,0.0,17.92,134.1,9.653974771499634,,,,,,,,,,
146.6,0.0,0.0,0.3,8.765722513198853,161.19,3.09,2.25,22.4,9.05756163597107,161.02,8.48,8.83,87.9,9.066961526870728,300.94,2.49,3.77,62.4,9.205279350280762,34.1,2.78,7.66,78.1,9.364927291870115,252.25,12.19,6.66,143.0,9.337454319000244,60.21,0.0,11.96,89.5,9.375223398208618,59.77,0.65,6.82,153.8,9.404927968978882,288.28,2.62,14.78,78.3,9.409058809280396,92.72,0.0,15.29,62.9,9.35944676399231,107.23,0.0,13.27,109.4,9.38857078552246,317.81,0.23,5.84,163.4,9.361914157867432,225.7,5.97,11.15,159.3,9.408815622329712,0.0,8.56,14.41,74.6,9.438915491104126,167.17,10.92,15.38,93.8,9.367435216903688,213.05,12.82,11.65,150.3,9.447659730911257,277.29,0.0,15.74,125.0,9.409059047698976,166.55,0.56,9.65,85.3,9.447326421737673,307.71,3.41,11.8,180.4,9.505763053894045,71.37,0.0,11.39,124.2,9.523301601409912,147.48,9.13,11.59,104.8,9.56112551689148,125.24,8.1,13.44,172.9,9.566449642181396,265.69,0.24,15.01,145.5,9.589655876159668,334.69,10.08,16.12,117.8,9.586565732955933,100.63,6.33,15.48,150.6,9.619397163391112,43.86,2.09,17.68,117.8,9.59160590171814,240.56,11.72,16.05,146.4,9.608007907867432,106.79,0.0,10.63,154.8,9.59862756729126,271.14,0.02,16.31,169.1,9.59972643852234,351.91,2.24,17.4,114.7,9.589840412139893,43.42,1.99,13.73,89.6,9.602099657058716,171.47,7.43,14.51,146.3,9.609133958816528,245.13,7.67,15.81,157.3,9.626324892044067,123.84,3.11,16.26,167.1,9.63995885848999,3.78,0.23,16.29,151.7,9.67797875404358,,,,,,,,,,
146.6,0.14,0.02,0.2,8.793745517730713,161.19,10.44,2.25,22.5,9.08634090423584,160.93,2.14,8.81,57.9,9.091112852096558,294.08,11.93,11.06,114.1,9.23360800743103,22.85,10.31,15.46,132.9,9.389415740966797,234.67,2.55,13.44,43.8,9.360100507736206,38.67,3.1,8.13,125.0,9.403366804122925,32.7,9.66,17.45,119.1,9.434533834457396,254.97,8.79,10.69,77.3,9.431521892547607,55.46,0.0,8.11,115.4,9.386757850646973,60.73,7.82,10.89,85.3,9.411447525024414,267.19,10.96,14.19,158.4,9.389508962631226,169.28,3.96,6.51,191.8,9.432880878448486,303.4,1.64,10.17,121.0,9.465829610824583,99.4,2.71,15.36,93.1,9.393750190734863,138.16,0.0,9.53,47.3,9.471982955932615,198.63,1.55,18.9,186.1,9.438777446746826,89.56,5.24,14.23,161.3,9.475314855575562,218.06,0.0,12.73,107.2,9.53098177909851,339.79,7.19,15.6,117.2,9.551467657089232,47.99,1.96,17.16,66.8,9.590439081192017,18.98,0.0,8.52,123.2,9.59215259552002,156.45,9.78,14.57,113.0,9.618492603302002,214.37,0.0,10.87,88.6,9.611389875411987,338.2,0.0,8.78,112.4,9.643609523773192,281.25,0.27,18.76,153.7,9.615562200546265,106.35,1.7,13.77,95.1,9.632352828979492,328.54,2.91,15.43,146.2,9.630409240722656,131.75,11.18,14.71,130.7,9.6269211769104,204.43,0.0,14.54,134.9,9.620489358901978,260.6,0.14,15.87,171.4,9.62995982170105,13.01,0.2,15.28,132.6,9.63071870803833,82.62,1.14,18.9,114.2,9.650180101394652,313.86,0.0,14.25,164.8,9.668213844299316,202.15,10.0,16.47,162.7,9.702003240585327,,,,,,,,,,
146.6,3.72,0.01,0.2,8.81775450706482,161.19,1.96,2.24,18.8,9.110082626342772,161.02,0.0,7.35,88.0,9.115052938461304,286.26,0.0,9.74,58.5,9.257826328277588,10.11,1.85,16.03,71.1,9.41325330734253,217.62,0.0,10.35,168.7,9.388994216918944,16.96,11.58,12.06,164.3,9.42815327644348,4.13,6.94,11.43,111.7,9.456889629364014,221.48,0.0,18.71,94.8,9.463667631149292,17.67,4.3,6.66,97.0,9.411250829696655,17.49,5.27,10.24,193.2,9.441588640213013,213.49,0.0,9.02,92.9,9.415266275405884,114.79,0.0,8.86,86.6,9.45856261253357,239.85,1.38,13.61,188.5,9.491209268569946,35.42,0.0,5.83,69.6,9.41712999343872,70.22,0.0,15.37,154.8,9.497250080108644,120.5,6.97,18.04,151.0,9.46298122406006,8.17,6.85,11.9,111.6,9.499767303466797,129.9,11.02,9.94,175.1,9.561466455459597,244.25,2.48,13.06,117.5,9.574787616729736,314.3,0.0,13.83,128.4,9.615016222000122,281.43,0.42,13.5,168.8,9.622211933135986,45.97,2.36,12.91,100.9,9.643640518188477,104.68,0.34,12.04,172.2,9.639822721481323,220.87,2.3,12.99,132.6,9.67338514328003,155.48,10.43,15.7,136.5,9.643923044204712,337.68,1.28,12.91,153.5,9.660229682922363,191.43,4.89,16.05,122.8,9.658771991729736,342.69,0.0,15.43,88.9,9.65113377571106,57.22,10.55,15.41,164.4,9.64895248413086,109.34,10.26,16.26,162.0,9.65829062461853,219.46,2.02,16.45,158.7,9.659948825836182,284.5,3.54,19.15,161.5,9.677757978439333,145.37,9.58,15.8,189.3,9.696881294250488,20.3,1.79,17.71,172.9,9.73344659805298,,,,,,,,,,
146.51,11.38,0.04,0.3,8.84175729751587,161.19,0.0,1.78,22.2,9.13408064842224,161.02,3.03,8.79,88.3,9.138675212860107,278.96,0.0,6.97,81.9,9.281564712524414,358.51,0.06,6.89,109.0,9.442751407623293,199.78,11.81,8.33,89.7,9.412902116775513,354.81,0.0,7.39,85.3,9.451033115386965,337.24,0.0,4.34,110.7,9.483548641204834,188.96,0.27,17.33,107.9,9.488200187683104,341.89,6.72,6.25,128.8,9.439699649810793,332.58,0.0,15.61,55.1,9.465977907180786,165.85,0.0,5.68,164.5,9.4446063041687,61.79,1.12,12.31,86.7,9.485487937927246,177.45,7.86,9.55,165.6,9.51911234855652,334.34,3.01,6.42,90.4,9.4435932636261,357.8,6.88,7.6,108.9,9.526163578033447,41.75,0.0,11.56,96.7,9.491528034210203,290.83,0.0,9.79,141.7,9.524137020111084,39.55,2.67,18.6,128.4,9.585329294204712,151.35,0.0,10.62,124.9,9.6022846698761,215.07,9.48,14.05,93.7,9.642906188964844,176.31,9.15,13.64,125.3,9.646942138671877,298.83,0.0,16.18,98.0,9.672539949417114,347.43,9.53,11.21,139.1,9.667143821716309,100.99,7.46,17.01,143.5,9.702669620513916,24.61,0.0,14.1,85.2,9.667797327041626,206.63,10.04,14.93,130.5,9.690591096878052,55.72,0.0,8.57,129.7,9.681904554367064,207.07,3.03,12.76,137.5,9.680267572402954,268.86,0.04,13.73,94.7,9.670098304748535,307.97,0.0,14.26,100.2,9.685970067977903,62.75,8.59,17.01,154.1,9.687153339385986,121.29,7.2,15.99,190.2,9.706345796585085,335.57,3.0,15.59,173.8,9.721628189086914,212.26,0.73,19.01,173.5,9.758263111114502,,,,,,,,,,
146.6,2.79,0.01,0.2,8.861756801605225,161.19,2.71,2.25,22.5,9.1589834690094,161.02,9.46,8.79,87.8,9.1654794216156,272.37,2.83,6.57,98.0,9.30523419380188,346.64,11.92,8.57,121.0,9.465237617492676,183.25,2.84,15.49,96.0,9.437195539474487,333.19,0.26,12.27,142.4,9.482853412628174,309.9,2.9,9.83,139.1,9.512608528137209,155.3,10.58,15.83,78.6,9.517261743545532,303.49,0.0,8.61,62.4,9.465354681015016,288.19,3.54,16.55,117.7,9.49506902694702,116.1,11.47,13.58,126.3,9.470908641815186,7.56,10.35,12.04,115.2,9.510695219039915,117.33,0.27,6.29,100.5,9.546921253204346,271.14,10.57,7.66,139.9,9.469221353530884,287.31,4.63,17.18,119.8,9.551241397857666,328.1,0.51,16.08,158.0,9.51654839515686,210.32,2.44,10.68,100.3,9.553156852722168,313.42,0.0,8.8,111.2,9.614347219467165,55.81,11.28,13.08,140.9,9.629120588302612,120.32,2.14,13.0,143.3,9.668200492858888,71.89,2.02,11.29,100.0,9.67525029182434,193.36,10.89,12.98,170.2,9.696419477462769,231.33,0.0,8.29,108.9,9.69663381576538,338.2,0.0,12.61,100.7,9.724435329437256,266.31,0.39,13.36,182.7,9.69792866706848,71.19,1.06,13.26,111.8,9.713197946548462,288.98,3.83,17.45,159.3,9.707581520080566,66.8,10.21,15.04,141.2,9.709457874298096,127.88,0.24,17.73,140.2,9.700547218322754,156.53,2.6,15.08,166.0,9.711101293563845,268.68,0.0,13.71,101.2,9.71540117263794,316.58,0.0,10.02,156.2,9.733681917190552,166.73,0.04,15.19,163.7,9.750039100646973,37.35,9.0,16.73,173.5,9.786988019943236,,,,,,,,,,
146.6,0.0,0.02,0.3,8.88576078414917,161.19,7.79,2.26,22.6,9.183663845062256,161.02,2.75,8.77,80.1,9.191101312637327,265.34,7.21,12.53,133.5,9.336167097091677,334.07,2.29,10.8,128.2,9.49267315864563,166.55,0.0,9.94,84.5,9.464715957641602,310.17,10.83,14.94,64.2,9.50700044631958,281.78,7.6,7.4,134.3,9.537018537521362,120.85,1.69,14.54,61.9,9.541034936904907,266.31,0.1,5.79,109.0,9.487891912460327,241.52,5.93,8.26,192.5,9.519439458847046,61.52,2.34,11.2,94.8,9.496073246002195,312.45,2.31,11.9,87.0,9.534793615341188,55.99,0.14,15.42,76.6,9.568334579467772,203.03,0.0,14.34,129.7,9.497133493423462,213.49,0.0,14.27,138.0,9.579714059829712,248.55,9.64,13.58,138.7,9.54563283920288,127.88,6.36,13.96,153.8,9.580935955047607,226.58,6.26,10.88,181.4,9.638429880142212,320.27,2.3,8.83,100.7,9.658506870269775,19.6,0.0,16.94,100.0,9.692683458328249,328.89,0.79,14.39,94.8,9.699517488479614,79.8,2.18,15.21,150.7,9.726536750793455,121.55,1.91,14.22,131.8,9.720137596130373,216.65,3.52,12.01,177.4,9.756118535995483,142.21,9.42,11.4,166.5,9.72672700881958,303.84,0.75,12.18,175.6,9.740761041641235,152.58,6.48,13.14,147.5,9.736316680908203,284.15,0.0,13.37,119.8,9.732589483261108,339.26,10.66,14.89,144.9,9.72341275215149,1.67,9.6,15.51,149.2,9.738989353179932,111.36,3.56,15.17,144.7,9.743832349777222,153.19,2.78,18.69,152.4,9.758694887161257,357.8,10.95,15.76,164.4,9.777197360992432,228.52,1.26,15.53,111.7,9.811277151107788,,,,,,,,,,
146.6,0.07,0.01,0.2,8.909784317016602,161.19,2.29,2.25,22.4,9.20720386505127,161.02,0.0,8.06,86.2,9.215524673461914,257.78,0.0,11.05,64.3,9.357946634292604,321.86,0.16,4.35,118.4,9.518326044082642,150.12,2.99,7.65,150.3,9.492992401123049,286.96,1.98,8.93,101.0,9.535429239273071,254.09,0.0,12.3,135.7,9.565352439880373,87.63,0.0,11.31,181.4,9.570165872573853,227.64,12.65,12.31,186.3,9.516751050949097,197.4,0.0,5.09,134.1,9.54441261291504,12.57,0.0,14.38,97.6,9.522426128387451,256.73,0.08,17.69,94.6,9.5636944770813,356.84,12.8,15.64,183.0,9.599539756774902,135.97,2.76,10.24,76.2,9.525426626205444,141.24,8.52,9.34,69.4,9.603606462478638,170.95,0.0,8.25,105.1,9.570023536682127,44.03,0.0,7.15,65.3,9.604854345321655,139.04,3.32,18.79,121.4,9.66650366783142,229.31,0.0,9.24,171.2,9.682694435119627,282.22,12.69,16.78,111.3,9.72152304649353,228.16,10.62,13.26,104.8,9.7279953956604,332.67,0.07,11.56,120.8,9.751235485076904,4.57,11.54,11.74,126.2,9.745966911315918,96.77,6.76,13.77,117.8,9.77989411354065,13.97,2.17,16.16,90.3,9.74853801727295,172.97,7.27,15.68,145.0,9.76664662361145,14.94,0.0,9.67,111.4,9.760719537734984,143.17,1.76,14.69,136.5,9.761558532714844,185.8,0.0,9.74,118.7,9.755582094192505,219.99,1.45,14.17,104.3,9.767406225204468,311.4,7.93,14.98,160.4,9.767482042312622,349.72,5.15,18.69,159.9,9.78686237335205,181.67,0.01,16.61,122.7,9.803991317749023,53.96,0.07,16.71,174.6,9.840154647827148,,,,,,,,,,
146.6,5.56,0.02,0.3,8.933782577514648,161.19,0.0,1.92,22.5,9.231226444244385,161.02,2.98,8.82,87.5,9.244197845458984,250.93,0.68,7.6,85.8,9.3843834400177,309.81,12.95,11.37,90.6,9.546215057373049,133.33,6.89,16.01,105.3,9.517486810684204,265.34,0.37,10.58,182.9,9.559477090835571,225.53,3.46,9.82,149.2,9.590010166168211,53.79,11.54,19.98,98.2,9.59467601776123,186.5,0.0,6.21,86.4,9.539629459381104,153.81,3.16,8.84,184.4,9.572765350341797,324.4,3.78,19.22,94.7,9.546924114227297,201.71,12.42,6.06,119.5,9.58865475654602,291.53,2.06,16.56,104.4,9.625658750534058,69.87,11.59,8.77,86.9,9.549503087997437,72.77,7.29,16.29,191.8,9.62802767753601,95.45,0.28,12.79,120.2,9.593841075897217,329.59,0.5,14.42,139.3,9.629056215286257,49.04,0.0,8.18,109.2,9.68997883796692,139.48,11.16,9.98,104.1,9.710840702056885,179.38,0.0,18.28,76.0,9.750240564346312,119.62,0.0,17.29,91.7,9.752553462982178,222.8,10.48,13.35,105.2,9.77825689315796,252.69,1.9,13.53,103.6,9.771837949752808,338.29,0.0,10.51,143.3,9.80860185623169,257.26,0.16,15.73,139.3,9.772252559661863,41.48,0.0,17.64,81.8,9.793059587478638,248.82,2.14,13.67,154.8,9.789727449417114,0.79,9.27,14.03,162.9,9.78589391708374,44.82,0.76,14.09,170.9,9.779813766479492,67.5,0.0,17.21,154.9,9.7922260761261,154.25,0.0,11.02,116.3,9.795488595962524,185.8,0.0,12.27,150.0,9.814440488815308,13.1,0.33,16.54,180.8,9.83205533027649,245.3,10.92,16.98,169.3,9.865102767944336,,,,,,,,,,
146.6,9.4,0.04,0.3,8.961780071258545,161.19,3.35,2.24,22.4,9.255292654037476,161.02,9.38,8.81,88.1,9.267862319946287,244.16,11.87,5.04,53.6,9.409844398498535,297.42,2.02,8.28,108.7,9.572681427001951,115.58,0.0,6.01,120.6,9.546664953231812,241.88,10.04,15.65,113.7,9.587612628936768,197.49,8.5,9.5,183.5,9.61426591873169,20.39,4.22,7.14,111.9,9.619159698486328,150.12,0.0,11.61,123.2,9.5718035697937,109.51,9.44,8.76,113.8,9.596384763717651,273.87,5.16,6.89,136.3,9.57108449935913,145.02,2.79,11.89,125.3,9.617775440216064,227.9,0.34,19.93,93.9,9.652297973632812,5.89,5.2,15.18,92.3,9.57431697845459,1.58,0.0,11.18,40.9,9.652068376541138,18.19,12.19,11.26,120.6,9.62221884727478,245.21,9.5,11.42,113.6,9.657181739807127,326.16,4.13,11.17,123.4,9.720908403396606,44.12,3.27,10.33,121.2,9.734908819198608,83.58,0.0,12.78,91.7,9.77320671081543,17.31,0.0,14.0,110.5,9.7816903591156,109.16,0.0,6.41,103.7,9.806432485580444,138.52,3.42,16.03,108.6,9.800257682800291,217.09,5.24,16.81,139.6,9.83267331123352,131.92,10.46,12.91,145.4,9.800968408584597,279.14,0.26,18.0,126.4,9.821146965026855,113.73,7.24,18.04,170.3,9.814369678497314,229.57,1.1,12.84,102.3,9.812806844711304,261.12,10.39,14.51,163.8,9.80722713470459,279.4,10.39,14.12,160.1,9.819144010543823,354.29,2.97,15.81,165.4,9.822645664215088,21.62,1.62,17.9,147.8,9.8395574092865,209.44,8.22,16.69,190.1,9.856767416000366,64.25,0.0,18.11,118.1,9.893245697021484,,,,,,,,,,
146.6,3.73,0.03,0.2,8.98580527305603,161.19,8.58,2.26,22.6,9.2833731174469,161.02,2.42,8.77,88.1,9.292412996292114,237.04,2.52,8.83,145.4,9.437948942184448,285.73,0.0,11.2,66.6,9.602642297744753,98.79,0.8,12.28,98.3,9.568459272384644,218.14,0.0,6.0,132.3,9.617009162902832,170.77,1.92,7.29,94.5,9.637698888778688,347.78,0.0,8.71,137.9,9.647355318069458,110.13,11.66,15.35,184.4,9.596678495407104,64.6,1.87,8.51,96.2,9.620962858200071,223.51,0.0,4.31,123.0,9.598674774169922,88.07,0.0,8.26,96.1,9.639900207519531,168.22,10.24,12.92,130.9,9.680058002471924,305.33,0.0,5.53,82.8,9.597824811935425,295.93,0.35,15.43,185.3,9.679693937301636,299.53,1.66,11.43,72.6,9.647342920303345,163.04,0.0,13.21,119.9,9.684045553207396,235.81,4.49,18.93,120.6,9.742694854736328,311.84,0.0,6.94,141.3,9.759105682373049,351.04,8.17,13.6,154.9,9.797417163848875,275.63,10.42,13.37,158.3,9.807070970535278,2.55,0.0,15.38,139.0,9.829912662506104,21.97,9.68,14.73,166.9,9.826553583145142,97.12,6.22,15.11,127.1,9.862589359283447,0.0,2.61,17.12,141.2,9.829161643981934,148.89,10.74,16.36,146.2,9.849068880081177,335.04,0.0,9.76,96.2,9.839391469955444,90.35,0.07,13.01,174.6,9.839824438095093,108.81,0.0,13.97,129.3,9.836733102798462,120.67,0.0,9.91,107.4,9.842881679534912,195.73,5.69,17.41,156.5,9.850770711898804,224.38,6.63,14.46,161.4,9.868650913238524,41.84,1.74,15.25,158.6,9.885165929794312,254.97,0.55,15.03,170.6,9.921019792556764,,,,,,,,,,
146.6,0.0,0.0,0.0,9.009835720062256,161.19,2.6,2.25,15.0,9.311371803283691,161.02,0.0,7.61,82.4,9.3168785572052,229.92,0.0,14.22,109.6,9.461815357208252,273.78,8.6,15.88,99.9,9.626202583312988,82.0,11.99,8.34,92.3,9.592735052108765,196.7,0.56,7.43,136.6,9.639219522476196,144.32,0.0,12.81,92.7,9.66549301147461,314.91,2.79,19.47,76.2,9.67060160636902,68.47,2.39,13.64,82.0,9.623942852020264,23.2,0.0,4.71,107.1,9.643904209136965,174.11,1.2,9.58,64.3,9.624757766723633,36.65,1.68,18.1,108.4,9.663036108016968,102.83,0.0,11.28,75.9,9.706849336624146,242.05,2.09,9.16,135.6,9.623620986938477,222.01,10.49,7.89,101.3,9.706998348236084,223.24,0.5,11.83,98.9,9.67690134048462,79.89,2.41,11.8,95.0,9.705841541290283,148.18,0.0,8.36,96.3,9.76995062828064,220.43,9.8,8.73,154.7,9.789056539535522,249.96,2.96,11.84,167.9,9.825339794158936,166.99,0.0,7.38,114.8,9.835494756698608,259.8,11.58,15.01,176.0,9.857884407043455,270.0,1.4,15.39,113.9,9.85590124130249,338.47,0.0,10.5,119.1,9.884252309799194,242.58,0.0,15.66,162.4,9.857398271560667,11.69,0.0,15.71,80.5,9.873247623443604,209.18,0.21,14.6,134.1,9.86731767654419,312.01,9.2,14.63,150.3,9.862724542617798,319.92,2.16,13.95,150.2,9.859678030014038,332.31,1.19,16.43,174.3,9.870766162872314,37.44,0.0,9.31,111.9,9.872465133666992,61.52,0.0,10.49,117.1,9.8918194770813,237.48,0.37,15.02,170.4,9.909857749938965,81.21,9.9,16.99,170.4,9.945019721984863,,,,,,,,,,
146.6,0.0,0.02,0.2,9.029836893081663,161.19,0.0,1.75,22.4,9.335376024246216,161.02,1.99,8.77,87.7,9.34109592437744,222.45,11.94,7.69,83.0,9.489880800247192,261.65,3.43,6.48,134.2,9.650059461593628,65.39,4.55,5.6,151.0,9.617547512054443,175.25,9.38,8.09,159.2,9.667536497116089,116.81,11.09,13.28,70.9,9.690001487731934,281.51,7.39,6.96,157.4,9.697450637817385,30.67,0.0,19.61,76.4,9.647862434387209,340.4,2.83,7.98,187.8,9.671268701553345,126.47,11.75,8.61,155.2,9.647125959396362,340.84,6.71,10.7,112.8,9.691902875900269,41.57,0.0,9.74,159.5,9.728529453277588,177.1,10.04,14.42,177.2,9.65040135383606,149.33,1.96,16.5,76.4,9.732136964797974,148.54,11.49,11.17,88.9,9.700194597244264,1.49,10.48,9.71,137.1,9.73429536819458,65.13,2.81,8.06,105.2,9.79428505897522,131.31,4.98,9.09,104.7,9.810531616210938,151.61,0.0,11.04,125.4,9.856131553649902,65.57,0.0,13.43,182.4,9.859533309936523,146.78,1.68,12.5,63.3,9.885691404342651,155.39,0.68,15.19,118.1,9.87998080253601,217.27,2.34,13.74,118.8,9.91431999206543,117.69,9.76,13.17,148.0,9.880606651306152,249.96,0.21,15.73,144.2,9.90117621421814,73.65,9.77,14.19,132.2,9.888808727264404,171.21,0.0,17.21,112.2,9.894679307937622,172.18,6.39,15.58,155.5,9.890776872634888,179.21,8.92,15.19,140.9,9.89653468132019,250.75,2.36,14.68,139.5,9.904332160949709,262.79,4.27,17.19,158.2,9.920330047607422,69.35,11.42,16.86,147.6,9.938244104385376,271.32,1.73,17.71,108.3,9.973443984985352,,,,,,,,,,
146.6,3.16,0.03,0.3,9.053840398788452,161.19,2.4,2.24,22.4,9.359475374221802,161.02,10.76,8.79,87.8,9.366012334823608,215.68,2.78,10.64,123.7,9.514506816864014,249.43,0.0,8.76,150.7,9.678225994110107,48.78,0.0,5.94,92.9,9.64133882522583,153.46,2.36,11.18,183.1,9.69511890411377,87.89,4.4,12.22,121.8,9.717616558074951,247.76,0.0,15.7,128.5,9.722641229629517,352.97,5.55,14.01,84.3,9.672047853469849,295.75,8.17,12.0,174.7,9.696338415145874,74.44,2.2,14.64,117.5,9.67557454109192,283.36,0.0,4.38,159.4,9.719989538192747,342.6,11.34,7.82,126.0,9.760217666625977,106.79,0.0,7.1,56.5,9.674683094024658,79.01,0.01,12.18,127.9,9.7594633102417,70.05,2.94,10.65,84.4,9.725926160812378,283.8,3.26,15.06,106.9,9.75817370414734,341.89,8.5,14.42,190.5,9.822549104690552,38.58,0.0,10.73,69.7,9.839070320129396,51.5,12.08,12.61,182.9,9.880863428115845,323.7,10.99,10.83,117.3,9.888047933578491,40.43,0.0,14.78,100.8,9.909803867340088,39.9,8.96,10.76,163.2,9.908148765563965,96.77,5.65,13.88,129.0,9.940245151519775,350.42,1.28,16.62,89.3,9.90915870666504,119.71,9.79,14.45,163.2,9.926756143569946,301.11,1.62,18.09,127.3,9.917436361312866,29.71,0.35,15.44,140.7,9.918760776519775,24.96,0.0,9.63,105.1,9.915302991867064,26.1,1.75,14.69,91.9,9.91998553276062,92.99,8.57,14.79,146.1,9.928357124328612,100.55,5.82,14.23,160.0,9.944364070892334,259.01,0.0,12.65,104.3,9.959883689880373,97.29,0.92,18.81,176.1,9.997056245803831,,,,,,,,,,
146.6,10.03,0.03,0.3,9.07788610458374,161.19,9.26,2.26,22.5,9.383552074432371,161.02,1.54,8.77,65.9,9.388371706008911,208.39,0.0,12.55,82.1,9.545226573944092,237.13,3.24,7.32,91.1,9.70299744606018,32.52,0.17,16.78,129.8,9.66717290878296,130.69,0.39,15.05,97.8,9.719242334365845,59.85,0.0,5.2,78.4,9.74576997756958,213.49,2.64,14.35,169.4,9.75060248374939,314.82,5.45,8.32,72.7,9.696555852890016,249.17,0.0,13.66,56.1,9.724457502365112,23.2,0.0,17.19,78.4,9.702443599700928,227.64,2.82,9.56,60.3,9.74394464492798,279.32,2.2,6.61,111.7,9.783932209014893,43.51,0.06,9.74,73.8,9.699321031570436,6.77,4.24,14.72,90.7,9.783883810043337,356.31,0.0,9.15,82.0,9.752763748168944,201.09,0.0,10.74,162.0,9.787010669708252,251.98,0.0,15.44,81.7,9.84638214111328,310.78,2.64,14.3,93.8,9.86663293838501,310.96,2.06,15.92,80.6,9.910006284713743,214.01,0.0,8.49,131.3,9.91241192817688,293.64,11.29,16.85,108.6,9.937817335128784,287.4,0.0,14.36,74.9,9.932271242141724,338.73,0.0,10.13,116.6,9.968291521072388,228.34,0.09,14.28,137.9,9.933499574661257,347.17,1.56,12.14,114.9,9.956639766693115,164.88,1.4,13.08,151.3,9.944661140441896,253.56,10.48,16.85,169.2,9.946770906448364,247.06,2.17,15.54,172.6,9.93980097770691,243.72,0.91,16.55,176.7,9.948495149612429,299.0,0.0,14.17,124.2,9.956393003463743,295.66,0.0,11.54,156.0,9.97427225112915,91.23,1.42,18.33,161.1,9.992013454437256,287.14,9.7,15.8,166.7,10.021456718444824,,,,,,,,,,
146.51,2.99,0.03,0.2,9.101934432983398,161.19,2.9,2.25,22.1,9.40756869316101,161.02,0.0,8.35,87.7,9.41511344909668,201.27,6.51,7.79,91.3,9.567874193191528,225.44,9.35,10.94,77.3,9.725805044174194,15.12,11.5,13.13,117.6,9.698111772537231,109.07,12.32,17.96,80.9,9.747934341430664,33.66,2.27,18.76,96.4,9.770041465759276,179.3,7.24,6.82,162.8,9.778682947158812,277.38,0.0,4.55,68.6,9.72339129447937,204.87,1.14,15.03,108.6,9.75264048576355,334.6,6.38,19.24,121.1,9.731112480163574,175.61,9.98,8.97,117.0,9.768980264663696,218.23,0.0,8.47,89.4,9.80767822265625,342.51,6.1,8.32,89.0,9.72446632385254,301.73,6.34,15.04,177.9,9.807928562164308,283.18,2.92,10.16,72.3,9.777235507965088,118.65,11.28,13.59,110.4,9.8193461894989,167.43,1.21,8.66,93.7,9.870728969573976,219.81,8.86,16.89,127.1,9.890507459640505,214.63,0.0,14.82,119.1,9.93428349494934,114.17,3.13,14.08,149.4,9.941341161727903,179.82,1.03,9.92,77.9,9.962245464324951,176.57,0.18,11.22,120.3,9.960285663604736,217.09,4.58,17.21,164.5,9.993118286132812,103.71,11.23,13.94,140.9,9.96154761314392,215.42,1.02,18.16,158.6,9.977710723876951,27.77,11.56,14.54,137.9,9.97295355796814,107.49,0.0,11.87,103.2,9.975344181060793,101.34,7.28,13.96,147.3,9.968890190124512,91.67,11.5,13.73,149.8,9.980589866638184,141.33,1.89,18.05,167.8,9.97990107536316,133.15,6.06,15.3,143.0,10.003010034561155,286.96,9.26,19.56,169.1,10.016186475753784,113.82,1.43,15.49,122.8,10.049479007720947,,,,,,,,,,
146.6,0.0,-0.01,0.3,9.129693508148192,161.19,0.0,1.76,22.3,9.435537099838257,161.02,2.14,8.77,88.1,9.444586515426636,194.94,7.61,7.1,103.6,9.594558000564575,213.75,0.0,9.87,58.4,9.754184246063232,357.36,2.16,11.41,49.5,9.721534013748167,85.61,2.85,11.18,60.5,9.770996570587158,6.94,7.65,15.08,74.3,9.790134191513062,146.34,0.0,11.12,36.4,9.80252718925476,240.12,0.5,7.5,135.6,9.750981092453005,159.35,7.01,15.17,191.5,9.780985832214355,282.57,2.81,14.06,160.5,9.7552330493927,120.85,2.12,16.26,36.5,9.797879934310911,161.37,3.05,14.41,107.9,9.836543560028076,278.88,7.24,7.72,95.1,9.747182846069336,227.46,0.0,6.3,98.2,9.832135915756226,207.16,6.45,10.02,78.1,9.800620317459106,30.76,2.18,14.95,142.6,9.843091249465942,84.9,10.68,8.81,80.7,9.893573760986328,125.77,0.0,15.1,72.4,9.919753551483154,116.02,10.61,14.06,92.0,9.962602138519289,7.65,11.69,13.67,118.9,9.96386194229126,78.75,0.0,9.76,185.0,9.987138509750366,61.61,11.6,16.3,118.6,9.98742151260376,97.03,6.82,14.85,162.8,10.022236585617064,331.08,0.0,8.25,99.5,9.987489223480225,85.25,9.87,16.41,165.8,10.006656169891356,250.31,0.0,15.77,101.2,10.001030921936035,324.76,2.78,15.46,136.0,10.000196933746338,311.92,0.0,9.46,97.0,9.990814924240112,296.63,1.21,16.04,90.2,10.00501537322998,342.25,6.49,16.54,171.5,10.010253190994264,328.45,3.53,16.6,155.5,10.02768325805664,118.74,0.09,18.79,136.8,10.043887853622437,296.81,0.38,17.29,153.1,10.081454992294312,,,,,,,,,,
146.6,2.73,0.02,0.2,9.153922319412231,161.19,1.86,2.25,22.3,9.459584951400757,161.02,8.06,8.82,87.9,9.468575477600098,187.82,0.0,6.59,99.4,9.61611557006836,202.15,0.0,16.9,152.3,9.78255033493042,340.31,0.34,14.59,109.5,9.749441385269163,64.07,0.0,9.4,76.4,9.797889947891235,341.02,4.56,13.59,109.7,9.817671775817873,113.47,1.59,8.43,103.1,9.82841157913208,201.62,11.59,10.25,127.7,9.776620149612429,113.64,0.0,5.64,99.1,9.805406332015991,230.1,0.0,7.95,83.0,9.778701066970823,65.39,0.0,12.61,122.4,9.819938659667969,98.7,6.66,9.46,191.5,9.859841346740724,215.51,0.0,6.29,58.1,9.775439023971558,161.19,3.57,15.53,111.4,9.85967254638672,132.8,0.0,6.09,66.0,9.826464891433716,309.81,0.2,9.96,75.8,9.867255210876465,1.41,7.06,9.56,99.3,9.92199420928955,34.72,0.0,15.69,132.7,9.94267463684082,14.85,2.58,13.36,149.4,9.986518383026125,265.78,1.66,9.43,96.8,9.98787546157837,336.09,7.54,14.59,127.1,10.016443014144896,304.72,0.0,10.69,85.6,10.015671491622925,338.38,0.0,11.95,109.0,10.044317960739136,214.01,0.3,11.75,180.1,10.017480611801147,317.64,0.77,15.28,94.3,10.034255504608154,114.52,3.53,12.86,148.4,10.027276277542114,183.6,6.15,13.52,165.4,10.029696226119995,176.13,0.16,13.54,140.4,10.02038288116455,150.82,0.0,17.28,157.8,10.033108711242676,183.78,0.0,10.47,121.8,10.039191961288452,165.06,0.0,11.37,146.8,10.056258916854858,308.94,3.42,15.63,161.3,10.06903624534607,123.05,7.34,16.26,173.0,10.105520725250244,,,,,,,,,,
146.6,8.55,0.03,0.3,9.176623106002808,161.19,10.1,2.27,22.7,9.484222888946531,161.02,2.14,8.81,87.7,9.492355346679688,181.49,0.28,17.72,155.4,9.644970893859863,190.11,12.93,13.56,104.2,9.810411930084229,322.38,10.51,8.41,105.0,9.773726463317873,43.95,0.46,9.99,116.5,9.81914234161377,312.8,0.0,14.09,79.9,9.844355583190918,79.45,12.04,11.46,139.1,9.855309963226318,160.49,0.96,14.16,85.2,9.80533218383789,70.58,0.41,12.22,91.8,9.830134391784668,182.64,5.1,16.21,116.8,9.806689977645874,8.96,4.93,10.67,188.9,9.843823671340942,39.29,0.0,7.58,43.6,9.887497663497925,154.07,0.0,8.2,114.8,9.803873538970947,88.59,9.17,15.9,145.4,9.887063026428224,59.41,0.12,7.7,107.1,9.85009765625,232.47,9.39,13.14,150.6,9.894932985305786,285.73,0.0,12.73,65.7,9.94649076461792,302.52,10.81,14.44,110.8,9.970792770385742,278.26,0.0,11.58,166.9,10.014047861099243,169.37,0.0,9.99,185.1,10.019567012786863,225.97,3.3,14.93,106.5,10.045436143875122,193.27,0.7,11.83,174.7,10.0365469455719,216.91,3.1,16.02,140.9,10.072669506072998,89.65,12.1,16.24,130.1,10.04299807548523,190.99,0.08,17.39,153.1,10.062354564666748,336.71,6.86,14.05,137.0,10.05266523361206,42.45,0.0,10.43,118.0,10.051230669021606,27.95,10.16,17.64,144.7,10.045977592468262,356.04,9.16,13.68,135.2,10.057619333267212,25.4,1.26,14.76,153.5,10.0627760887146,1.41,2.6,14.04,153.9,10.07976460456848,140.54,6.52,15.11,147.3,10.095586776733398,306.56,0.0,11.27,136.6,10.134082317352297,,,,,,,,,,
146.6,8.11,0.02,0.2,9.203453540802002,161.19,0.13,2.25,13.6,9.512228727340698,161.02,0.0,7.51,87.9,9.517000436782835,174.29,10.26,8.97,82.9,9.671844959259031,177.19,1.81,13.96,55.3,9.834404468536375,304.45,1.98,12.84,46.9,9.801633358001707,22.5,11.96,12.43,109.3,9.85103678703308,284.85,4.89,16.29,111.9,9.870771408081056,44.74,2.42,8.19,67.5,9.87993025779724,121.82,0.42,15.48,96.9,9.82810640335083,26.81,8.57,7.05,177.1,9.854142904281616,131.57,4.97,8.63,130.6,9.831010341644289,316.23,5.0,8.79,123.7,9.872085094451904,342.86,0.0,16.63,142.8,9.91187024116516,88.07,5.02,9.83,127.6,9.82716464996338,16.79,1.8,7.23,54.7,9.908092975616457,345.76,12.4,8.19,112.9,9.87818193435669,149.5,2.44,8.33,92.5,9.918620824813845,200.13,0.74,14.15,188.0,9.971441745758057,204.35,0.0,9.91,87.7,9.998391389846802,179.47,9.2,14.93,122.7,10.041260480880736,68.12,6.57,11.93,121.7,10.043621063232422,116.46,0.0,13.96,157.8,10.069894313812256,78.93,11.06,16.8,138.0,10.069211721420288,96.42,6.64,14.11,165.7,10.10020637512207,320.89,1.71,14.45,101.4,10.070888757705688,60.82,10.24,15.23,136.6,10.086845874786375,200.21,0.0,9.86,123.0,10.08067011833191,265.69,3.92,13.68,176.5,10.082946300506592,240.38,0.0,15.12,111.7,10.071348190307615,203.03,0.0,14.52,92.6,10.086665153503418,232.38,7.56,15.14,149.1,10.0876624584198,209.79,4.76,13.79,160.6,10.107743501663208,330.38,0.0,10.38,139.0,10.124512910842896,132.8,1.21,18.54,184.2,10.158082246780396,,,,,,,,,,
146.6,2.36,0.02,0.2,9.22712779045105,161.19,0.0,2.12,22.4,9.536216497421265,161.02,2.8,8.77,88.0,9.543394565582275,167.26,2.76,8.29,73.1,9.696062326431274,165.06,0.51,15.72,101.7,9.864401817321776,287.23,0.0,10.66,171.6,9.82817554473877,0.0,3.12,14.17,84.4,9.871053457260132,255.76,4.18,10.58,67.0,9.894958734512327,13.18,0.0,12.84,93.4,9.903066635131836,82.88,11.35,10.04,108.8,9.85703992843628,343.83,4.25,10.81,205.1,9.880061864852903,80.86,0.0,4.56,121.4,9.856013059616089,260.6,0.0,11.52,57.6,9.900120735168455,279.23,11.35,14.19,153.0,9.941088914871216,23.82,5.83,11.86,144.4,9.852947473526,311.84,0.0,13.14,151.6,9.939647674560549,266.75,2.48,11.91,91.7,9.90589451789856,72.77,0.0,10.62,109.4,9.943792581558228,111.8,9.96,11.7,102.8,10.003557443618774,118.56,0.0,17.37,101.1,10.022586345672607,80.07,2.1,12.41,181.1,10.066585779190063,325.63,3.89,13.78,127.1,10.07265281677246,5.63,2.86,10.01,132.0,10.093631982803345,321.33,0.36,17.39,114.8,10.092505693435667,338.55,0.0,7.24,104.6,10.12856149673462,195.29,3.1,12.95,158.4,10.099263906478882,287.67,0.0,14.67,76.0,10.11610746383667,69.96,1.73,17.66,166.8,10.108790636062622,125.95,5.25,15.53,137.8,10.111165046691896,93.96,0.37,16.92,145.3,10.099818706512451,55.63,0.0,16.53,153.7,10.11165690422058,74.71,0.0,10.76,125.5,10.115747451782228,47.29,0.0,9.46,123.2,10.1336829662323,162.33,3.06,17.57,164.4,10.150079488754272,316.05,6.68,16.04,185.4,10.18608260154724,,,,,,,,,,
146.6,0.0,0.04,0.2,9.248798847198486,161.19,2.69,2.24,22.7,9.56070590019226,161.02,8.05,8.78,88.2,9.567655801773071,161.02,0.0,8.56,101.2,9.724660396575928,152.58,9.78,9.5,102.5,9.889063358306885,269.47,10.31,10.7,107.1,9.857535362243652,338.91,0.0,8.35,100.6,9.899144411087036,228.6,0.0,13.01,105.6,9.926480531692505,341.89,3.18,10.97,129.7,9.931450128555298,41.84,2.86,10.67,65.2,9.879416704177856,297.6,0.0,15.51,69.3,9.907253980636597,32.26,0.53,6.64,125.2,9.882751941680908,205.66,3.11,11.52,195.9,9.928587913513184,213.84,0.0,16.27,49.6,9.965771675109863,318.34,0.0,14.61,96.2,9.87621021270752,238.01,11.9,17.04,158.1,9.967300653457642,191.07,0.0,10.48,106.7,9.934340715408323,351.39,2.61,9.8,75.9,9.967190742492676,21.36,2.3,8.33,71.5,10.023451566696169,22.41,10.74,13.51,130.6,10.050810813903809,342.69,0.11,9.3,157.6,10.094302415847778,219.99,0.0,8.5,146.5,10.09539556503296,263.06,4.42,13.47,133.0,10.122050762176514,206.1,3.0,12.44,146.2,10.12026858329773,221.13,3.32,18.0,138.8,10.153054237365724,68.99,9.27,13.83,135.3,10.123013019561768,162.16,0.31,15.55,116.0,10.138208866119385,296.19,8.23,14.66,144.9,10.133150815963743,342.42,0.0,11.82,126.8,10.135111808776855,310.78,9.66,17.67,154.5,10.127457857131958,267.54,12.01,15.21,138.4,10.138414859771729,280.81,1.33,15.59,170.1,10.140836477279665,254.18,1.54,15.37,158.0,10.155882358551024,352.35,4.67,15.83,168.7,10.179732322692873,142.38,0.0,10.95,132.8,10.213736772537231,,,,,,,,,,
146.6,0.31,0.02,0.2,9.271212339401243,161.19,8.8,2.26,22.7,9.58571171760559,161.02,2.6,8.78,53.2,9.592458009719849,154.07,3.76,12.47,171.5,9.748061418533323,140.45,2.5,14.83,60.4,9.913424968719482,250.93,0.0,5.8,66.5,9.882170915603638,317.55,6.4,14.03,90.7,9.923510789871216,199.95,3.78,18.29,88.1,9.950766563415527,307.09,5.81,15.0,150.2,9.959026336669922,3.78,0.0,7.66,182.7,9.90639615058899,252.6,7.12,15.14,114.3,9.93204116821289,343.92,10.88,6.84,145.4,9.911444187164308,149.15,5.93,8.68,140.9,9.953941822052002,154.34,2.45,13.78,162.5,9.993931293487549,252.07,3.11,11.52,70.6,9.903953552246094,163.13,0.88,11.39,79.7,9.991206645965576,113.03,11.75,11.57,101.2,9.96239447593689,273.52,7.42,13.25,149.5,9.998712062835692,301.64,0.0,11.3,133.9,10.051595211029053,287.67,0.71,11.44,53.9,10.075113773345947,246.45,12.55,14.33,98.9,10.12245750427246,120.06,6.39,16.56,155.6,10.123873233795166,153.63,0.0,12.81,126.4,10.148393630981444,91.32,8.5,14.82,157.6,10.146688222885132,101.87,5.94,10.88,165.0,10.18216633796692,306.74,0.04,13.79,85.8,10.14815616607666,30.67,11.99,15.79,123.5,10.167536735534668,160.93,0.0,10.33,78.1,10.157163619995115,201.88,3.64,14.36,134.1,10.162149667739868,163.74,0.0,14.39,76.4,10.15146827697754,109.51,0.0,13.33,100.7,10.164716482162476,123.05,6.95,15.7,139.4,10.170626163482666,92.81,9.67,14.18,154.7,10.184658288955688,183.34,0.0,13.45,141.8,10.209028244018556,325.99,5.34,17.78,161.8,10.241700887680054,,,,,,,,,,
146.6,10.18,0.02,0.4,9.297531843185425,161.19,1.92,2.24,17.9,9.60971736907959,161.02,0.0,7.15,87.2,9.616691827774048,146.95,4.17,15.95,80.9,9.776145696640016,128.58,0.0,11.48,170.0,9.942291975021362,234.49,0.01,8.01,152.9,9.910869598388672,295.22,5.83,7.76,62.3,9.948172569274902,172.97,5.24,15.6,110.9,9.978657484054564,272.72,0.0,4.28,116.2,9.987305164337158,328.36,1.54,14.16,138.3,9.93238925933838,206.63,3.59,14.85,157.2,9.961010694503784,291.45,2.07,14.6,62.2,9.93522882461548,94.31,0.0,11.36,95.0,9.978506088256836,91.14,11.18,9.67,144.5,10.018720626831056,187.12,9.05,10.4,84.5,9.927745819091797,93.25,0.0,13.44,84.8,10.017106533050535,31.29,2.13,10.83,137.3,9.986685037612917,190.2,0.0,5.35,64.9,10.024033069610596,212.26,12.64,18.95,135.0,10.080918073654177,196.7,0.08,15.74,111.8,10.103379726409912,148.45,1.96,16.46,151.7,10.146267652511597,13.54,5.43,18.46,123.6,10.150589227676392,43.77,2.73,11.65,157.3,10.176557064056396,338.99,0.0,12.96,112.9,10.175969123840332,338.29,0.0,9.5,147.4,10.20438289642334,184.57,0.24,15.64,163.7,10.177408933639526,258.22,0.0,16.47,93.7,10.194393396377563,28.83,0.0,14.17,158.5,10.18712854385376,61.08,6.98,17.8,150.4,10.189394235610962,22.06,0.0,18.15,154.7,10.179835081100464,314.21,2.42,17.58,176.0,10.193536520004272,323.61,0.0,9.06,119.4,10.194918155670166,293.29,0.0,9.09,114.0,10.21189785003662,14.77,3.0,17.38,163.6,10.233235120773315,151.08,4.76,17.09,172.7,10.2697274684906,,,,,,,,,,
146.6,6.7,0.02,0.2,9.322254180908203,161.19,0.0,1.96,22.4,9.633291244506836,161.02,3.24,8.81,87.7,9.641356706619264,140.27,0.0,5.94,97.5,9.800004482269289,116.54,11.6,11.14,132.0,9.970763444900513,217.44,11.95,13.94,87.1,9.934959888458252,273.87,0.0,13.41,52.4,9.977808952331545,144.84,0.0,6.89,54.2,10.003809452056885,239.15,2.94,10.75,147.6,10.012099742889404,287.67,6.5,6.93,102.0,9.96034812927246,160.93,0.0,7.78,121.1,9.986170291900637,241.52,0.2,8.93,151.3,9.964645862579346,40.08,0.0,13.5,65.6,10.001838684082031,29.44,2.68,9.54,138.4,10.04326844215393,121.9,0.0,8.34,84.7,9.954710006713867,24.35,5.88,17.38,160.3,10.046300172805786,314.12,0.17,13.32,143.5,10.016640901565552,114.52,0.76,13.51,180.1,10.048080444335938,121.46,2.09,11.02,85.7,10.104691982269289,103.1,11.36,15.31,91.9,10.132357835769652,47.46,0.0,10.65,118.9,10.174425601959229,271.93,0.0,7.96,176.7,10.1750066280365,297.07,5.76,10.7,155.8,10.198824167251589,223.42,3.18,15.71,179.6,10.19808578491211,221.84,3.35,16.92,134.1,10.23371410369873,59.5,10.24,18.16,133.6,10.204107761383057,133.51,0.26,16.15,177.0,10.22222638130188,257.26,8.96,15.95,147.0,10.20836091041565,283.97,0.0,10.06,118.4,10.215035676956177,238.8,10.81,15.24,132.7,10.20330023765564,162.33,7.84,14.81,135.0,10.220220804214478,171.04,3.44,14.81,162.6,10.223402261734009,137.11,1.04,15.93,158.3,10.239688634872437,211.46,6.07,16.32,150.1,10.25824213027954,335.74,0.0,12.29,165.4,10.297709941864014,,,,,,,,,,
146.51,2.27,0.02,0.1,9.346572160720823,161.19,2.57,2.25,22.6,9.657439708709717,160.93,9.32,8.83,87.9,9.66588830947876,133.59,1.85,4.19,33.5,9.828044891357422,103.89,0.0,14.08,93.5,9.995741128921509,200.48,2.07,6.56,141.5,9.960263013839722,251.81,0.33,15.48,101.1,9.9994797706604,118.48,1.5,7.32,117.0,10.026864528656006,205.05,7.22,11.65,135.1,10.03848934173584,248.73,0.0,7.99,139.5,9.985640525817873,117.07,9.87,9.64,148.4,10.014591693878174,191.34,12.69,10.0,193.0,9.990050077438354,346.64,12.37,9.49,180.5,10.029935359954834,331.35,0.0,10.04,72.9,10.068403005599976,58.45,0.0,6.86,108.8,9.979920387268066,312.8,3.4,8.66,97.5,10.06756591796875,235.28,11.1,11.01,106.3,10.045372247695925,29.88,11.89,13.06,90.0,10.075906038284302,34.37,0.0,8.52,174.1,10.130925416946411,7.82,3.79,17.54,138.6,10.156986713409424,310.96,11.9,18.15,127.4,10.200852394104004,170.95,3.54,12.59,140.7,10.202960014343262,186.42,0.0,10.62,147.3,10.227328062057495,109.07,6.22,14.27,128.0,10.229403734207152,101.25,4.99,13.45,167.9,10.256308317184448,291.18,0.0,16.45,72.2,10.227516174316406,0.44,10.83,12.69,184.1,10.24658465385437,121.11,0.04,14.67,98.7,10.237406969070436,144.14,5.2,13.82,146.4,10.242738008499146,87.28,2.0,15.13,90.9,10.231048583984377,7.47,2.2,14.78,114.0,10.246973276138306,12.04,7.78,15.52,174.6,10.248420476913452,332.75,8.87,14.42,158.7,10.2643301486969,43.33,0.0,13.31,122.3,10.286388158798218,160.66,3.26,16.22,173.8,10.322033882141112,,,,,,,,,,
146.6,0.0,0.02,0.0,9.368799448013306,161.19,7.82,2.26,22.6,9.681923151016235,161.02,2.4,8.81,82.5,9.690407752990724,126.91,11.67,9.83,111.9,9.852068901062012,92.11,0.0,11.04,147.3,10.020437240600586,184.13,0.0,15.24,83.0,9.988845586776732,228.87,9.01,6.52,148.9,10.027606964111328,90.7,10.05,11.4,114.8,10.054443359375,170.77,0.0,8.71,144.8,10.062346935272217,209.97,1.39,10.45,145.6,10.012523412704468,72.33,6.73,16.2,72.8,10.039834260940552,138.6,1.74,5.97,103.8,10.018232345581056,288.98,2.71,6.09,122.6,10.053573369979858,270.18,8.21,13.84,91.1,10.095833539962769,353.94,4.32,9.36,152.1,10.009230852127075,245.13,0.0,8.48,97.1,10.0954327583313,155.04,0.0,6.98,81.3,10.070007562637327,309.29,1.72,15.34,105.1,10.10030436515808,311.48,9.9,18.84,147.5,10.159491539001465,279.4,0.0,15.13,119.5,10.181933403015137,206.98,1.28,15.31,74.1,10.2263503074646,65.92,6.22,14.88,109.1,10.228651523590088,77.43,2.95,10.58,152.9,10.254775524139404,351.47,0.0,12.73,91.3,10.25311040878296,338.47,0.0,11.21,99.7,10.288108825683594,171.04,0.79,12.09,150.5,10.258253812789915,233.96,2.27,16.17,103.0,10.275997638702393,348.75,0.24,14.03,128.5,10.264739513397217,1.23,7.78,13.44,138.9,10.267101287841797,309.11,0.13,13.4,159.6,10.25966763496399,226.05,2.36,17.03,169.0,10.268313646316528,219.11,0.0,12.31,137.4,10.277300357818604,169.45,0.0,16.34,117.7,10.294261932373049,239.15,3.87,16.67,166.6,10.31034517288208,345.76,2.95,15.42,166.0,10.350019454956056,,,,,,,,,,
146.6,1.05,0.02,0.2,9.39252758026123,161.19,2.32,2.24,22.4,9.705925226211548,161.02,0.0,8.05,85.1,9.718572854995728,119.53,2.01,12.86,93.1,9.880048751831056,79.89,12.12,5.0,55.9,10.046112537384031,167.34,6.51,8.67,149.6,10.011975049972534,206.98,1.67,10.02,111.9,10.055581331253052,61.61,0.0,7.56,98.4,10.07870388031006,138.08,1.37,14.46,63.0,10.088789701461792,170.33,7.16,7.62,137.1,10.036237955093384,28.21,0.24,9.07,43.1,10.062742710113524,88.24,0.0,12.21,137.1,10.0427668094635,233.61,0.0,12.08,70.4,10.078293800354004,209.36,4.17,14.38,144.8,10.12389636039734,288.46,3.9,16.21,188.2,10.032736778259276,177.63,1.45,10.21,134.3,10.11966872215271,82.18,0.0,13.28,97.8,10.094654560089111,225.62,0.74,12.66,121.2,10.127912282943726,221.75,3.0,10.82,108.4,10.186541080474854,185.89,11.64,14.99,110.9,10.210927486419678,112.32,0.89,11.27,182.1,10.254311084747314,323.88,0.0,7.17,127.2,10.25682282447815,329.68,5.04,11.5,144.7,10.28356122970581,240.73,3.02,13.95,165.0,10.2808198928833,221.4,2.38,17.54,146.9,10.31344223022461,44.38,11.43,15.25,161.9,10.280200004577637,103.97,1.57,14.04,158.3,10.298741340637209,211.73,10.82,13.87,160.9,10.292771816253662,230.1,0.0,10.69,109.4,10.295216083526611,162.86,10.27,13.88,147.3,10.286751508712769,73.74,10.6,14.07,151.1,10.299973249435425,61.79,0.42,16.72,163.0,10.301541805267334,4.66,0.19,14.5,161.0,10.316022634506226,72.42,6.55,17.03,181.8,10.34003973007202,170.33,0.0,15.9,162.0,10.374018907546995,,,,,,,,,,
146.6,6.83,0.03,0.3,9.42054271697998,161.19,0.0,1.66,22.5,9.733898401260376,161.02,1.78,8.75,87.9,9.742568254470823,112.32,0.22,7.87,105.3,9.904968023300173,67.94,4.97,10.87,121.5,10.072929859161375,150.21,5.47,13.82,92.1,10.040530681610107,184.75,0.36,12.82,80.2,10.079879522323608,35.68,0.0,5.52,121.5,10.104234218597412,105.03,8.35,10.6,118.9,10.1182222366333,131.92,0.0,10.49,79.6,10.061517000198364,347.26,0.23,8.85,182.9,10.086643934249878,37.97,10.52,12.66,161.7,10.067588090896606,179.3,3.9,5.77,180.9,10.10895299911499,146.87,0.0,11.13,168.0,10.14827799797058,219.9,0.0,9.08,95.5,10.057143211364746,105.38,7.91,8.38,100.6,10.147709369659424,8.44,2.44,12.21,130.7,10.11917233467102,143.44,9.56,12.78,165.7,10.156276941299438,133.95,0.0,10.75,163.4,10.210712194442747,88.07,2.29,13.85,94.8,10.234797716140749,11.34,10.73,15.36,101.3,10.282421112060549,221.66,1.84,10.54,129.4,10.28157091140747,219.64,0.0,8.85,121.6,10.307414770126345,125.51,7.17,17.86,145.6,10.309746742248535,101.51,6.05,10.94,144.5,10.341200113296509,276.77,0.0,9.75,120.9,10.311774253845217,330.64,9.25,15.5,147.1,10.326630115509031,70.66,0.0,13.28,85.9,10.31795048713684,90.7,3.7,12.67,129.0,10.320610284805298,8.17,2.53,16.21,162.7,10.311312198638916,279.23,0.0,17.0,100.7,10.324260711669922,267.28,6.84,15.41,142.5,10.33033299446106,213.49,9.59,16.89,144.5,10.344303846359251,267.45,0.0,10.35,151.2,10.361970901489258,355.87,10.3,18.1,174.9,10.402065515518188,,,,,,,,,,
146.51,9.01,0.03,0.2,9.440544128417969,161.19,4.41,2.24,22.5,9.762014865875244,161.02,10.4,8.77,87.7,9.767449617385864,105.91,11.72,9.14,87.3,9.927913665771484,55.37,0.0,10.56,78.8,10.098002195358276,133.24,0.0,7.07,77.4,10.066348791122437,163.39,11.53,9.64,87.4,10.107791185379028,8.7,3.22,7.14,103.1,10.130483865737917,69.79,0.88,8.51,66.5,10.142276287078856,93.52,0.0,6.95,66.3,10.087789058685305,302.7,12.16,5.98,141.6,10.114461898803713,345.41,2.27,8.97,180.4,10.09525179862976,125.16,4.06,10.74,61.0,10.133390188217165,84.2,7.8,10.34,132.9,10.17666745185852,157.85,2.74,10.53,70.1,10.085467338562012,33.49,2.3,16.41,155.0,10.17166519165039,295.84,4.12,12.19,84.6,10.14368200302124,59.68,2.02,11.29,54.3,10.18344259262085,43.59,4.74,18.81,118.0,10.23407793045044,0.0,0.0,8.68,175.8,10.259663581848145,271.05,0.0,17.92,59.3,10.30641794204712,118.21,5.32,10.5,123.2,10.30896258354187,114.96,3.53,12.05,129.5,10.33627963066101,9.32,0.0,13.56,85.0,10.329977750778198,338.12,0.0,8.73,143.2,10.365150213241575,156.45,0.69,14.05,129.1,10.336950540542604,200.04,0.39,14.94,99.1,10.35087752342224,302.52,0.28,13.49,149.1,10.34673261642456,312.8,6.94,14.84,145.5,10.348580598831177,232.03,0.0,14.64,137.7,10.340310335159302,126.21,3.05,15.04,168.1,10.35295581817627,110.92,0.0,8.95,110.4,10.353225231170654,50.45,2.22,14.77,158.8,10.37158203125,100.28,3.07,15.84,189.3,10.389886140823364,173.58,2.06,17.52,107.0,10.434446811676024,,,,,,,,,,
146.6,2.6,0.02,0.2,9.46454119682312,161.19,8.96,2.25,22.6,9.7866370677948,161.02,0.0,8.78,52.5,9.79165816307068,98.53,5.32,9.95,77.2,9.954546213150024,43.59,0.65,10.05,160.4,10.122752666473389,117.33,3.09,8.4,150.4,10.088754653930664,141.24,2.37,14.37,117.7,10.132112741470335,342.86,8.34,13.02,146.7,10.15527868270874,38.67,0.0,9.87,196.6,10.168264865875244,57.13,4.07,10.02,127.0,10.111792802810667,256.46,2.95,13.78,95.0,10.141674757003784,295.31,0.0,8.49,60.3,10.12007761001587,68.99,0.0,5.66,66.4,10.158209562301636,22.06,5.86,6.21,92.7,10.200121879577637,92.72,10.54,10.11,65.1,10.10950517654419,322.73,0.03,7.81,109.5,10.19646954536438,220.43,0.0,8.34,66.1,10.167428016662598,341.37,0.3,13.72,185.0,10.208187818527222,317.11,2.76,11.43,103.2,10.262448787689207,274.75,3.14,14.4,154.0,10.289122819900513,175.52,0.19,9.46,156.7,10.334314107894896,10.9,0.0,7.37,115.7,10.333794832229614,3.52,8.02,13.06,102.7,10.359617233276367,266.66,0.24,10.52,181.4,10.35855793952942,221.92,3.12,12.84,154.6,10.393015384674072,29.36,11.2,13.65,121.1,10.36391544342041,74.18,0.0,12.78,129.7,10.379101753234863,167.08,9.65,13.21,161.3,10.373565673828123,171.91,0.0,7.97,138.4,10.371360778808594,85.87,11.16,15.82,170.4,10.36302614212036,332.49,6.61,14.2,153.3,10.37854027748108,316.05,0.54,14.83,166.9,10.381016254425049,252.6,0.39,17.53,160.7,10.39607834815979,289.25,4.61,14.47,166.9,10.420841455459597,357.98,1.56,17.65,173.8,10.458749294281006,,,,,,,,,,
146.6,0.0,0.03,0.4,9.48855209350586,161.19,2.62,2.24,16.0,9.81063175201416,160.93,0.0,8.35,87.3,9.816708087921144,92.11,0.0,6.38,49.6,9.975830793380736,31.2,9.36,7.29,111.1,10.146169662475586,100.37,10.61,15.03,81.7,10.117298364639282,118.3,0.18,9.49,61.7,10.158576965332031,313.95,0.0,11.74,69.5,10.183534622192385,5.98,3.05,13.47,181.2,10.191503047943115,17.75,6.14,7.04,111.5,10.13993239402771,212.17,0.0,7.3,60.0,10.164236307144163,247.06,5.75,15.07,131.5,10.14881157875061,17.49,0.0,11.15,145.6,10.181644201278688,326.43,0.0,16.99,71.9,10.2276132106781,25.66,1.86,7.24,94.2,10.133507013320925,251.72,11.12,16.51,106.5,10.226651668548584,148.54,1.25,8.98,85.2,10.196723222732544,257.61,10.66,8.9,81.7,10.23730969429016,227.29,0.0,17.03,159.7,10.294326782226562,181.32,6.0,16.7,164.8,10.310724020004272,79.89,12.56,15.23,131.1,10.360166788101196,274.31,2.9,14.95,110.2,10.362483263015749,261.91,0.0,8.47,88.8,10.385747909545898,151.96,9.7,13.64,157.1,10.387319087982178,101.25,5.57,18.0,146.4,10.42339825630188,261.83,0.0,16.16,84.8,10.388156175613403,306.21,10.3,13.0,118.4,10.410135507583618,30.15,2.25,12.04,125.3,10.398017644882202,35.42,1.08,14.37,140.9,10.399481534957886,297.07,1.62,14.01,121.3,10.394803285598757,178.77,0.0,10.49,128.0,10.405884265899658,158.64,8.03,16.16,156.2,10.405381202697754,90.0,11.12,16.67,175.3,10.424346685409546,122.08,0.0,11.88,147.1,10.4459969997406,183.34,8.9,15.51,188.4,10.486278533935549,,,,,,,,,,
146.6,0.11,0.02,0.2,9.512749910354614,161.19,0.0,1.82,22.4,9.83425998687744,161.02,2.77,8.76,88.1,9.839986085891724,85.78,0.0,9.2,112.0,10.00428342819214,19.25,2.91,9.85,73.7,10.17183518409729,82.27,0.99,12.81,114.7,10.144302606582642,97.73,2.99,8.33,129.6,10.186977624893188,286.26,0.44,12.46,74.5,10.208661079406738,333.98,7.73,10.13,158.5,10.220100402832031,340.4,0.0,9.15,127.6,10.165292739868164,169.98,3.84,7.39,158.4,10.19133973121643,195.38,3.22,8.88,144.6,10.172728061676024,321.5,10.84,7.95,102.4,10.21079969406128,265.17,0.27,12.54,138.1,10.252012491226196,324.58,0.0,5.77,85.9,10.156908988952637,176.22,0.0,15.21,108.8,10.255428791046144,75.76,9.03,9.17,91.9,10.216485500335692,177.71,2.41,14.62,154.4,10.262073755264282,139.57,12.69,12.19,83.8,10.319427967071531,86.22,0.0,7.42,119.7,10.33822774887085,338.91,1.88,18.0,121.9,10.386963367462158,169.01,8.17,14.75,172.6,10.385443210601808,160.31,0.5,14.82,132.8,10.41305685043335,35.51,2.34,10.77,96.4,10.410054683685305,339.17,0.0,8.67,146.9,10.448345422744753,141.33,1.3,13.75,151.3,10.417476892471312,170.6,0.0,15.85,109.6,10.436071634292604,257.52,1.06,16.58,126.8,10.427350759506226,259.1,8.78,13.59,153.5,10.42688775062561,149.59,0.34,14.77,146.2,10.423044919967651,25.49,3.16,13.57,150.0,10.431994915008543,0.0,1.68,16.96,162.7,10.433456182479858,284.5,1.15,16.34,121.9,10.45355224609375,310.96,5.42,15.85,159.0,10.47403120994568,7.91,2.64,18.06,161.4,10.51038908958435,,,,,,,,,,
146.6,7.92,0.02,0.3,9.536750078201294,161.19,3.7,2.23,22.6,9.858325004577637,161.02,8.49,8.77,88.0,9.865134716033936,78.84,2.54,11.86,175.6,10.031819343566896,8.26,0.0,6.89,108.5,10.194341897964478,64.25,0.12,12.49,110.5,10.168809175491331,76.03,7.47,10.26,174.6,10.20931911468506,258.31,9.48,16.62,104.3,10.23670220375061,299.36,0.0,5.14,139.2,10.244037389755247,301.46,1.22,10.57,102.2,10.188108682632446,126.3,6.24,6.37,125.2,10.220136404037476,146.6,0.0,5.49,74.7,10.197025060653688,264.38,1.8,15.97,83.8,10.234952688217165,202.32,8.39,17.08,141.2,10.280784368515016,260.68,3.01,6.52,144.6,10.18372106552124,102.92,2.83,11.3,116.5,10.27968406677246,4.83,8.19,9.04,110.6,10.241011142730711,94.92,0.0,8.22,74.6,10.28617262840271,49.31,3.48,10.75,133.7,10.346290588378906,358.42,2.96,13.74,178.6,10.36666750907898,239.33,1.51,14.21,146.8,10.415217161178589,64.25,0.0,6.9,123.2,10.412433385849,50.8,10.82,16.84,144.4,10.437129020690918,287.84,0.0,12.59,136.0,10.43759036064148,221.57,3.13,13.95,136.6,10.474315404891968,13.8,9.78,17.53,116.4,10.440868616104126,38.94,0.57,15.94,146.0,10.46246600151062,121.46,9.51,14.52,136.2,10.450256109237673,119.09,0.0,12.1,118.5,10.45510220527649,1.67,11.55,13.84,132.7,10.44745922088623,237.39,7.61,14.9,144.5,10.456681966781616,213.05,0.33,16.99,146.8,10.461401462554932,121.73,1.82,15.03,166.5,10.47602653503418,142.82,2.99,16.83,174.3,10.500093221664429,206.46,0.0,16.56,180.3,10.538538217544556,,,,,,,,,,
146.6,8.72,0.03,0.3,9.560752153396606,161.19,9.86,2.26,22.5,9.882421016693115,161.02,1.88,8.79,68.7,9.89528203010559,71.81,6.27,14.54,78.0,10.055930852890016,357.01,2.76,10.31,113.6,10.223312377929688,46.58,9.64,8.34,123.6,10.192781448364258,53.53,0.0,8.6,101.9,10.233299016952516,229.13,0.0,14.23,40.2,10.26092290878296,266.22,2.08,18.26,71.0,10.26842164993286,260.68,7.03,5.83,146.1,10.21735978126526,81.12,0.14,15.67,61.0,10.24099063873291,98.79,0.35,17.95,132.5,10.2255380153656,208.83,0.0,7.78,185.9,10.26257586479187,139.92,0.0,10.07,98.7,10.304355382919312,195.38,5.96,13.42,142.0,10.213505506515505,29.53,10.94,9.44,68.2,10.307197093963625,295.4,0.86,9.11,53.6,10.266642570495604,19.86,3.98,13.95,186.3,10.310457706451416,323.53,0.0,15.48,182.8,10.370194673538208,262.71,6.53,15.25,159.9,10.39475965499878,140.27,9.33,10.89,175.2,10.441979885101318,325.46,0.42,11.68,180.6,10.4413743019104,298.83,0.29,14.6,105.1,10.466631174087524,172.79,10.87,17.97,125.6,10.466588735580444,102.13,5.32,16.98,124.1,10.49834132194519,252.51,1.45,18.7,81.6,10.468193292617798,271.67,10.41,17.8,144.9,10.487459182739258,344.36,0.0,12.41,125.9,10.478607892990112,336.36,3.05,15.36,161.1,10.479432821273804,219.46,0.58,16.47,93.0,10.471656560897827,85.78,0.0,11.25,117.7,10.487380743026732,55.11,10.63,14.89,154.1,10.489989042282104,316.93,9.31,17.39,158.9,10.50422430038452,332.84,0.0,15.15,180.1,10.525977373123167,31.38,11.62,17.05,192.8,10.562522649765016,,,,,,,,,,
146.6,3.33,0.02,0.1,9.58074688911438,161.19,2.87,2.26,22.1,9.910405158996582,161.02,0.0,7.79,87.6,9.916959762573242,64.95,0.0,8.13,55.6,10.079432249069214,344.97,8.02,5.0,75.6,10.247027158737184,29.71,5.82,13.5,81.5,10.21768069267273,31.82,0.0,6.92,140.9,10.25774073600769,201.45,0.2,16.42,100.3,10.288848876953123,233.35,8.96,9.8,127.6,10.299011945724487,222.28,0.0,13.11,134.9,10.243888854980469,37.97,0.24,10.72,145.8,10.268980979919434,48.34,10.34,9.04,170.1,10.24914026260376,154.78,10.38,19.57,95.4,10.28825855255127,79.19,0.0,6.92,143.9,10.332875728607178,127.71,0.0,14.74,108.1,10.242278575897217,321.15,1.97,19.27,141.1,10.331475973129272,222.54,0.0,12.14,112.0,10.294369459152222,298.74,5.78,8.69,81.2,10.338174819946287,233.35,11.3,11.99,94.6,10.401030540466309,169.01,0.0,10.06,97.0,10.419145345687866,40.43,0.0,15.68,78.8,10.4671893119812,220.43,9.6,16.12,135.6,10.469800233840942,188.96,2.11,15.03,171.7,10.496611595153809,53.09,2.12,13.43,89.3,10.489323854446411,338.64,0.0,9.66,127.0,10.522818565368652,131.4,0.04,11.47,167.0,10.496739387512209,136.93,0.0,9.42,95.9,10.517078399658203,206.72,2.04,17.89,127.0,10.506642580032349,194.77,6.04,14.91,139.8,10.50897741317749,78.93,0.0,12.77,148.2,10.49968671798706,295.93,3.33,14.84,138.7,10.5122332572937,255.5,0.82,15.64,103.3,10.513540506362917,153.9,0.0,10.25,108.9,10.528194904327393,164.09,11.8,16.43,165.5,10.554222106933594,216.04,1.74,16.63,147.2,10.59452199935913,,,,,,,,,,
146.6,0.0,0.0,0.1,9.608811140060425,161.19,0.0,1.88,22.4,9.934847354888916,160.93,3.69,8.77,87.8,9.944222450256348,58.27,0.0,4.48,34.9,10.099581241607666,333.63,2.39,10.14,44.8,10.273425102233888,13.62,0.0,3.57,42.0,10.24071168899536,10.72,3.56,11.57,84.4,10.285399436950684,173.23,10.46,12.98,152.4,10.314233303070068,200.92,1.69,15.28,79.1,10.323703050613403,182.11,0.74,13.58,93.6,10.2718346118927,353.14,10.86,15.53,84.9,10.297595977783203,357.54,0.1,12.67,33.4,10.275522470474243,97.29,3.1,13.52,164.6,10.317655563354492,19.78,11.36,18.51,87.1,10.357929468154907,59.33,2.34,13.65,67.7,10.266852378845217,246.8,0.39,9.65,121.9,10.357117176055908,144.67,10.91,11.9,100.3,10.32305097579956,221.22,0.0,15.1,133.4,10.36377215385437,145.02,2.13,11.19,120.6,10.422255754470823,78.49,0.4,12.06,141.4,10.44358491897583,306.74,0.09,10.67,119.0,10.495070219039915,115.84,0.0,13.04,96.0,10.493621349334717,79.72,8.58,16.4,139.5,10.517926931381226,304.98,0.21,16.53,155.1,10.517481565475464,222.1,3.27,12.43,111.9,10.555063247680664,4.31,10.37,15.73,135.4,10.520774841308594,14.15,0.0,15.97,137.3,10.541696548461914,71.37,8.35,14.92,145.0,10.53479027748108,54.23,0.0,11.99,129.5,10.53355836868286,295.14,12.7,16.7,145.2,10.523879051208496,144.76,7.03,15.89,145.9,10.540045022964478,98.09,0.51,15.3,148.6,10.54270887374878,349.54,1.61,16.41,170.1,10.556713819503784,348.31,2.02,18.24,103.8,10.579699754714966,41.4,0.0,16.58,161.5,10.614668130874634,,,,,,,,,,
146.6,0.08,0.02,0.2,9.632809162139893,161.19,1.48,2.25,22.3,9.958897113800049,161.02,8.01,8.81,87.7,9.96845245361328,51.68,1.8,9.02,93.2,10.12452507019043,321.33,0.0,13.47,83.7,10.296242713928224,357.8,0.27,7.57,112.1,10.268871784210203,349.37,4.26,10.65,123.0,10.31362533569336,143.53,0.0,7.39,52.7,10.34376859664917,168.22,1.3,12.42,115.2,10.351564884185793,143.88,8.18,6.64,146.9,10.296478509902954,306.04,1.89,8.79,101.9,10.321243524551392,307.79,0.2,7.04,199.4,10.304372310638428,41.57,0.0,11.77,61.7,10.340160846710203,318.87,2.84,18.81,95.1,10.381206035614014,354.81,8.54,14.3,91.4,10.290964841842651,177.1,12.24,14.05,113.0,10.38642430305481,63.37,2.02,10.58,134.0,10.346848249435425,139.22,2.24,11.16,78.9,10.392972230911257,55.9,0.0,13.91,139.2,10.451035499572754,345.67,8.28,17.04,119.2,10.472658634185793,207.16,10.61,14.78,136.4,10.523239135742188,13.8,0.36,15.73,154.1,10.517670392990112,332.58,0.0,13.52,62.8,10.54546594619751,189.76,10.14,12.41,151.9,10.546748161315918,101.6,4.56,11.89,146.0,10.582812786102297,242.05,1.98,14.47,127.2,10.54887628555298,247.24,11.08,14.14,137.9,10.570737600326538,298.56,0.0,12.17,77.5,10.559003353118896,276.94,1.0,14.32,137.0,10.559895038604736,143.44,2.01,17.46,105.6,10.552427768707275,349.37,0.0,12.27,139.7,10.565993070602415,304.98,8.56,15.19,179.5,10.565521478652954,185.71,6.52,15.38,164.2,10.588588953018188,179.21,1.7,16.27,153.3,10.610151767730711,232.38,11.36,16.94,162.7,10.647151947021484,,,,,,,,,,
146.6,2.73,0.02,0.4,9.656814336776732,161.19,10.44,2.26,22.7,9.987089395523071,161.02,1.97,8.77,87.6,9.993016481399536,45.18,12.66,7.31,64.5,10.14806056022644,309.29,12.57,12.77,79.1,10.324512004852297,340.66,12.77,17.55,76.6,10.292945623397827,325.81,0.0,6.43,128.8,10.337889909744264,116.81,0.35,6.32,142.0,10.365288257598875,134.47,10.12,7.63,111.8,10.375707864761353,105.38,0.92,14.52,73.1,10.32154941558838,261.65,0.0,16.05,156.7,10.351051092147827,257.78,10.88,6.79,150.2,10.329326629638672,347.96,2.97,10.74,114.8,10.367374897003174,257.87,0.0,10.87,114.8,10.40972375869751,289.16,0.0,5.61,53.8,10.316048383712769,101.51,0.91,16.25,119.5,10.415293216705322,346.03,0.24,13.86,144.9,10.37675428390503,58.62,10.39,16.22,135.8,10.41370177268982,328.71,10.97,9.83,109.4,10.477964162826538,250.93,0.0,9.57,77.9,10.496340036392212,104.85,0.0,16.71,74.6,10.547030210494995,271.76,10.71,14.48,96.5,10.545511484146118,226.05,0.18,13.29,135.0,10.57284688949585,70.49,1.71,15.28,89.3,10.57062315940857,339.26,0.0,15.07,134.6,10.60679316520691,117.16,0.34,14.36,162.2,10.578152656555176,112.24,1.11,14.8,95.4,10.594532251358032,167.52,0.43,12.51,176.3,10.587328672409058,137.55,7.56,16.99,136.5,10.589588165283203,354.81,2.66,13.08,136.0,10.580399990081789,196.44,4.2,13.78,150.7,10.593798875808716,146.07,0.0,18.04,120.4,10.593542098999023,22.59,0.0,16.2,119.7,10.61362075805664,10.2,10.64,16.31,155.1,10.639248847961426,50.98,1.12,18.08,127.0,10.67115068435669,,,,,,,,,,
146.6,9.12,0.02,0.3,9.680808544158936,161.19,0.18,2.25,13.5,10.011514663696287,161.02,0.0,7.39,87.7,10.017580032348633,38.06,4.54,4.0,97.3,10.175992250442505,296.28,2.65,12.44,104.9,10.355985403060911,322.73,1.7,17.58,92.7,10.324667692184448,303.66,3.62,10.99,93.9,10.362868070602415,88.68,9.36,13.29,155.4,10.390129327774048,99.93,2.44,12.61,87.3,10.399687051773071,65.57,0.0,7.63,133.0,10.348103761672974,215.33,10.8,12.35,90.7,10.374454975128174,205.75,2.09,5.74,114.9,10.355501890182495,290.04,5.17,9.01,162.7,10.395871877670288,195.12,9.73,12.78,131.4,10.436566591262816,225.79,0.0,8.13,99.5,10.340296506881714,26.1,0.45,7.28,80.7,10.439750909805298,266.92,10.35,11.72,116.4,10.406035900115969,334.34,0.0,8.75,61.8,10.442045450210571,239.5,2.02,12.31,182.6,10.505823612213137,164.53,0.12,17.94,126.0,10.526736736297607,7.73,0.0,12.79,89.8,10.571954250335692,167.87,1.83,10.21,83.8,10.57221245765686,117.42,10.0,16.81,107.2,10.601702213287354,321.68,0.0,11.52,124.2,10.598950624465942,217.0,6.98,11.44,149.0,10.635541200637816,349.28,10.5,15.85,116.4,10.600720882415771,344.79,1.65,13.11,141.8,10.622238397598268,30.41,11.67,16.72,155.6,10.611416578292848,354.2,0.0,9.86,118.6,10.615234375,206.89,8.4,17.85,147.0,10.604335308074951,43.68,6.49,14.48,146.8,10.618926286697388,347.34,0.7,14.45,160.0,10.621440887451172,224.03,3.22,16.05,173.6,10.638143062591553,201.09,0.0,16.21,97.3,10.663390636444092,242.4,0.54,17.71,175.7,10.698758840560911,,,,,,,,,,
146.6,3.39,0.01,0.2,9.704894304275513,161.19,0.0,2.12,22.5,10.03507375717163,161.02,4.06,8.77,87.8,10.041469812393188,31.73,0.0,9.76,78.6,10.200100898742676,283.36,0.0,7.7,64.3,10.38029670715332,305.24,0.02,11.83,79.5,10.348416090011597,282.13,5.86,12.0,77.5,10.3920316696167,60.38,4.57,18.62,82.0,10.415255308151243,67.41,0.0,15.53,141.4,10.429268836975098,27.69,5.66,6.78,100.8,10.372188806533812,169.72,1.21,17.16,57.7,10.402173280715942,156.8,0.0,9.45,180.2,10.382704019546509,234.76,0.0,12.24,51.5,10.420027017593384,132.98,2.78,17.76,135.7,10.462095260620115,163.21,5.71,9.05,110.6,10.369062900543211,320.98,12.08,15.96,182.6,10.467678785324097,185.54,0.0,10.23,107.7,10.428423643112184,256.64,0.08,13.55,175.6,10.47008991241455,150.82,0.25,12.85,97.1,10.530912160873411,69.96,11.63,12.08,135.5,10.551206827163696,279.14,9.08,12.75,149.7,10.596287488937378,66.62,0.0,9.41,183.1,10.595513582229614,1.67,1.77,13.02,137.9,10.627466440200806,206.54,9.36,15.26,182.4,10.625910520553589,97.56,5.2,13.23,132.4,10.6605122089386,217.97,0.0,6.77,123.6,10.62893772125244,212.78,9.24,14.2,180.4,10.646705865859984,253.39,0.0,10.41,86.1,10.639872789382936,218.14,2.33,15.52,148.0,10.643102645874023,59.85,1.79,13.56,87.7,10.629860401153564,255.23,0.0,10.58,162.6,10.647740602493286,188.53,6.3,14.59,139.7,10.649978637695312,61.88,7.98,17.99,156.3,10.664663553237917,39.38,0.0,16.02,174.9,10.687336683273315,67.68,10.58,15.89,189.7,10.726936101913452,,,,,,,,,,
146.6,0.0,0.05,0.3,9.728897094726562,161.19,3.84,2.24,22.6,10.059080839157104,161.02,8.96,8.8,87.8,10.066104888916016,24.96,0.0,10.86,142.5,10.225075721740724,271.85,3.42,9.63,131.4,10.404115200042725,287.49,9.33,14.24,132.9,10.377362728118896,259.45,0.0,7.23,53.0,10.412843465805054,33.05,0.0,10.2,95.9,10.438599586486816,33.84,7.4,9.48,100.1,10.451881408691406,350.24,5.04,11.21,203.0,10.396440267562866,125.68,0.14,19.8,119.6,10.426581859588625,107.31,7.74,13.02,67.7,10.40693998336792,179.91,2.52,10.24,181.9,10.44886589050293,69.61,0.0,7.91,149.9,10.487498998641968,98.0,5.71,6.85,113.5,10.393646001815796,244.6,2.06,13.3,89.0,10.492260217666626,107.93,2.86,14.08,174.3,10.457382440567017,174.29,10.18,11.16,105.5,10.498973369598389,64.95,12.25,11.61,114.9,10.56009030342102,333.54,0.0,10.94,52.7,10.579935789108276,180.0,2.95,10.84,184.1,10.624478578567505,328.01,9.24,13.86,159.6,10.623905897140505,259.63,0.38,16.65,138.2,10.649519443511965,91.67,2.22,15.7,121.5,10.6476891040802,338.73,0.0,14.06,120.8,10.688342332839966,97.29,0.42,11.36,156.0,10.652841806411743,83.23,2.06,11.85,105.9,10.677573204040527,122.52,2.14,14.66,124.5,10.663589239120483,77.96,8.34,13.75,147.0,10.668620824813845,282.83,0.0,17.24,140.9,10.660567045211792,102.74,2.37,13.84,136.1,10.67687487602234,30.67,0.0,13.02,96.6,10.673346042633057,262.53,0.0,12.44,123.1,10.694434404373167,235.11,9.65,17.09,193.0,10.715483903884888,251.72,0.0,16.05,125.0,10.750932216644289,,,,,,,,,,
146.6,0.0,0.02,0.1,9.748895168304443,161.19,9.41,2.26,22.7,10.083200693130491,161.02,2.37,8.8,57.4,10.090495109558104,17.49,5.89,9.96,89.1,10.249122858047484,260.16,4.76,7.31,72.7,10.42920184135437,269.38,3.26,8.36,128.2,10.402629613876345,238.01,0.77,13.2,109.5,10.441500186920166,5.98,0.28,18.11,119.1,10.470468282699583,1.41,9.03,19.48,112.6,10.479736328125,309.73,0.0,7.75,85.8,10.423990249633787,79.37,11.64,16.09,110.9,10.45420241355896,57.13,4.43,13.82,73.7,10.430649757385254,123.66,6.52,9.66,156.8,10.471920728683472,10.37,3.46,12.02,100.6,10.516444444656372,33.75,0.0,9.68,78.3,10.416140079498293,174.55,0.0,10.34,94.6,10.51616883277893,27.69,7.81,14.67,151.4,10.480665683746338,88.33,0.22,16.17,85.0,10.523926496505736,334.34,1.76,18.13,129.6,10.589570999145508,242.4,0.26,17.92,107.6,10.604512453079224,80.68,0.0,12.66,107.3,10.650958776474,222.71,2.88,12.68,129.4,10.652785778045654,150.73,9.24,13.09,140.7,10.677639722824097,338.99,0.07,11.92,171.9,10.676546335220335,217.53,7.47,12.59,168.0,10.714783906936646,334.78,9.86,15.28,139.0,10.684704542160034,314.91,0.09,15.41,141.9,10.698815822601318,344.88,8.86,15.21,164.7,10.692500352859495,301.2,0.0,12.25,108.2,10.69497036933899,135.79,9.54,13.39,139.4,10.689326286315918,308.06,4.2,16.55,145.0,10.698014736175535,243.46,0.34,14.84,166.2,10.701609134674072,100.9,2.34,15.34,175.0,10.716874837875366,67.85,2.1,15.12,154.5,10.740692615509031,77.52,0.98,17.62,162.4,10.782908916473389,,,,,,,,,,
146.6,3.14,0.02,0.3,9.776897430419922,161.19,1.96,2.23,19.1,10.111200332641602,161.02,0.0,7.8,86.7,10.115957498550417,11.25,9.01,15.38,89.4,10.274412631988524,249.43,0.0,8.2,92.0,10.452633142471312,252.86,0.0,10.7,82.4,10.427352666854858,215.24,10.9,14.89,63.1,10.47000217437744,339.08,11.1,10.78,162.3,10.495566606521606,329.5,0.0,15.37,128.0,10.50821590423584,272.2,1.78,18.59,116.2,10.451854705810549,32.17,2.25,9.73,202.3,10.481504201889038,8.61,0.19,8.97,100.5,10.45633101463318,67.24,0.0,8.56,136.4,10.498661041259766,309.55,5.82,17.07,95.8,10.54270362854004,333.02,0.0,8.51,154.9,10.442898750305176,105.03,12.29,15.65,186.9,10.54641819000244,311.4,0.0,11.7,146.0,10.509188652038574,9.58,0.0,11.31,125.0,10.54726505279541,245.13,1.73,13.74,107.9,10.6102192401886,149.33,10.64,17.26,87.4,10.63293433189392,343.04,11.68,13.09,170.2,10.676410913467407,118.83,0.0,14.38,100.6,10.6761953830719,39.9,2.14,10.29,92.2,10.70558261871338,222.71,10.44,12.42,121.6,10.70845103263855,97.21,4.8,12.42,110.4,10.743164539337158,207.86,0.66,16.5,82.4,10.70957899093628,183.87,8.49,14.49,153.3,10.730759620666504,208.13,0.0,14.71,118.0,10.717795133590698,159.87,3.05,15.34,164.8,10.719466924667358,347.08,1.3,16.16,101.0,10.71131992340088,155.13,0.0,13.33,127.8,10.72780156135559,86.04,9.23,16.46,177.4,10.724977254867554,295.05,5.82,15.42,163.2,10.7454731464386,263.58,0.08,15.16,164.7,10.769699335098268,268.33,8.0,16.9,173.3,10.807222843170166,,,,,,,,,,
146.6,11.64,0.05,0.3,9.80094838142395,161.19,0.0,1.94,22.3,10.13557267189026,161.02,2.79,8.79,87.7,10.138834953308104,4.31,2.42,9.52,99.9,10.297544479370115,238.62,0.24,12.04,99.6,10.482909679412842,235.55,7.96,10.38,156.5,10.453148126602173,193.01,0.0,8.12,109.5,10.4941987991333,309.02,0.0,8.59,67.1,10.523972511291504,294.61,3.1,9.05,143.9,10.531784057617188,231.68,6.32,7.75,170.9,10.4770405292511,349.01,0.0,5.44,148.1,10.506818056106567,322.38,0.15,9.0,65.8,10.48019313812256,13.18,0.17,17.45,96.4,10.523170232772827,248.82,0.0,11.87,70.4,10.56672978401184,266.57,10.67,11.42,162.2,10.46920108795166,27.25,2.32,10.23,113.7,10.57238245010376,232.29,2.86,18.55,155.8,10.536619186401367,292.32,9.39,15.23,163.2,10.573142290115356,156.88,9.33,8.5,133.2,10.642643928527832,54.76,2.45,16.1,81.4,10.655339241027832,239.06,1.96,16.1,158.6,10.70830535888672,11.95,12.07,15.98,97.4,10.702338218688965,297.42,0.02,11.22,129.3,10.73401427268982,104.33,0.0,13.95,83.6,10.732306718826294,339.08,0.0,14.04,148.9,10.76769518852234,87.89,0.1,15.17,153.6,10.734011888504028,53.09,1.75,13.78,142.9,10.751450061798096,71.54,0.76,14.85,147.8,10.747252702713013,18.19,7.68,13.34,152.7,10.750269412994385,199.6,0.47,17.05,161.9,10.742857694625854,0.35,3.14,14.34,140.9,10.75489854812622,292.06,0.64,17.44,100.9,10.753304243087769,132.63,0.0,12.15,119.2,10.770386695861816,96.24,12.09,16.89,154.4,10.79574704170227,93.96,1.72,18.03,123.5,10.835312604904177,,,,,,,,,,
146.51,2.89,0.02,0.2,9.824946641921995,161.19,2.03,2.24,22.7,10.16012692451477,161.02,8.86,8.79,88.1,10.167688369750977,357.89,0.0,7.56,65.5,10.321849346160889,227.11,11.22,7.99,92.7,10.506428480148315,217.53,4.11,10.26,130.9,10.480630159378052,171.04,0.65,9.28,170.2,10.522838354110718,282.22,1.55,6.5,164.6,10.548696756362917,261.21,8.9,16.82,104.4,10.559868812561035,193.01,0.0,6.57,73.6,10.49966835975647,303.84,6.89,11.68,141.8,10.534357070922852,274.48,12.4,8.35,134.2,10.509662628173828,319.75,11.04,5.81,164.6,10.550364255905151,188.0,1.95,12.42,173.9,10.596006393432615,196.17,1.74,9.57,70.6,10.494443655014038,315.7,0.0,10.69,90.0,10.59831166267395,154.95,5.48,15.15,177.3,10.565629720687866,208.74,2.48,10.34,90.8,10.599513053894045,71.63,2.08,9.59,150.2,10.666781187057495,325.55,0.0,16.36,155.6,10.679193019866943,140.89,0.18,11.49,179.2,10.732091426849363,270.18,2.56,10.21,173.5,10.732245922088625,187.56,10.44,11.95,160.4,10.762283325195312,351.74,3.49,12.4,152.0,10.760109186172484,217.35,9.35,18.33,146.4,10.796348571777344,325.11,10.41,13.58,180.7,10.761601209640505,285.64,0.23,12.0,135.8,10.783888339996338,299.09,8.65,13.48,139.7,10.772140502929688,241.52,0.0,10.84,118.4,10.775325298309326,53.35,10.7,14.85,161.8,10.767312288284302,218.94,6.9,16.56,152.1,10.779189586639404,134.65,1.91,13.79,156.0,10.780484914779665,327.66,4.75,16.5,150.0,10.79871392250061,285.56,0.0,16.26,104.1,10.823044061660768,284.06,0.4,15.42,179.1,10.859312295913696,,,,,,,,,,
146.6,0.0,0.01,0.6,9.848947763442991,161.19,8.34,2.25,22.7,10.184790134429932,161.02,2.84,8.78,85.8,10.194247245788574,351.39,1.15,8.1,93.8,10.345710039138794,215.42,2.77,15.07,94.4,10.531680583953856,199.86,0.0,11.96,99.3,10.508941888809204,148.97,12.36,8.37,89.9,10.547308921813965,254.53,11.92,11.11,153.1,10.577573537826538,226.41,0.0,12.73,123.7,10.583191394805908,156.45,0.16,6.56,58.1,10.52804183959961,257.7,3.31,7.62,60.1,10.558277130126951,222.71,2.4,9.0,153.3,10.533584594726562,262.44,2.46,14.82,110.1,10.572526216506958,126.04,7.15,13.47,119.2,10.618988990783691,133.95,0.0,8.56,92.3,10.517406702041626,244.95,8.97,16.68,182.3,10.626727104187012,75.41,0.0,8.48,134.2,10.58972716331482,129.55,0.0,12.72,183.7,10.623894691467283,347.7,0.0,14.85,154.0,10.690359115600586,231.33,10.86,16.41,143.5,10.70978617668152,40.61,12.25,18.04,95.7,10.761502981185911,166.29,0.0,17.38,122.1,10.757739067077637,73.3,2.01,12.0,99.9,10.786558628082275,235.72,7.83,15.31,104.7,10.785980939865112,96.94,4.12,16.41,113.3,10.820948362350464,194.06,0.0,18.55,89.7,10.789734840393066,154.78,9.9,14.67,131.6,10.808510303497314,162.6,0.0,15.53,109.9,10.8007230758667,102.04,2.46,14.18,140.6,10.803011417388916,263.5,0.0,10.87,126.9,10.79484224319458,67.24,0.0,10.21,99.8,10.807402610778809,333.9,8.68,15.34,140.6,10.809070348739624,164.44,5.54,15.79,170.8,10.827587842941284,118.74,0.79,16.13,170.0,10.851652145385742,110.39,7.92,16.8,146.7,10.887264490127563,,,,,,,,,,
146.6,0.0,0.02,0.2,9.872989416122437,161.19,2.35,2.24,22.5,10.20882511138916,161.02,0.0,7.75,86.5,10.21578812599182,344.53,10.1,9.85,129.5,10.375078678131104,203.55,0.0,9.85,112.0,10.560303688049316,182.72,9.01,8.76,160.4,10.532671451568604,127.53,2.72,8.75,121.9,10.575919151306152,223.86,0.35,16.81,64.8,10.60185170173645,192.3,2.18,12.88,173.8,10.611555814743042,119.79,6.33,7.94,75.5,10.552122354507446,214.8,0.0,4.67,125.7,10.58224630355835,173.58,0.0,7.03,165.3,10.562762975692747,204.87,0.31,13.34,87.6,10.60491156578064,62.58,0.0,8.07,123.3,10.64784812927246,70.49,0.94,16.69,70.5,10.545411109924316,172.35,2.16,7.65,85.9,10.64965534210205,2.2,0.0,15.22,142.5,10.614119291305542,45.35,4.83,10.61,82.9,10.654422760009766,257.96,11.77,10.97,83.1,10.720248460769652,134.38,0.0,13.03,79.7,10.739420175552368,304.1,1.72,13.73,147.6,10.78416872024536,61.08,10.33,16.99,132.1,10.78267502784729,330.82,0.0,13.44,151.9,10.810033082962036,121.46,0.0,9.57,105.6,10.81290316581726,338.64,0.0,10.48,129.0,10.849172592163086,73.3,0.63,15.99,142.2,10.816478252410889,23.55,1.66,13.82,97.4,10.832669973373411,26.19,0.61,17.41,149.6,10.824542045593262,319.04,5.58,17.78,150.5,10.8268563747406,117.51,3.97,13.93,149.8,10.823083877563477,283.62,3.34,14.62,160.5,10.830883264541626,176.31,0.0,14.54,114.9,10.83838963508606,0.0,0.0,9.56,139.2,10.848088502883911,307.27,8.16,17.25,174.1,10.876007318496704,293.64,0.0,13.58,118.9,10.91229510307312,,,,,,,,,,
146.6,5.71,0.02,0.3,9.897162675857544,161.19,0.0,1.75,22.5,10.236392736434937,161.02,3.45,8.77,87.9,10.243149518966677,337.24,0.0,15.27,44.2,10.397828340530396,191.6,3.76,7.87,141.4,10.584639310836792,165.94,5.05,9.82,69.2,10.557934045791626,105.38,0.0,15.59,96.4,10.599431991577148,196.52,1.36,13.88,61.9,10.62612009048462,157.76,6.76,5.36,133.7,10.63831090927124,81.83,6.8,10.01,90.5,10.576349020004272,171.04,3.18,7.36,114.4,10.611761331558228,124.28,3.06,13.27,62.1,10.586172819137571,150.91,12.39,8.95,154.4,10.628502368927002,3.69,0.0,14.19,113.2,10.67242169380188,6.68,10.67,14.72,85.6,10.569335222244264,105.21,0.0,15.23,134.3,10.676862478256226,288.9,10.03,13.28,150.2,10.642062425613403,327.48,5.75,14.56,187.4,10.678776979446411,169.1,2.43,16.63,167.4,10.742628574371338,42.54,0.0,17.33,119.7,10.76403307914734,204.26,0.85,9.33,172.5,10.812487363815308,314.3,2.38,15.09,99.2,10.813628911972046,220.25,9.88,12.56,115.5,10.837962627410889,8.88,0.08,13.36,157.7,10.837604999542236,217.44,6.49,17.7,138.3,10.877619504928589,310.61,9.91,13.96,128.0,10.841523170471191,260.68,0.0,14.87,125.9,10.861046075820925,253.3,7.62,14.45,136.1,10.853549242019652,177.54,0.0,11.44,110.0,10.85483455657959,328.8,6.56,14.97,145.7,10.848859786987305,131.66,8.01,17.07,157.2,10.858944654464722,17.58,3.62,15.38,176.5,10.862398624420166,215.24,0.94,18.62,153.3,10.877750635147097,139.83,0.0,15.68,140.0,10.904241800308228,120.23,0.88,17.21,166.9,10.94028639793396,,,,,,,,,,
146.6,9.58,0.03,0.2,9.921180725097656,161.1,4.16,2.24,22.6,10.260546684265137,161.02,10.14,8.8,87.6,10.267616271972656,330.47,0.24,6.47,54.8,10.425915241241457,179.74,4.63,8.48,115.5,10.60898232460022,149.68,0.0,3.88,105.2,10.586658477783203,82.79,3.51,11.78,119.8,10.623499631881714,169.37,11.28,16.72,97.5,10.654603004455566,125.33,0.0,8.6,62.1,10.66350269317627,44.21,1.55,13.44,104.8,10.600665092468262,127.09,7.55,12.05,174.9,10.63410234451294,74.09,6.48,16.65,122.5,10.610183000564575,93.69,3.26,17.07,95.4,10.652659893035889,304.8,12.24,14.34,110.1,10.697535037994385,302.96,1.86,9.18,79.6,10.594045162200928,30.5,3.95,9.03,137.0,10.701961755752563,206.81,0.0,7.49,100.1,10.666788101196287,243.81,0.0,9.95,79.7,10.704171180725098,80.07,0.0,13.9,108.8,10.771020889282228,311.04,10.97,15.7,112.0,10.792480945587158,109.42,11.18,15.8,104.3,10.841227054595947,213.31,0.0,10.13,149.9,10.837562084197998,111.71,1.74,12.56,113.0,10.865432024002075,261.56,10.52,13.33,152.9,10.866915941238403,97.56,3.55,12.38,142.9,10.90269660949707,184.48,1.51,14.55,101.2,10.867437839508057,130.69,11.54,13.58,161.2,10.88884139060974,118.3,0.0,9.45,127.5,10.878641605377195,36.3,1.3,17.32,134.7,10.88026237487793,180.88,0.0,8.43,145.9,10.876351833343506,336.8,0.0,11.44,95.5,10.886025667190552,224.65,8.16,17.7,153.1,10.891090393066406,52.47,9.64,15.94,184.3,10.903908967971802,329.15,2.64,15.23,175.3,10.93224549293518,303.13,7.08,18.97,173.8,10.968307733535768,,,,,,,,,,
146.6,4.01,0.02,0.1,9.9412043094635,161.19,8.96,2.25,22.7,10.28417706489563,161.02,0.05,8.75,54.9,10.291614294052124,324.49,5.89,10.97,50.4,10.45009183883667,167.87,0.0,5.16,69.9,10.6370530128479,133.07,0.84,16.9,55.6,10.610557794570925,60.64,7.39,14.22,87.9,10.648536682128906,140.54,2.16,13.2,91.2,10.67792296409607,92.9,0.0,14.42,137.7,10.69157099723816,4.31,0.0,11.64,149.7,10.628844261169434,80.42,0.0,16.03,134.2,10.666570901870728,22.94,0.0,7.94,37.7,10.6353919506073,39.64,0.0,6.35,120.0,10.678245782852173,239.24,0.84,15.57,64.9,10.726441621780396,239.68,0.0,6.13,105.5,10.622925519943236,321.94,7.0,12.2,91.1,10.729737043380736,132.01,0.53,10.21,115.0,10.696667909622192,167.43,1.14,15.58,127.5,10.73114013671875,353.14,11.68,8.8,129.3,10.798394680023192,212.7,0.0,9.77,70.6,10.816133260726929,4.04,2.82,11.34,174.9,10.8682701587677,108.72,11.86,17.5,142.0,10.865527868270874,0.0,0.0,9.05,122.2,10.890022993087769,143.0,0.0,10.7,104.9,10.88984727859497,338.91,0.0,11.37,133.7,10.931010484695436,59.15,0.0,13.54,122.5,10.897502183914185,352.71,0.75,17.48,80.3,10.913863897323608,345.23,0.53,17.65,133.9,10.907126665115356,259.45,6.94,13.47,144.8,10.909745216369627,39.11,0.6,14.41,162.0,10.90052580833435,189.76,3.65,15.77,144.7,10.91232681274414,67.85,1.65,17.14,106.2,10.91504168510437,253.74,0.0,13.08,111.3,10.930415630340576,160.84,6.33,14.78,164.0,10.957474708557127,130.17,0.0,11.82,156.3,10.992307662963867,,,,,,,,,,
146.6,0.0,0.0,-0.4,9.969220399856567,161.19,2.66,2.25,15.7,10.308210611343384,161.02,0.0,8.29,87.9,10.31502914428711,318.25,4.05,6.56,66.0,10.478193283081056,156.53,0.58,12.02,97.4,10.66296410560608,115.84,10.04,8.25,144.6,10.638007402420044,38.5,0.0,15.3,70.1,10.67492389678955,113.2,0.0,15.78,117.7,10.705969333648682,58.8,11.97,16.81,86.2,10.715891599655151,327.48,11.12,12.66,75.5,10.656254529953005,35.6,0.99,9.21,134.2,10.690978288650513,336.8,0.16,18.6,101.4,10.664355278015137,346.03,3.7,14.62,96.7,10.707527875900269,179.03,0.45,15.77,77.5,10.748312711715698,174.2,5.79,8.59,158.7,10.645182371139526,251.1,0.0,8.92,97.1,10.753605842590332,52.56,10.93,8.98,103.8,10.717590570449827,84.29,8.45,12.95,112.2,10.75561499595642,263.58,2.32,15.73,181.5,10.826648235321043,126.47,0.0,17.4,92.2,10.84054946899414,271.85,0.13,9.06,144.0,10.891750812530518,358.59,0.85,10.61,83.0,10.891382217407228,262.27,10.6,17.76,145.9,10.918283939361572,26.1,0.19,14.37,127.9,10.918339729309082,217.79,7.98,17.01,139.2,10.954927921295166,295.58,9.44,16.15,127.2,10.92242693901062,226.41,2.28,17.22,127.6,10.94292974472046,208.21,9.04,15.38,143.2,10.930625915527344,119.88,0.0,11.78,116.5,10.931657314300535,256.46,7.86,13.98,171.1,10.923781633377075,36.47,8.96,17.54,169.0,10.937440395355225,273.43,2.74,15.63,145.7,10.940022230148315,91.05,0.44,16.59,186.0,10.955785274505615,350.77,0.0,10.3,126.8,10.98543930053711,312.89,4.54,16.08,165.2,11.023976564407349,,,,,,,,,,
146.6,0.31,0.02,0.2,9.993194341659546,161.19,0.0,1.83,22.5,10.336260557174684,161.02,4.13,8.76,87.6,10.339332103729248,312.71,0.0,8.34,93.0,10.502771854400637,145.02,9.06,16.36,110.6,10.68488335609436,97.91,2.47,14.79,49.3,10.662918090820312,16.87,0.0,5.43,141.4,10.703263998031616,83.94,12.52,12.7,53.5,10.730928659439089,24.87,4.12,6.07,133.4,10.739747285842896,286.44,2.18,15.35,100.2,10.68049168586731,351.74,10.93,11.36,165.1,10.71926736831665,284.77,10.92,6.06,191.0,10.688782930374146,290.3,7.37,6.2,109.3,10.729466915130615,119.36,11.1,12.7,172.8,10.779710292816162,109.78,4.63,14.67,155.1,10.668560028076172,183.52,0.46,12.55,82.6,10.776978015899658,335.57,0.0,8.61,40.3,10.745749235153198,3.16,1.72,9.11,101.6,10.77931809425354,175.17,0.11,11.91,115.0,10.855759620666504,34.28,9.74,15.17,164.1,10.869033098220823,176.04,11.8,14.01,168.9,10.920835733413696,256.38,0.21,12.12,108.3,10.917954683303831,149.85,2.19,16.25,130.1,10.946539640426636,274.48,8.3,17.91,122.0,10.94577670097351,97.38,3.2,13.54,176.5,10.979228258132936,170.68,0.0,14.25,91.3,10.947356700897217,96.06,10.71,17.86,147.9,10.97103714942932,72.51,0.0,13.6,83.2,10.95883297920227,336.27,5.7,13.63,170.1,10.96373414993286,110.48,0.0,12.25,123.5,10.952313423156738,248.73,0.04,15.04,101.2,10.966650485992432,116.28,7.51,14.6,141.9,10.96917986869812,292.68,9.32,16.04,184.9,10.984647989273071,182.29,4.16,16.0,160.3,11.009928703308104,139.13,5.42,17.3,160.9,11.048437356948853,,,,,,,,,,
146.6,3.32,0.03,0.3,10.017594575881958,161.19,3.42,2.24,22.7,10.36084008216858,161.02,7.49,8.78,87.6,10.367575645446776,306.74,0.29,16.85,122.1,10.526882886886597,132.8,0.0,16.13,81.1,10.713971138000488,81.04,0.0,10.76,99.7,10.687073469161987,355.34,10.2,7.97,125.8,10.727674961090088,55.63,3.03,15.85,88.9,10.755680561065674,352.62,0.0,9.84,188.9,10.763791561126707,245.92,0.23,20.09,153.0,10.708834886550903,303.93,0.0,11.64,77.1,10.743600130081177,232.56,0.0,12.08,41.9,10.716980934143066,234.84,0.0,18.9,46.9,10.753257274627686,53.0,2.0,12.88,196.6,10.804621458053589,39.9,0.0,12.29,139.5,10.701106309890749,113.64,11.84,15.46,190.3,10.807504415512083,262.71,0.0,7.08,97.7,10.770119190216064,289.07,0.03,18.5,161.0,10.807140588760376,86.13,11.27,10.86,121.8,10.880182981491089,303.05,2.78,15.73,146.2,10.892468214035034,72.77,2.31,9.56,138.5,10.944255113601685,152.49,9.45,12.42,137.8,10.94892644882202,38.76,0.0,10.59,138.7,10.970661878585815,159.43,0.0,10.62,92.9,10.973944425582886,339.26,0.0,13.81,110.0,11.00704312324524,48.87,0.0,16.87,112.3,10.97483253479004,323.79,0.0,14.66,77.6,10.996880769729614,305.51,0.33,12.52,134.1,10.98300075531006,195.73,4.38,15.12,143.9,10.991753816604614,320.98,1.59,17.1,171.4,10.983988046646118,95.89,0.59,15.15,147.1,10.992085933685305,316.05,0.0,8.74,104.7,10.991674423217772,129.11,0.92,18.77,104.6,11.014355659484863,12.48,5.72,19.11,168.5,11.039902210235596,322.65,0.0,12.32,158.8,11.076436519622805,,,,,,,,,,
146.51,8.03,0.03,0.2,10.041597843170166,161.19,9.86,2.27,22.6,10.3853018283844,161.02,1.92,8.79,73.8,10.39434289932251,299.88,8.66,6.86,73.0,10.550231218338013,121.2,1.09,9.06,109.5,10.73717999458313,64.16,2.82,9.92,148.8,10.710447549819946,332.05,3.36,17.56,65.2,10.751234769821169,28.56,0.0,7.74,108.1,10.784301280975342,318.87,2.64,12.07,56.5,10.791858673095703,205.49,10.78,11.04,168.1,10.736901998519896,259.1,2.06,15.29,74.5,10.767325401306152,183.16,0.23,9.74,101.0,10.74117398262024,180.35,1.18,11.25,142.4,10.781838417053224,351.3,0.62,12.34,134.0,10.833207368850708,333.72,2.78,11.07,71.8,10.724926471710203,36.21,1.08,7.28,58.9,10.830190181732178,190.28,4.09,9.35,103.4,10.798099040985107,205.49,11.83,8.0,103.0,10.833885192871094,355.87,0.0,13.45,76.5,10.904632091522217,207.95,0.0,13.07,122.2,10.920715093612673,340.05,0.0,13.8,105.1,10.972529411315918,46.85,1.94,12.95,155.3,10.972947597503662,291.8,11.05,10.86,138.1,10.99896478652954,48.52,0.0,10.83,144.5,10.997785091400146,217.44,8.59,12.12,152.7,11.034913063049316,286.17,11.66,12.69,143.0,11.002572536468506,197.31,0.1,13.74,128.1,11.02005171775818,169.28,9.86,16.39,152.9,11.01454758644104,54.4,0.0,9.11,152.6,11.01558232307434,173.85,5.68,13.92,141.1,11.00889539718628,307.09,8.38,15.82,154.9,11.020125150680542,164.88,2.28,15.12,152.0,11.02044916152954,324.76,3.42,18.86,162.8,11.03964900970459,209.79,0.0,13.01,136.4,11.061723947525024,149.5,9.65,18.32,168.0,11.104060649871826,,,,,,,,,,
146.6,2.76,0.02,0.2,10.065632581710815,161.19,2.91,2.25,22.5,10.409297943115234,161.02,0.0,8.04,87.7,10.41924262046814,293.73,2.56,7.84,79.2,10.5746169090271,109.07,12.66,7.78,137.6,10.76620364189148,47.29,8.89,17.45,124.8,10.73717188835144,310.34,0.0,11.2,99.4,10.778907060623167,1.32,0.54,18.43,76.6,10.806820631027222,285.56,7.19,9.79,138.7,10.818758726119995,164.09,0.0,5.53,67.5,10.760826110839844,214.1,10.18,19.45,64.1,10.79656147956848,133.95,12.32,8.63,140.9,10.769397974014282,123.49,8.72,5.76,96.9,10.809133052825928,287.67,8.58,8.7,157.5,10.856555700302124,267.36,7.6,11.02,80.3,10.75397777557373,331.0,0.0,17.79,142.5,10.856247663497925,115.84,3.95,7.76,109.1,10.822082757949827,123.13,2.28,15.56,94.2,10.862882614135742,269.82,0.28,9.43,111.0,10.933432579040527,114.79,12.35,14.23,129.0,10.952153205871582,239.59,11.7,17.5,126.3,10.99623966217041,304.54,0.22,15.95,153.6,11.002458333969116,178.24,2.08,13.79,74.0,11.022888898849487,295.66,10.8,11.64,124.9,11.02743673324585,98.0,4.15,10.98,145.5,11.062012195587158,155.74,0.0,12.15,92.9,11.028505563735962,66.71,10.54,15.56,134.5,11.048056840896606,32.34,2.28,15.1,134.9,11.037769079208374,283.01,3.1,14.84,157.1,11.039550065994264,25.75,0.0,10.79,145.0,11.036221027374268,154.95,0.0,14.1,96.8,11.043811321258543,4.83,10.38,16.95,181.1,11.043663263320925,161.28,7.12,16.74,185.4,11.064650058746338,41.4,3.95,17.09,162.2,11.09022331237793,332.4,3.22,17.96,172.3,11.12877345085144,,,,,,,,,,
146.6,0.0,0.02,-0.4,10.08967924118042,161.19,0.0,1.98,22.0,10.433294773101808,161.02,2.85,8.76,87.8,10.443509817123411,287.23,0.0,5.95,55.1,10.605915069580078,96.06,2.24,10.08,106.8,10.79418921470642,29.53,2.06,10.7,99.1,10.75947093963623,287.67,5.15,7.8,129.3,10.803356170654297,335.3,10.72,10.92,138.1,10.835065841674805,251.89,0.0,6.57,84.9,10.843063354492188,127.53,0.38,6.55,121.2,10.786138772964478,168.75,0.37,11.74,112.4,10.824453592300417,81.65,2.83,7.06,96.3,10.79596185684204,70.58,2.76,6.47,179.2,10.8342444896698,226.93,1.93,10.59,159.2,10.886738061904907,201.62,0.0,5.05,100.5,10.77683973312378,256.29,12.32,10.84,115.6,10.886377096176147,39.38,0.0,6.59,58.8,10.847902297973633,42.54,0.0,7.94,129.4,10.888181447982788,183.87,11.66,11.62,185.3,10.961005926132202,15.21,2.14,12.43,145.0,10.976417303085327,137.81,0.78,15.17,96.2,11.02446150779724,198.98,8.16,9.79,135.7,11.02538514137268,72.69,0.0,9.36,174.1,11.049707412719728,176.31,0.0,10.31,84.7,11.050164461135864,339.17,0.0,13.19,164.9,11.088298082351685,34.01,0.0,12.91,172.1,11.050812005996704,294.08,0.0,12.82,112.2,11.076891422271729,259.1,0.4,15.27,127.1,11.06784462928772,142.56,5.29,16.67,167.3,11.070138216018677,243.72,2.18,14.15,132.0,11.059985399246216,6.77,0.0,13.81,173.7,11.068569898605348,212.7,0.0,14.96,98.8,11.075857639312744,357.36,0.0,9.78,115.8,11.08979058265686,238.18,6.77,16.1,149.7,11.11811065673828,157.41,0.0,12.98,179.0,11.15676975250244,,,,,,,,,,
146.6,0.75,0.03,0.2,10.113257646560667,161.19,1.9,2.24,22.5,10.456943273544312,161.02,7.62,8.75,88.0,10.467686414718628,280.55,3.34,7.25,75.2,10.62970519065857,83.94,0.0,5.33,50.5,10.81842827796936,13.18,0.0,14.71,135.0,10.791430234909058,264.81,6.08,5.4,95.2,10.82761573791504,306.04,0.0,8.47,44.5,10.858498334884644,219.99,0.0,10.44,75.5,10.868427276611328,87.98,10.11,8.09,74.0,10.809462070465088,122.78,0.52,9.01,94.6,10.850811004638672,34.37,0.0,4.55,91.7,10.815762758255005,16.35,0.0,6.61,120.6,10.858536005020142,164.88,0.3,11.12,156.9,10.91300916671753,136.76,0.78,10.93,128.3,10.803633213043211,180.79,2.14,12.45,46.3,10.911603450775146,328.1,0.41,8.68,87.2,10.869739532470703,324.14,7.88,18.53,140.4,10.91305160522461,92.64,1.55,12.81,89.6,10.986696481704712,283.89,0.33,8.88,160.8,11.00066900253296,40.43,0.0,16.56,109.4,11.0522038936615,99.4,2.3,11.98,181.6,11.051385879516602,329.06,8.86,17.42,106.5,11.077158451080322,65.04,0.14,14.37,112.5,11.078407287597656,218.06,10.83,15.49,129.0,11.116204500198364,271.58,11.08,12.64,178.4,11.082648992538452,162.77,2.49,17.72,123.6,11.103195905685425,124.1,9.47,13.75,163.8,11.092483520507812,0.35,0.0,15.61,114.3,11.09284806251526,97.03,8.78,17.94,148.3,11.090855836868286,224.12,11.09,15.47,144.0,11.09687042236328,61.17,0.0,14.38,151.9,11.100147485733032,199.34,2.24,16.42,152.6,11.118632316589355,69.61,0.0,9.85,116.5,11.143112182617188,342.16,8.11,16.17,161.4,11.184353590011597,,,,,,,,,,
146.6,7.5,0.03,0.4,10.141241550445557,161.19,10.62,2.27,22.7,10.485411643981934,161.02,2.36,8.75,87.8,10.49177360534668,274.22,9.41,9.4,86.1,10.655195951461792,72.25,1.81,15.72,98.1,10.843608617782593,355.87,11.96,8.13,102.8,10.815696954727173,243.37,0.0,8.4,110.3,10.85859513282776,279.14,0.0,7.2,106.6,10.886810064315796,186.68,11.51,16.83,149.8,10.89735460281372,50.1,3.93,11.22,86.1,10.837087154388428,79.72,11.75,13.81,117.2,10.871697187423706,347.87,0.87,15.67,130.5,10.845552444458008,323.44,2.78,10.03,100.9,10.887665748596191,103.01,10.2,8.02,164.6,10.937435388565063,68.38,10.59,12.29,155.0,10.82932162284851,110.83,0.34,15.54,184.9,10.939571380615234,255.67,11.68,10.92,119.6,10.898276805877686,240.56,3.66,9.06,116.6,10.94001817703247,7.82,0.0,11.61,106.2,11.01132106781006,193.18,11.8,10.01,97.2,11.029908418655396,303.84,12.65,17.54,100.3,11.08108377456665,355.96,0.0,14.31,112.7,11.07781457901001,219.38,3.1,15.98,164.4,11.106756687164308,312.54,10.33,16.19,119.6,11.106060981750488,92.99,2.72,15.84,133.2,11.14431929588318,141.68,0.3,11.56,115.4,11.110679388046265,31.73,9.82,15.31,145.4,11.13122820854187,346.11,0.0,15.67,109.3,11.119468927383425,228.96,1.65,13.22,178.4,11.120869636535645,313.51,0.0,7.73,102.6,11.113293409347534,66.88,2.3,15.99,144.9,11.12169599533081,267.19,11.72,14.01,146.5,11.127541780471802,36.12,8.52,16.02,164.3,11.145171642303469,272.29,2.61,16.13,167.5,11.171071767807009,166.9,2.36,16.25,160.3,11.212526559829712,,,,,,,,,,
146.6,8.72,0.03,0.3,10.161258459091188,161.19,0.48,2.24,15.5,10.509397745132446,161.02,0.0,7.09,87.1,10.516738414764404,267.36,3.02,3.35,46.2,10.677648305892944,60.29,9.72,6.46,147.1,10.866071224212646,337.59,2.6,9.35,67.2,10.840360403060911,221.57,0.54,10.82,177.1,10.883382081985474,251.02,11.72,11.79,137.9,10.915958881378174,151.35,0.83,18.56,41.7,10.923245191574097,12.13,0.0,4.45,77.5,10.862126350402832,32.26,2.76,15.73,74.4,10.90008020401001,295.75,9.56,7.35,110.1,10.869361877441406,265.25,5.94,17.36,66.7,10.90979814529419,38.67,0.65,9.16,98.9,10.964791297912598,358.77,0.0,10.15,69.2,10.855361938476562,36.39,12.5,8.84,74.5,10.963342428207396,174.81,1.2,9.93,86.6,10.92559003829956,160.93,0.0,13.08,117.2,10.964109897613524,285.91,6.39,8.47,132.0,11.0351140499115,98.96,2.98,11.27,113.7,11.052774429321287,200.04,0.0,18.29,77.7,11.104716300964355,251.19,11.41,14.94,109.9,11.105440616607666,110.3,0.0,14.72,149.8,11.128887176513672,191.95,0.0,16.46,122.3,11.134376525878906,335.39,0.0,13.22,141.5,11.168428182601929,14.68,1.98,11.72,161.1,11.135357141494753,265.17,0.0,11.65,99.1,11.156572580337524,209.36,2.55,14.78,129.2,11.148035526275637,89.47,8.6,15.06,145.5,11.14511752128601,172.0,1.06,15.34,164.5,11.141196489334106,277.73,0.0,17.47,155.1,11.150254964828491,103.8,0.0,12.06,113.0,11.15606141090393,237.66,0.0,16.92,96.6,11.167847871780396,104.15,8.12,16.94,174.8,11.200016736984251,351.91,0.0,16.82,175.0,11.241005897521973,,,,,,,,,,
146.6,2.54,0.01,0.1,10.185312509536743,161.19,0.0,2.18,22.5,10.533411502838137,161.02,3.18,8.79,87.5,10.540896892547607,260.77,0.0,5.24,104.3,10.704499006271362,48.52,2.51,8.99,81.8,10.892548561096191,321.06,0.0,3.51,134.0,10.868772745132446,198.72,8.85,14.66,115.0,10.911372661590576,222.01,1.61,12.73,78.7,10.94011688232422,118.39,0.08,7.53,149.8,10.948537349700928,335.92,0.26,7.48,70.4,10.886347770690918,349.1,0.0,17.09,122.2,10.92846655845642,245.39,0.0,15.68,51.0,10.89829134941101,210.32,0.0,6.3,93.9,10.934148073196411,342.42,0.0,17.07,82.1,10.9888334274292,292.68,0.97,8.67,74.4,10.883966445922852,327.57,3.46,18.36,174.6,10.992684125900269,102.3,0.0,12.38,105.4,10.95379900932312,77.34,5.35,11.44,152.3,10.99463939666748,199.69,5.03,14.83,190.3,11.064099311828612,6.59,0.0,10.61,84.2,11.079104661941528,105.38,0.42,9.08,162.3,11.13214373588562,142.47,0.0,9.73,107.8,11.132407426834106,358.42,11.19,11.05,180.2,11.156355142593384,77.52,3.16,12.44,161.9,11.159001588821411,213.57,11.74,14.23,162.7,11.19646668434143,252.42,8.81,13.23,160.3,11.163103580474854,139.22,0.34,13.57,140.8,11.1850745677948,73.04,8.58,14.01,128.4,11.171549797058104,312.1,0.0,14.6,109.9,11.172892808914185,24.43,10.4,13.07,149.4,11.165489435195925,124.54,11.05,13.71,154.5,11.178569078445436,304.1,1.61,18.11,159.0,11.18026876449585,81.74,0.25,17.92,162.8,11.19638991355896,293.64,0.0,12.84,148.6,11.22408151626587,176.84,10.85,19.1,172.9,11.26500129699707,,,,,,,,,,
146.6,0.0,-0.01,-0.3,10.213486909866331,161.19,3.28,2.24,22.5,10.56152844429016,161.02,8.71,8.78,87.4,10.565441846847534,254.0,2.8,8.52,113.1,10.729886531829834,37.79,0.0,9.04,133.9,10.913676023483276,303.75,4.32,10.66,56.0,10.892677783966064,175.96,0.0,10.55,81.5,10.935481309890749,194.41,0.04,18.71,77.8,10.965027570724487,84.37,7.97,12.97,114.5,10.971652507781982,298.83,8.64,10.24,83.3,10.915379524230955,302.43,7.55,11.89,173.5,10.9558424949646,195.64,1.04,14.04,86.9,10.922366619110107,158.03,1.15,12.84,87.4,10.961663007736206,281.07,6.16,15.46,91.4,11.017395734786987,229.31,11.06,7.13,125.1,10.909137725830078,254.09,0.0,7.71,119.9,11.01750922203064,22.15,7.2,12.91,136.1,10.977444410324097,356.04,4.52,10.69,96.2,11.016339778900146,111.8,0.0,10.95,103.9,11.093296527862549,282.57,3.2,18.59,112.3,11.10546326637268,8.26,5.98,9.58,147.4,11.156638860702516,40.43,0.14,10.21,172.0,11.157787799835203,243.37,1.33,15.44,80.3,11.184576272964478,324.84,7.68,12.12,149.0,11.186884880065918,88.86,1.74,13.76,116.7,11.224539756774902,127.35,0.0,13.2,117.1,11.188950777053831,7.12,12.12,18.51,124.5,11.209202527999878,300.76,0.0,17.05,105.5,11.197394609451294,171.47,2.76,15.9,138.1,11.200299501419067,235.46,0.0,12.1,124.2,11.197411298751833,324.49,0.0,14.76,108.7,11.202252388000488,146.25,7.75,15.34,177.4,11.21071457862854,282.22,11.52,15.72,157.8,11.224862813949583,125.51,3.92,16.46,191.1,11.25352382659912,354.73,0.81,17.4,121.9,11.292561769485474,,,,,,,,,,
146.6,2.82,0.02,0.3,10.2334566116333,161.19,9.3,2.27,22.5,10.58610987663269,161.02,2.24,8.79,62.6,10.588902950286863,246.88,6.75,12.15,111.2,10.757522821426392,26.54,2.63,5.04,59.3,10.941972732543944,286.44,5.6,8.78,164.3,10.917556285858154,154.69,0.64,7.21,83.6,10.95955753326416,167.52,11.3,7.5,104.6,10.99462914466858,50.36,4.24,19.19,81.9,10.999532222747805,259.28,3.37,10.11,83.4,10.939680576324465,255.59,2.28,16.28,98.4,10.98100972175598,146.43,11.82,9.63,161.5,10.950845003128052,103.54,10.01,9.59,160.8,10.990100622177124,220.52,4.98,8.91,176.2,11.040977239608765,162.33,2.09,15.13,74.7,10.93354558944702,183.34,11.63,10.38,106.2,11.045550107955933,306.74,2.52,9.94,97.4,11.00227952003479,275.01,0.0,9.17,140.8,11.044148921966553,21.62,3.03,8.46,98.4,11.113044023513794,188.26,6.32,16.19,89.3,11.129019498825071,279.58,4.11,18.23,121.6,11.181267499923706,298.04,11.08,18.13,120.0,11.18553352355957,138.78,0.0,11.15,112.5,11.21327018737793,209.18,0.0,9.1,103.4,11.210829973220823,330.21,0.58,13.7,149.8,11.24855923652649,0.09,0.0,14.93,135.8,11.21325159072876,240.12,0.34,13.91,80.7,11.23465871810913,163.92,0.71,14.38,163.1,11.227362155914308,29.09,9.39,17.37,166.9,11.229625940322876,89.38,1.8,13.38,143.8,11.221434116363524,171.21,1.92,17.64,156.7,11.233804702758787,346.82,0.0,10.51,120.9,11.232524633407593,114.26,0.0,13.92,117.5,11.252472162246704,314.3,5.42,14.82,182.5,11.276538848876951,179.74,2.9,17.94,176.4,11.320772886276243,,,,,,,,,,
146.6,10.8,0.03,0.3,10.26149582862854,161.19,1.93,2.25,19.6,10.61027479171753,161.02,0.0,8.39,87.0,10.616955041885376,240.03,0.0,5.92,80.0,10.78219723701477,15.91,12.23,13.66,150.0,10.969945669174194,269.38,0.0,6.52,67.3,10.94071364402771,134.3,11.8,12.44,81.7,10.988418579101562,139.31,2.42,11.19,63.9,11.016573667526243,18.11,0.0,11.65,48.2,11.02816891670227,220.43,0.0,5.09,149.8,10.964365243911743,211.11,0.0,8.61,146.2,11.00519585609436,94.66,3.3,7.64,190.3,10.975392580032349,45.18,2.39,14.86,82.2,11.01400351524353,160.84,0.0,6.03,122.3,11.066792964935305,97.47,0.0,15.25,102.5,10.962896823883057,108.11,2.39,14.5,182.5,11.074709415435793,233.88,0.0,7.02,113.7,11.026812314987184,194.85,3.85,9.65,76.8,11.068395614624023,301.64,8.29,8.56,139.0,11.140258312225342,97.38,0.0,17.29,98.2,11.154589653015137,180.35,0.0,13.31,146.4,11.212430715560911,189.05,0.0,13.63,90.2,11.213319301605225,27.69,10.74,13.67,159.3,11.24193787574768,98.35,0.0,16.28,168.9,11.239997386932371,209.36,9.74,16.98,166.3,11.279889345169067,242.75,10.23,13.33,156.9,11.241191387176514,115.58,0.02,15.68,132.2,11.262927293777466,27.07,9.73,12.64,149.9,11.24915862083435,253.13,0.0,9.2,90.5,11.253912687301636,305.16,8.08,16.24,145.7,11.250032901763916,17.58,8.58,15.01,137.3,11.258228778839111,188.17,4.44,14.59,155.1,11.264267444610596,308.32,2.51,16.05,188.8,11.280699968338013,146.69,0.0,10.63,135.7,11.303332090377808,3.69,10.47,16.87,161.3,11.344857931137083,,,,,,,,,,
146.6,3.5,0.02,0.1,10.281470537185667,161.19,0.0,1.84,22.4,10.634267330169678,161.02,2.38,8.76,87.8,10.64428448677063,233.26,1.16,10.14,89.4,10.810512781143188,3.34,3.87,8.38,141.8,10.990237474441528,252.69,0.27,14.18,112.1,10.968780755996704,111.62,2.65,12.79,126.8,11.011467456817629,112.15,0.0,15.33,117.1,11.048491954803469,345.41,3.35,7.27,102.8,11.05136013031006,182.02,3.34,16.06,151.0,10.990427255630491,167.43,6.87,7.05,114.5,11.033187866210938,45.44,0.0,4.33,103.7,10.998340368270874,351.83,0.0,7.25,128.5,11.041858673095703,100.81,2.48,10.76,81.6,11.095941066741943,30.67,9.14,8.53,90.8,10.98541522026062,33.49,0.0,8.92,84.1,11.099056243896484,159.17,1.72,9.24,87.9,11.056563377380373,118.48,8.55,16.18,152.7,11.097346782684326,216.12,0.7,16.49,116.1,11.163222074508669,9.76,0.0,9.23,113.1,11.182350635528564,81.65,3.06,16.55,113.0,11.236239194869995,88.68,0.69,15.92,119.8,11.237106800079346,276.5,0.0,17.1,74.7,11.26636266708374,346.46,8.62,12.09,172.6,11.26373553276062,89.03,2.3,14.51,135.8,11.304524183273315,113.55,0.0,11.2,84.5,11.269035816192629,342.42,10.5,14.03,122.5,11.290852546691896,254.79,0.0,9.96,100.2,11.280546188354492,123.66,0.13,17.46,179.7,11.278827905654907,158.99,0.0,10.52,125.4,11.273461103439333,229.31,0.0,15.7,107.2,11.286543607711792,30.94,7.1,14.46,153.5,11.288249731063845,146.25,7.25,16.17,188.0,11.304638624191284,336.27,3.06,14.32,141.2,11.3318772315979,195.82,0.0,17.5,125.1,11.37281084060669,,,,,,,,,,
146.6,0.0,0.0,-0.3,10.305532693862917,161.19,3.09,2.25,22.4,10.658324003219604,161.02,9.68,8.77,87.6,10.668752431869509,226.05,10.35,8.73,87.3,10.835203409194946,352.88,0.0,6.7,82.7,11.018310070037842,234.67,8.68,11.89,108.0,10.998274087905884,88.24,0.0,10.91,135.6,11.03939175605774,83.14,9.65,10.1,71.4,11.073014974594116,312.1,10.95,9.55,129.8,11.079738855361938,142.12,5.83,9.86,162.6,11.016545295715332,123.13,6.01,7.08,177.0,11.057153701782228,356.92,3.2,5.78,116.5,11.025493144989014,296.46,12.45,6.06,103.1,11.067406415939333,39.2,10.04,18.17,117.5,11.117791652679443,330.12,6.99,7.13,97.0,11.009364366531372,328.01,3.14,15.33,150.4,11.124051332473757,86.66,11.23,8.6,88.1,11.078456401824951,34.01,1.83,10.45,63.8,11.121330261230469,128.14,3.52,14.47,108.0,11.19443964958191,285.29,9.02,10.21,106.7,11.210798740386965,343.92,5.54,16.24,104.1,11.264198064804075,346.11,10.15,9.7,159.1,11.265746355056764,171.21,0.11,14.45,152.4,11.294098615646362,229.66,0.0,15.0,71.9,11.29235029220581,330.82,1.59,15.14,122.0,11.332744598388672,349.89,0.45,14.92,136.0,11.293034076690674,206.37,0.0,16.59,103.7,11.31584930419922,125.16,1.94,15.21,180.6,11.305026292800903,341.72,10.72,14.04,136.4,11.307581424713137,9.93,0.06,16.16,144.8,11.299938917160034,77.52,1.4,16.58,154.6,11.310195684432983,237.13,0.0,9.98,120.3,11.31623601913452,341.02,0.0,11.98,139.7,11.333516120910645,167.78,3.51,16.0,160.5,11.359907388687134,20.65,0.75,17.82,179.7,11.401057004928589,,,,,,,,,,
146.6,0.44,0.01,0.2,10.333537817001345,161.19,8.04,2.26,22.6,10.686399698257446,161.02,2.81,8.76,87.2,10.692575454711914,219.55,2.29,10.0,128.1,10.86400270462036,341.46,1.59,16.13,110.3,11.042897939682009,217.09,0.0,13.27,73.1,11.02452278137207,66.36,11.46,10.3,124.8,11.068065404891968,56.34,6.7,14.43,97.3,11.095086097717283,277.12,0.0,7.17,67.1,11.106287479400637,103.45,0.0,8.87,122.6,11.046306610107422,78.13,0.0,7.71,52.0,11.081576824188232,306.39,7.06,8.05,136.6,11.050922870635986,238.54,2.7,12.54,60.6,11.094072818756104,335.39,0.0,8.61,44.3,11.14217472076416,267.1,1.26,6.54,84.3,11.033660173416138,253.48,3.53,8.64,101.4,11.15177035331726,13.27,2.89,8.11,107.3,11.105979204177856,316.32,0.0,12.02,145.3,11.149387121200562,37.71,9.38,9.16,104.8,11.220149755477903,191.16,3.04,9.41,135.6,11.234818935394289,243.72,0.0,11.05,186.1,11.290029764175417,240.21,1.48,17.97,65.6,11.292935609817505,61.17,11.74,12.61,177.2,11.31790256500244,120.5,0.2,10.92,111.8,11.316951274871826,209.71,9.26,14.07,162.6,11.35723614692688,224.21,9.14,15.86,137.2,11.320760011672974,76.03,0.68,16.04,133.0,11.342352390289308,346.03,9.2,17.44,147.1,11.33300232887268,194.15,0.0,16.94,111.6,11.336305141448976,233.26,9.21,16.39,154.6,11.325045585632324,288.28,8.18,14.04,137.7,11.338037967681885,86.13,0.42,14.99,152.1,11.340722799301147,178.33,3.05,18.74,157.8,11.36087131500244,358.24,0.0,12.89,164.0,11.388835668563845,211.82,7.84,19.04,175.9,11.429694175720217,,,,,,,,,,
146.6,5.56,0.02,0.3,10.357531070709229,161.19,2.11,2.25,22.5,10.709927797317505,161.02,0.0,7.57,84.1,10.71653938293457,212.52,0.15,16.97,81.5,10.888776063919067,328.8,7.2,11.38,105.3,11.072873592376707,200.21,1.04,10.87,98.6,11.048719882965088,42.89,3.0,11.87,150.4,11.094995260238647,29.09,0.0,6.12,86.0,11.118467569351196,245.04,0.0,15.55,116.1,11.13089394569397,63.81,0.64,9.72,68.6,11.070761442184448,36.47,0.0,13.51,169.2,11.105215787887571,255.94,0.0,10.16,82.5,11.078945636749268,184.31,0.0,9.34,86.6,11.11841368675232,276.94,0.48,13.25,161.5,11.173792123794556,204.26,0.0,11.56,154.7,11.05798625946045,183.08,0.0,13.0,108.7,11.176487922668455,300.15,0.0,5.74,97.1,11.129875183105469,232.82,9.68,10.1,97.0,11.174277305603027,315.0,2.06,12.46,104.8,11.246962070465088,100.63,0.0,7.31,123.2,11.260016679763794,145.72,7.97,9.91,134.7,11.31658124923706,140.36,0.01,17.55,115.9,11.322036743164062,310.08,1.89,14.01,59.0,11.346319198608398,2.55,9.99,12.0,139.2,11.340030670166016,89.12,1.98,12.48,86.7,11.386332273483276,98.53,0.0,14.9,91.6,11.348231077194214,308.41,8.76,15.79,130.5,11.366650104522703,209.44,0.0,13.69,87.5,11.358045101165771,53.96,1.6,13.35,145.0,11.360674619674684,86.92,1.96,14.5,165.7,11.352944135665894,136.05,0.0,10.33,109.0,11.36240267753601,291.97,7.76,15.49,166.8,11.370153903961182,13.8,6.88,16.27,165.8,11.38535737991333,189.05,6.64,17.11,182.7,11.413396835327148,37.53,1.67,15.98,153.6,11.453702211380005,,,,,,,,,,
146.6,9.46,0.03,0.2,10.381530523300173,161.19,0.0,1.98,22.4,10.733891487121582,161.02,3.07,8.78,87.7,10.741252183914185,205.66,11.52,7.79,84.6,10.912627696990969,316.14,0.0,9.39,73.4,11.09438943862915,183.43,12.37,12.0,125.4,11.077279567718506,20.57,0.0,7.84,85.7,11.119319677352903,3.69,0.0,5.43,145.0,11.146640062332152,209.88,12.0,19.34,152.9,11.159539937973022,27.42,10.03,12.96,190.1,11.095555782318115,351.21,12.01,6.41,144.4,11.137212753295898,205.75,2.44,13.87,56.4,11.103206396102903,131.92,2.88,19.1,63.8,11.14249348640442,213.57,9.28,13.42,160.2,11.202310562133787,136.85,11.44,15.6,167.3,11.09011459350586,110.39,3.24,8.21,120.3,11.199506044387816,227.2,2.92,8.58,96.3,11.154452085494995,153.28,2.07,16.13,142.1,11.20296049118042,225.35,3.0,18.76,140.1,11.271593570709229,8.7,0.93,14.62,179.5,11.288318395614624,48.87,6.02,12.84,162.2,11.341687202453612,34.37,11.0,11.93,129.4,11.345373392105104,204.08,0.28,11.15,184.6,11.373009204864502,255.5,2.33,11.31,175.5,11.371849060058594,335.65,0.31,14.45,124.8,11.410329341888428,340.75,0.2,14.99,177.5,11.376484155654907,177.01,0.0,12.69,89.7,11.397984266281128,78.66,0.15,13.72,124.9,11.387288808822632,276.94,8.59,14.73,139.7,11.38909363746643,303.93,0.38,15.28,180.3,11.38129186630249,341.02,1.98,13.89,156.4,11.389886379241943,134.82,0.0,11.73,119.9,11.393505096435549,216.39,0.0,11.47,131.5,11.41557788848877,19.78,4.49,15.8,192.8,11.4424409866333,228.78,0.71,17.3,158.1,11.481305360794067,,,,,,,,,,
146.6,2.58,0.02,0.2,10.405936002731323,161.19,2.76,2.26,22.5,10.76190710067749,161.02,9.61,8.81,88.0,10.765358209609984,199.07,3.14,10.05,49.3,10.942142248153688,304.28,0.45,11.19,166.1,11.122093200683594,165.06,0.0,11.78,92.7,11.106748819351196,0.0,1.72,14.52,69.6,11.13852572441101,337.68,4.0,13.68,172.9,11.170627117156982,174.64,0.82,10.3,56.6,11.184373378753662,346.2,1.46,8.9,91.3,11.119900941848757,304.54,1.42,17.26,45.7,11.16181778907776,156.62,10.66,12.17,163.3,11.132024765014648,76.46,8.59,9.19,128.3,11.168673992156982,151.35,0.0,10.16,110.9,11.22689151763916,65.65,2.08,7.75,51.9,11.11478567123413,38.85,6.26,13.1,92.9,11.227999925613403,156.18,8.37,8.14,71.9,11.178814172744753,70.75,0.0,13.08,92.0,11.225441932678224,137.99,8.13,9.78,88.9,11.295677661895752,281.07,7.85,14.9,129.6,11.31139612197876,312.8,0.0,8.41,156.5,11.365240812301636,288.11,0.0,12.82,89.1,11.373420715332031,94.83,11.48,14.07,126.7,11.401705980300903,141.5,0.0,12.62,140.5,11.400254487991331,215.07,10.87,14.35,160.9,11.43862247467041,214.19,9.96,11.46,155.5,11.400615215301514,51.59,0.0,14.7,158.8,11.42270541191101,306.04,10.15,12.05,171.2,11.412260293960571,136.41,0.0,13.41,135.8,11.41118097305298,156.18,10.15,14.56,149.5,11.410116195678713,188.0,5.83,14.67,144.0,11.418664932250977,334.69,0.83,14.59,154.0,11.422701835632324,53.61,1.96,16.13,189.6,11.439525365829468,217.09,0.0,13.64,179.0,11.4633207321167,53.88,11.22,18.6,178.0,11.505746603012083,,,,,,,,,,
146.51,0.0,-0.02,-0.2,10.429898500442505,161.19,8.46,2.27,22.6,10.785946369171144,160.93,2.49,8.76,87.9,10.789280891418455,192.22,0.0,4.06,100.9,10.966026306152344,291.97,7.73,9.75,130.3,11.150107622146606,147.92,1.58,10.8,103.5,11.128223896026611,339.08,10.82,12.63,104.7,11.169376611709597,309.46,4.05,7.61,166.4,11.19898247718811,141.5,0.92,6.35,157.9,11.212597846984863,309.2,0.0,6.08,143.5,11.148085832595823,259.37,0.07,15.31,108.9,11.190097570419312,102.83,0.0,13.38,89.4,11.155822277069092,22.32,2.44,13.68,69.8,11.19448471069336,88.68,1.65,8.05,130.0,11.249619245529177,4.13,0.0,9.37,62.1,11.138648271560667,330.91,0.0,9.83,96.7,11.25222396850586,83.76,3.2,10.18,69.9,11.203143119812012,351.91,6.01,11.17,141.4,11.249258279800417,54.4,2.88,9.23,105.4,11.320541620254517,187.03,0.0,9.34,106.6,11.335490942001345,216.3,2.9,15.52,142.1,11.393223285675049,187.47,0.17,9.89,149.5,11.398014068603516,344.0,1.56,10.89,68.2,11.42650270462036,24.17,11.23,11.94,130.3,11.424223184585571,89.91,1.91,15.85,148.5,11.463008165359495,89.21,2.35,14.88,143.3,11.430931806564333,283.54,9.58,15.5,142.7,11.44829797744751,164.18,0.0,14.48,109.6,11.44055700302124,354.2,3.34,15.76,137.7,11.442789554595947,2.55,1.83,18.16,143.8,11.43333101272583,34.8,0.0,10.95,133.1,11.446831226348875,177.1,7.22,14.78,147.0,11.44675087928772,254.88,6.72,16.73,163.6,11.469147205352783,48.87,6.69,15.77,150.0,11.492154121398926,238.1,0.0,12.67,127.0,11.533372402191162,,,,,,,,,,
146.6,1.16,0.02,0.2,10.45389485359192,161.19,2.44,2.25,16.3,10.810688495635986,161.02,0.0,6.71,85.1,10.815735816955566,185.63,2.78,10.26,165.5,10.994375228881836,280.02,0.0,7.4,56.2,11.174109935760498,130.52,10.35,13.18,104.2,11.16064739227295,315.7,0.0,12.43,63.1,11.198103427886965,281.51,0.0,8.66,122.2,11.224432945251465,107.84,11.39,9.33,101.1,11.23740816116333,269.91,5.49,15.29,203.7,11.172061681747437,213.22,11.32,14.75,142.4,11.218186616897585,52.29,1.17,16.36,57.7,11.18530011177063,329.5,0.0,10.58,149.8,11.223115921020508,29.53,12.01,13.97,112.0,11.27739667892456,306.47,2.17,13.45,71.7,11.16391372680664,262.44,0.14,9.19,83.9,11.27658224105835,9.49,0.0,5.71,85.4,11.227529287338257,267.8,2.62,9.75,106.5,11.28139591217041,331.26,0.0,9.84,183.2,11.350140810012816,96.94,3.01,15.4,157.6,11.364552021026611,117.86,5.65,10.85,186.6,11.421938180923462,86.75,9.12,13.28,175.7,11.422531604766846,237.04,0.42,15.76,157.7,11.455567836761476,267.98,2.1,14.96,105.7,11.452147483825684,331.08,0.28,13.06,173.0,11.49262237548828,326.43,0.8,13.09,153.9,11.453304290771484,153.37,1.28,14.12,102.0,11.47617244720459,26.89,1.49,14.3,140.3,11.469096660614014,212.78,5.96,17.09,165.6,11.47049641609192,225.7,0.28,15.22,128.5,11.461241722106934,246.53,2.39,15.16,136.7,11.474956274032593,18.02,0.0,10.18,113.3,11.47433853149414,92.37,0.0,12.41,122.2,11.490320682525637,244.86,3.98,16.58,157.5,11.51980471611023,64.16,0.52,17.8,182.5,11.557392835617064,,,,,,,,,,
146.51,8.49,0.02,0.3,10.477933883666992,161.19,0.0,1.61,22.1,10.834203720092772,161.02,1.08,8.76,87.9,10.84157943725586,178.59,3.6,9.59,97.2,11.017940044403076,268.77,0.0,8.41,108.4,11.198752403259276,111.88,0.0,9.29,87.7,11.184730291366575,293.55,0.29,15.15,85.7,11.223421335220335,253.48,1.53,10.39,166.1,11.252188444137571,72.6,3.04,19.58,117.4,11.264504671096802,228.96,3.96,16.72,136.2,11.199803829193115,165.59,0.0,11.24,57.7,11.242817878723145,3.34,7.71,7.5,144.8,11.205235004425049,272.29,11.1,6.83,122.5,11.25167727470398,325.72,1.64,12.53,59.0,11.302516222000122,240.47,10.11,7.19,84.6,11.18691349029541,194.68,8.41,15.59,147.8,11.300466775894163,303.13,1.57,9.52,75.7,11.253027439117432,188.09,0.0,15.72,143.6,11.305519104003906,245.13,5.21,18.25,125.3,11.375848770141602,4.31,11.78,11.68,109.9,11.389936447143556,16.87,0.0,9.85,106.5,11.4501793384552,344.09,2.42,18.59,111.3,11.453187704086304,129.02,9.22,11.74,180.7,11.479357242584229,152.67,2.89,14.79,119.7,11.47762131690979,209.97,8.44,14.08,116.2,11.51791262626648,200.39,9.82,13.48,137.6,11.480741262435911,21.27,0.03,14.24,168.9,11.504094362258911,254.62,8.19,12.52,141.0,11.492905378341677,72.07,0.0,9.32,98.0,11.49115228652954,79.45,11.35,15.91,171.1,11.487353563308716,93.6,8.45,14.29,144.6,11.498894453048706,225.26,3.37,15.38,150.5,11.50224995613098,294.08,0.85,15.75,186.6,11.51962184906006,76.64,0.0,13.04,139.2,11.547393798828123,254.44,8.52,15.54,183.5,11.585408449172974,,,,,,,,,,
146.51,6.63,0.02,0.3,10.505470514297484,161.19,2.73,2.26,22.5,10.860568046569824,161.02,9.18,8.81,87.9,10.866662979125977,171.74,0.0,5.66,52.4,11.043620824813845,256.9,12.87,8.6,47.4,11.226961374282835,94.75,0.14,8.34,88.0,11.208738565444946,270.97,10.2,12.3,66.2,11.250956296920776,225.0,6.91,11.12,175.8,11.27667474746704,38.67,0.0,5.48,104.6,11.289302349090576,189.05,0.0,9.06,111.3,11.226439476013184,121.29,3.27,12.38,80.9,11.266997575759888,316.93,5.96,8.7,114.1,11.234760761260986,215.33,2.03,9.43,101.6,11.275596618652344,264.81,0.03,14.59,63.8,11.329774856567385,175.25,2.4,8.19,92.1,11.214607238769531,122.08,2.63,11.4,124.8,11.332783699035645,230.19,12.48,7.27,98.4,11.277361869812012,105.21,11.24,7.69,89.2,11.334622621536257,156.88,3.45,8.58,121.8,11.404308795928957,273.16,1.84,11.88,93.9,11.419435262680054,284.41,1.17,12.14,172.4,11.474303007125854,238.54,0.0,10.65,135.6,11.477535486221312,16.79,2.16,13.87,138.9,11.50797438621521,37.27,10.1,10.17,179.2,11.50694751739502,89.91,1.43,15.62,89.5,11.54601764678955,75.59,2.09,14.5,69.3,11.507547616958618,254.88,10.96,12.57,179.5,11.5278582572937,118.56,0.0,11.55,110.6,11.520371675491331,306.04,0.05,15.58,159.6,11.520620584487917,290.04,1.41,13.32,96.5,11.509968280792236,305.51,0.0,10.95,125.1,11.526816606521606,67.68,8.32,15.87,180.7,11.530141353607178,130.61,7.43,18.14,159.3,11.54440975189209,273.16,5.24,18.96,166.2,11.571902751922607,80.42,1.86,17.92,107.0,11.614020586013794,,,,,,,,,,
146.6,2.35,0.02,0.2,10.529508352279665,161.19,9.2,2.27,22.6,10.884536981582642,161.02,2.34,8.8,87.5,10.89418601989746,165.5,1.34,8.42,94.7,11.067116260528564,244.51,3.18,14.25,102.9,11.25296187400818,78.49,4.15,5.0,116.4,11.232529878616331,247.59,1.27,7.58,72.4,11.275299072265623,196.26,0.0,11.81,101.0,11.304956197738647,5.89,2.62,13.37,120.7,11.313787698745728,150.64,7.06,7.09,141.6,11.25207257270813,76.46,12.75,7.97,111.6,11.295060634613035,266.92,0.0,7.05,48.8,11.256606101989746,161.46,0.0,16.61,89.8,11.300171852111816,203.99,11.92,16.33,171.5,11.35806369781494,112.94,0.0,8.74,113.4,11.239527702331545,48.87,0.0,11.36,78.9,11.35684585571289,154.95,3.23,7.57,81.7,11.30231785774231,23.2,6.28,15.54,164.1,11.357414245605469,71.46,0.0,5.15,101.6,11.428319215774536,182.55,0.0,12.67,173.7,11.44089388847351,184.66,6.36,8.86,158.9,11.5024516582489,134.3,11.4,15.39,132.3,11.506067752838137,270.7,0.06,12.8,181.0,11.532849073410034,280.11,0.0,11.04,100.7,11.535335302352903,336.27,0.02,13.51,128.1,11.570560455322266,316.67,0.0,13.11,156.5,11.53270149230957,118.83,0.0,16.37,105.5,11.557416915893556,340.22,3.63,15.62,145.1,11.546467781066896,165.59,10.86,14.23,139.0,11.548690557479858,149.59,0.44,14.22,142.0,11.540380716323853,152.67,2.04,13.67,137.9,11.550889015197754,274.13,0.0,16.18,111.0,11.554503917694092,326.16,0.0,13.03,131.7,11.575289726257324,105.12,3.36,19.18,169.8,11.600147008895874,270.79,1.91,17.38,178.7,11.642497539520264,,,,,,,,,,
146.51,0.0,0.02,0.3,10.549564361572266,161.19,2.8,2.25,22.4,10.909465074539185,161.02,0.0,7.18,85.5,10.91859483718872,158.82,12.49,9.8,127.7,11.093717336654665,231.86,0.0,12.41,89.3,11.281924486160278,61.52,9.21,8.44,131.6,11.258657693862917,226.76,0.0,11.28,168.9,11.299407243728638,168.22,5.36,18.15,96.7,11.32880187034607,333.37,7.2,16.75,123.9,11.341787338256836,112.06,4.56,17.07,154.6,11.276337146759031,30.5,3.24,14.58,186.6,11.32115387916565,218.76,1.03,16.99,121.8,11.281282901763916,107.14,9.47,8.83,165.5,11.328257083892822,139.75,0.0,18.22,52.0,11.386631965637209,46.05,3.02,9.0,183.8,11.264640808105469,339.61,3.4,17.25,192.8,11.385355710983276,82.53,0.0,5.4,64.8,11.326488256454468,302.96,0.0,6.42,99.8,11.383174896240234,346.99,0.72,15.59,189.1,11.453425407409668,89.56,11.97,14.03,136.0,11.472471237182615,90.26,1.0,12.52,95.8,11.52619481086731,23.55,2.2,9.97,93.1,11.529510974884031,161.28,8.7,12.44,154.2,11.55819296836853,164.71,3.07,12.69,99.9,11.56031322479248,214.89,10.74,13.76,108.2,11.598382949829102,191.16,10.15,11.63,159.2,11.561774015426636,347.08,2.02,13.41,157.4,11.586791276931764,203.73,7.01,14.22,134.9,11.572968006134031,18.54,0.0,17.65,89.2,11.572354078292848,0.7,11.08,13.27,152.0,11.566011905670166,358.15,6.3,14.72,143.9,11.579156875610352,116.37,3.68,14.54,155.0,11.582154512405396,163.13,3.08,14.94,185.1,11.598738193511965,294.7,0.0,14.21,166.5,11.624597072601318,96.68,10.46,17.62,185.4,11.66649866104126,,,,,,,,,,
